ISO-10303-21;
HEADER;
/* Generated by software containing ST-Developer
 * from STEP Tools, Inc. (www.steptools.com) 
 */

FILE_DESCRIPTION(
/* description */ (''),
/* implementation_level */ '2;1');

FILE_NAME(
/* name */ 'Tool_Holder_Magnet_Jig.step',
/* time_stamp */ '2026-04-26T15:41:07-07:00',
/* author */ (''),
/* organization */ (''),
/* preprocessor_version */ 'ST-DEVELOPER v20.1',
/* originating_system */ 'Autodesk Translation Framework v14.24.0.0',
/* authorisation */ '');

FILE_SCHEMA (('AUTOMOTIVE_DESIGN { 1 0 10303 214 3 1 1 }'));
ENDSEC;

DATA;
#10=MECHANICAL_DESIGN_GEOMETRIC_PRESENTATION_REPRESENTATION('',(#48,#49,
#50,#51),#9380);
#11=(
BOUNDED_SURFACE()
B_SPLINE_SURFACE(3,2,((#8862,#8863,#8864),(#8865,#8866,#8867),(#8868,#8869,
#8870),(#8871,#8872,#8873),(#8874,#8875,#8876),(#8877,#8878,#8879)),
 .UNSPECIFIED.,.F.,.F.,.F.)
B_SPLINE_SURFACE_WITH_KNOTS((4,2,4),(3,3),(0.21623410870037,0.288773333820764,
0.361312558941157),(0.,1.),.UNSPECIFIED.)
GEOMETRIC_REPRESENTATION_ITEM()
RATIONAL_B_SPLINE_SURFACE(((1.,0.941491880289889,1.),(1.,0.928333976350442,
1.),(1.,0.912793509434557,1.),(1.,0.877688677018937,1.),(1.,0.858128465575464,
1.),(1.,0.837121527726467,1.)))
REPRESENTATION_ITEM('')
SURFACE()
);
#12=ORIENTED_CLOSED_SHELL('',*,#5517,.F.);
#13=BREP_WITH_VOIDS('Body1',#5518,(#12));
#14=ITEM_DEFINED_TRANSFORMATION($,$,#5822,#5855);
#15=ITEM_DEFINED_TRANSFORMATION($,$,#5822,#5856);
#16=ITEM_DEFINED_TRANSFORMATION($,$,#5554,#6007);
#17=ITEM_DEFINED_TRANSFORMATION($,$,#5643,#6008);
#18=ITEM_DEFINED_TRANSFORMATION($,$,#5821,#6009);
#19=(
REPRESENTATION_RELATIONSHIP($,$,#9404,#9403)
REPRESENTATION_RELATIONSHIP_WITH_TRANSFORMATION(#14)
SHAPE_REPRESENTATION_RELATIONSHIP()
);
#20=(
REPRESENTATION_RELATIONSHIP($,$,#9404,#9403)
REPRESENTATION_RELATIONSHIP_WITH_TRANSFORMATION(#15)
SHAPE_REPRESENTATION_RELATIONSHIP()
);
#21=(
REPRESENTATION_RELATIONSHIP($,$,#9401,#9400)
REPRESENTATION_RELATIONSHIP_WITH_TRANSFORMATION(#16)
SHAPE_REPRESENTATION_RELATIONSHIP()
);
#22=(
REPRESENTATION_RELATIONSHIP($,$,#9402,#9400)
REPRESENTATION_RELATIONSHIP_WITH_TRANSFORMATION(#17)
SHAPE_REPRESENTATION_RELATIONSHIP()
);
#23=(
REPRESENTATION_RELATIONSHIP($,$,#9403,#9400)
REPRESENTATION_RELATIONSHIP_WITH_TRANSFORMATION(#18)
SHAPE_REPRESENTATION_RELATIONSHIP()
);
#24=CONTEXT_DEPENDENT_SHAPE_REPRESENTATION(#19,#9395);
#25=CONTEXT_DEPENDENT_SHAPE_REPRESENTATION(#20,#9396);
#26=CONTEXT_DEPENDENT_SHAPE_REPRESENTATION(#21,#9397);
#27=CONTEXT_DEPENDENT_SHAPE_REPRESENTATION(#22,#9398);
#28=CONTEXT_DEPENDENT_SHAPE_REPRESENTATION(#23,#9399);
#29=NEXT_ASSEMBLY_USAGE_OCCURRENCE('M3x8 SHCS v1:1','M3x8 SHCS v1:1',
'M3x8 SHCS v1:1',#9409,#9410,'M3x8 SHCS v1:1');
#30=NEXT_ASSEMBLY_USAGE_OCCURRENCE('M3x8 SHCS v1:2','M3x8 SHCS v1:2',
'M3x8 SHCS v1:2',#9409,#9410,'M3x8 SHCS v1:2');
#31=NEXT_ASSEMBLY_USAGE_OCCURRENCE('Magnet_Jig_A:1','Magnet_Jig_A:1',
'Magnet_Jig_A:1',#9406,#9407,'Magnet_Jig_A:1');
#32=NEXT_ASSEMBLY_USAGE_OCCURRENCE('Magnet_Jig_B:1','Magnet_Jig_B:1',
'Magnet_Jig_B:1',#9406,#9408,'Magnet_Jig_B:1');
#33=NEXT_ASSEMBLY_USAGE_OCCURRENCE('Hardware:1','Hardware:1',
'Hardware:1',#9406,#9409,'Hardware:1');
#34=(
BOUNDED_CURVE()
B_SPLINE_CURVE(2,(#8717,#8718,#8719),.UNSPECIFIED.,.F.,.F.)
B_SPLINE_CURVE_WITH_KNOTS((3,3),(-0.35532436269275,-0.127655147271297),
 .UNSPECIFIED.)
CURVE()
GEOMETRIC_REPRESENTATION_ITEM()
RATIONAL_B_SPLINE_CURVE((1.3712812921102,1.58341924626904,1.3712812921102))
REPRESENTATION_ITEM('')
);
#35=(
BOUNDED_CURVE()
B_SPLINE_CURVE(2,(#8722,#8723,#8724),.UNSPECIFIED.,.F.,.F.)
B_SPLINE_CURVE_WITH_KNOTS((3,3),(-0.355324362692751,-0.127655147271297),
 .UNSPECIFIED.)
CURVE()
GEOMETRIC_REPRESENTATION_ITEM()
RATIONAL_B_SPLINE_CURVE((1.3712812921102,1.58341924626904,1.3712812921102))
REPRESENTATION_ITEM('')
);
#36=(
BOUNDED_CURVE()
B_SPLINE_CURVE(2,(#8727,#8728,#8729),.UNSPECIFIED.,.F.,.F.)
B_SPLINE_CURVE_WITH_KNOTS((3,3),(-0.35532436269275,-0.127655147271297),
 .UNSPECIFIED.)
CURVE()
GEOMETRIC_REPRESENTATION_ITEM()
RATIONAL_B_SPLINE_CURVE((1.37128129211021,1.58341924626905,1.37128129211021))
REPRESENTATION_ITEM('')
);
#37=(
BOUNDED_CURVE()
B_SPLINE_CURVE(2,(#8732,#8733,#8734),.UNSPECIFIED.,.F.,.F.)
B_SPLINE_CURVE_WITH_KNOTS((3,3),(-0.35532436269275,-0.127655147271297),
 .UNSPECIFIED.)
CURVE()
GEOMETRIC_REPRESENTATION_ITEM()
RATIONAL_B_SPLINE_CURVE((1.3712812921102,1.58341924626904,1.3712812921102))
REPRESENTATION_ITEM('')
);
#38=(
BOUNDED_CURVE()
B_SPLINE_CURVE(2,(#8737,#8738,#8739),.UNSPECIFIED.,.F.,.F.)
B_SPLINE_CURVE_WITH_KNOTS((3,3),(0.127655147271297,0.355324362692751),
 .UNSPECIFIED.)
CURVE()
GEOMETRIC_REPRESENTATION_ITEM()
RATIONAL_B_SPLINE_CURVE((1.37128129211021,1.58341924626905,1.37128129211021))
REPRESENTATION_ITEM('')
);
#39=(
BOUNDED_CURVE()
B_SPLINE_CURVE(2,(#8742,#8743,#8744),.UNSPECIFIED.,.F.,.F.)
B_SPLINE_CURVE_WITH_KNOTS((3,3),(-0.35532436269275,-0.127655147271297),
 .UNSPECIFIED.)
CURVE()
GEOMETRIC_REPRESENTATION_ITEM()
RATIONAL_B_SPLINE_CURVE((1.3712812921102,1.58341924626904,1.3712812921102))
REPRESENTATION_ITEM('')
);
#40=SHAPE_REPRESENTATION_RELATIONSHIP('SRR','None',#9401,#44);
#41=SHAPE_REPRESENTATION_RELATIONSHIP('SRR','None',#9402,#45);
#42=SHAPE_REPRESENTATION_RELATIONSHIP('SRR','None',#9404,#46);
#43=SHAPE_REPRESENTATION_RELATIONSHIP('SRR','None',#9400,#47);
#44=ADVANCED_BREP_SHAPE_REPRESENTATION('',(#52),#9376);
#45=ADVANCED_BREP_SHAPE_REPRESENTATION('',(#53),#9377);
#46=ADVANCED_BREP_SHAPE_REPRESENTATION('',(#54),#9379);
#47=ADVANCED_BREP_SHAPE_REPRESENTATION('',(#13),#9375);
#48=STYLED_ITEM('',(#9431),#52);
#49=STYLED_ITEM('',(#9431),#53);
#50=STYLED_ITEM('',(#9432),#54);
#51=STYLED_ITEM('',(#9430),#13);
#52=MANIFOLD_SOLID_BREP('Body1',#5514);
#53=MANIFOLD_SOLID_BREP('Body1',#5515);
#54=MANIFOLD_SOLID_BREP('Body1',#5516);
#55=FACE_BOUND('',#2136,.T.);
#56=FACE_BOUND('',#2150,.T.);
#57=FACE_BOUND('',#2167,.T.);
#58=FACE_BOUND('',#2195,.T.);
#59=FACE_BOUND('',#2223,.T.);
#60=FACE_BOUND('',#2224,.T.);
#61=FACE_BOUND('',#2269,.T.);
#62=FACE_BOUND('',#2270,.T.);
#63=FACE_BOUND('',#2275,.T.);
#64=FACE_BOUND('',#2276,.T.);
#65=FACE_BOUND('',#2289,.T.);
#66=FACE_BOUND('',#2298,.T.);
#67=FACE_BOUND('',#2315,.T.);
#68=FACE_BOUND('',#2390,.T.);
#69=FACE_BOUND('',#2398,.T.);
#70=FACE_BOUND('',#2400,.T.);
#71=FACE_BOUND('',#2410,.T.);
#72=FACE_BOUND('',#2412,.T.);
#73=FACE_BOUND('',#2421,.T.);
#74=CYLINDRICAL_SURFACE('',#5588,2.9);
#75=CYLINDRICAL_SURFACE('',#5596,2.4);
#76=CYLINDRICAL_SURFACE('',#5615,3.);
#77=CYLINDRICAL_SURFACE('',#5617,3.);
#78=CYLINDRICAL_SURFACE('',#5620,3.);
#79=CYLINDRICAL_SURFACE('',#5622,3.);
#80=CYLINDRICAL_SURFACE('',#5623,0.999999999999999);
#81=CYLINDRICAL_SURFACE('',#5638,4.9);
#82=CYLINDRICAL_SURFACE('',#5639,5.);
#83=CYLINDRICAL_SURFACE('',#5700,0.4);
#84=CYLINDRICAL_SURFACE('',#5703,1.39999996870796);
#85=CYLINDRICAL_SURFACE('',#5717,0.4);
#86=CYLINDRICAL_SURFACE('',#5722,0.4);
#87=CYLINDRICAL_SURFACE('',#5725,0.4);
#88=CYLINDRICAL_SURFACE('',#5738,3.);
#89=CYLINDRICAL_SURFACE('',#5747,3.);
#90=CYLINDRICAL_SURFACE('',#5765,3.);
#91=CYLINDRICAL_SURFACE('',#5767,3.);
#92=CYLINDRICAL_SURFACE('',#5801,1.4);
#93=CYLINDRICAL_SURFACE('',#5803,1.4);
#94=CYLINDRICAL_SURFACE('',#5806,1.4);
#95=CYLINDRICAL_SURFACE('',#5815,2.99999999999999);
#96=CYLINDRICAL_SURFACE('',#5820,3.);
#97=CYLINDRICAL_SURFACE('',#5826,1.5);
#98=CYLINDRICAL_SURFACE('',#5854,2.75);
#99=CYLINDRICAL_SURFACE('',#5870,2.5);
#100=CYLINDRICAL_SURFACE('',#5871,3.);
#101=CYLINDRICAL_SURFACE('',#5874,5.);
#102=CYLINDRICAL_SURFACE('',#5877,5.);
#103=CYLINDRICAL_SURFACE('',#5910,0.999999999999999);
#104=CYLINDRICAL_SURFACE('',#5974,1.6);
#105=CYLINDRICAL_SURFACE('',#5976,1.6);
#106=CYLINDRICAL_SURFACE('',#5986,1.6);
#107=CYLINDRICAL_SURFACE('',#5988,1.6);
#108=CYLINDRICAL_SURFACE('',#6000,1.575);
#109=CYLINDRICAL_SURFACE('',#6001,1.575);
#110=CONICAL_SURFACE('',#5584,2.6,0.785398163397448);
#111=CONICAL_SURFACE('',#5591,2.1,0.785398163397448);
#112=CONICAL_SURFACE('',#5600,2.5,0.785398163397446);
#113=CONICAL_SURFACE('',#5604,2.5,0.785398163397448);
#114=CONICAL_SURFACE('',#5608,2.5,0.785398163397448);
#115=CONICAL_SURFACE('',#5612,2.5,0.785398163397448);
#116=CONICAL_SURFACE('',#5691,1.19999996870796,0.785398163397448);
#117=CONICAL_SURFACE('',#5696,0.400000000000003,0.785398163397452);
#118=CONICAL_SURFACE('',#5698,0.400000000000003,0.785398163397452);
#119=CONICAL_SURFACE('',#5709,1.2,0.785398163397448);
#120=CONICAL_SURFACE('',#5712,0.4,0.785398163397448);
#121=CONICAL_SURFACE('',#5714,0.4,0.785398163397448);
#122=CONICAL_SURFACE('',#5728,3.2,0.785398163397511);
#123=CONICAL_SURFACE('',#5744,3.2,0.785398163397429);
#124=CONICAL_SURFACE('',#5754,2.5,0.785398163397452);
#125=CONICAL_SURFACE('',#5757,2.5,0.785398163397453);
#126=CONICAL_SURFACE('',#5760,2.49999999999999,0.785398163397464);
#127=CONICAL_SURFACE('',#5763,2.5,0.785398163397463);
#128=CONICAL_SURFACE('',#5823,1.35,0.785398163397448);
#129=CONICAL_SURFACE('',#5846,1.44337567297406,0.78539816339745);
#130=CONICAL_SURFACE('',#5847,1.44337567297406,0.78539816339745);
#131=CONICAL_SURFACE('',#5848,1.44337567297406,0.78539816339745);
#132=CONICAL_SURFACE('',#5849,1.44337567297406,0.78539816339745);
#133=CONICAL_SURFACE('',#5850,1.44337567297406,0.78539816339745);
#134=CONICAL_SURFACE('',#5851,1.44337567297406,0.78539816339745);
#135=CONICAL_SURFACE('',#5852,2.55,0.785398163397448);
#136=CONICAL_SURFACE('',#5885,0.636029765733802,0.349065850398874);
#137=CONICAL_SURFACE('',#5888,1.3639702342662,0.349065850398873);
#138=CONICAL_SURFACE('',#5893,0.636029765733801,0.349065850398873);
#139=CONICAL_SURFACE('',#5896,0.636029765733803,0.349065850398874);
#140=CONICAL_SURFACE('',#5901,0.636029765733801,0.349065850398874);
#141=CONICAL_SURFACE('',#5904,0.636029765733799,0.349065850398874);
#142=CONICAL_SURFACE('',#5944,1.75,0.174532925199436);
#143=CONICAL_SURFACE('',#5947,1.75,0.174532925199436);
#144=CONICAL_SURFACE('',#5952,1.6,0.174532925199435);
#145=CONICAL_SURFACE('',#5955,1.6,0.174532925199435);
#146=ELLIPSE('',#5577,1.05014800484742,0.999999999999999);
#147=ELLIPSE('',#5597,3.39411254969541,2.4);
#148=ELLIPSE('',#5624,3.27514909011789,0.999999999999999);
#149=ELLIPSE('',#5627,11.3595774569574,5.00000000002089);
#150=ELLIPSE('',#5636,7.67199961202456,4.9);
#151=ELLIPSE('',#5865,3.53553390593272,2.5);
#152=ELLIPSE('',#5875,11.3595774569574,5.00000000002089);
#153=ELLIPSE('',#5876,7.95407473454682,5.00000000000036);
#154=ELLIPSE('',#5878,7.82857103267954,5.00000000000041);
#155=ELLIPSE('',#5880,11.6658187704444,4.63036833236429);
#156=ELLIPSE('',#5911,3.27514909011809,1.00000000000004);
#157=ELLIPSE('',#5912,1.0501480048473,0.999999999999928);
#158=CIRCLE('',#5571,3.);
#159=CIRCLE('',#5572,3.);
#160=CIRCLE('',#5573,3.);
#161=CIRCLE('',#5574,3.);
#162=CIRCLE('',#5585,2.9);
#163=CIRCLE('',#5586,2.3);
#164=CIRCLE('',#5589,2.9);
#165=CIRCLE('',#5592,1.8);
#166=CIRCLE('',#5593,2.4);
#167=CIRCLE('',#5601,3.);
#168=CIRCLE('',#5602,2.);
#169=CIRCLE('',#5605,3.);
#170=CIRCLE('',#5606,2.);
#171=CIRCLE('',#5609,3.);
#172=CIRCLE('',#5610,2.);
#173=CIRCLE('',#5613,3.);
#174=CIRCLE('',#5614,2.);
#175=CIRCLE('',#5637,4.9);
#176=CIRCLE('',#5659,3.);
#177=CIRCLE('',#5660,3.);
#178=CIRCLE('',#5688,3.);
#179=CIRCLE('',#5689,2.99999999999999);
#180=CIRCLE('',#5692,0.999999968707962);
#181=CIRCLE('',#5693,1.39999996870796);
#182=CIRCLE('',#5697,0.400000000000003);
#183=CIRCLE('',#5699,0.400000000000003);
#184=CIRCLE('',#5701,0.4);
#185=CIRCLE('',#5704,1.39999996870796);
#186=CIRCLE('',#5710,1.);
#187=CIRCLE('',#5711,1.4);
#188=CIRCLE('',#5713,0.4);
#189=CIRCLE('',#5715,0.4);
#190=CIRCLE('',#5718,0.4);
#191=CIRCLE('',#5723,0.4);
#192=CIRCLE('',#5726,0.4);
#193=CIRCLE('',#5729,3.4);
#194=CIRCLE('',#5730,3.);
#195=CIRCLE('',#5731,3.);
#196=CIRCLE('',#5733,2.);
#197=CIRCLE('',#5734,2.);
#198=CIRCLE('',#5735,1.99999999999999);
#199=CIRCLE('',#5736,2.);
#200=CIRCLE('',#5737,3.4);
#201=CIRCLE('',#5739,3.);
#202=CIRCLE('',#5740,3.);
#203=CIRCLE('',#5741,3.);
#204=CIRCLE('',#5742,3.);
#205=CIRCLE('',#5743,3.);
#206=CIRCLE('',#5745,3.);
#207=CIRCLE('',#5746,3.);
#208=CIRCLE('',#5748,3.);
#209=CIRCLE('',#5749,3.);
#210=CIRCLE('',#5750,3.);
#211=CIRCLE('',#5751,3.);
#212=CIRCLE('',#5752,3.);
#213=CIRCLE('',#5755,3.);
#214=CIRCLE('',#5758,3.);
#215=CIRCLE('',#5761,2.99999999999999);
#216=CIRCLE('',#5764,3.);
#217=CIRCLE('',#5779,1.4);
#218=CIRCLE('',#5782,1.4);
#219=CIRCLE('',#5785,1.4);
#220=CIRCLE('',#5788,1.4);
#221=CIRCLE('',#5790,1.4);
#222=CIRCLE('',#5793,1.4);
#223=CIRCLE('',#5795,1.4);
#224=CIRCLE('',#5799,1.4);
#225=CIRCLE('',#5802,1.4);
#226=CIRCLE('',#5804,1.4);
#227=CIRCLE('',#5807,1.4);
#228=CIRCLE('',#5824,1.5);
#229=CIRCLE('',#5825,1.2);
#230=CIRCLE('',#5827,1.5);
#231=CIRCLE('',#5830,2.75);
#232=CIRCLE('',#5831,1.44337567297406);
#233=CIRCLE('',#5832,1.44337567297406);
#234=CIRCLE('',#5833,1.44337567297406);
#235=CIRCLE('',#5834,1.44337567297406);
#236=CIRCLE('',#5835,1.44337567297406);
#237=CIRCLE('',#5836,1.44337567297406);
#238=CIRCLE('',#5845,2.35);
#239=CIRCLE('',#5853,2.75);
#240=CIRCLE('',#5869,2.5);
#241=CIRCLE('',#5872,3.);
#242=CIRCLE('',#5873,3.);
#243=CIRCLE('',#5879,5.);
#244=CIRCLE('',#5886,0.636029765733803);
#245=CIRCLE('',#5887,1.);
#246=CIRCLE('',#5889,1.);
#247=CIRCLE('',#5890,1.3639702342662);
#248=CIRCLE('',#5894,0.636029765733801);
#249=CIRCLE('',#5895,1.);
#250=CIRCLE('',#5897,1.);
#251=CIRCLE('',#5898,0.636029765733803);
#252=CIRCLE('',#5902,0.636029765733799);
#253=CIRCLE('',#5903,1.);
#254=CIRCLE('',#5905,0.999999999999999);
#255=CIRCLE('',#5906,0.636029765733799);
#256=CIRCLE('',#5945,1.75);
#257=CIRCLE('',#5946,1.6);
#258=CIRCLE('',#5948,1.6);
#259=CIRCLE('',#5949,1.75);
#260=CIRCLE('',#5953,1.6);
#261=CIRCLE('',#5954,1.75);
#262=CIRCLE('',#5956,1.75);
#263=CIRCLE('',#5957,1.6);
#264=CIRCLE('',#5968,1.575);
#265=CIRCLE('',#5970,1.6);
#266=CIRCLE('',#5971,1.6);
#267=CIRCLE('',#5972,1.575);
#268=CIRCLE('',#5979,1.575);
#269=CIRCLE('',#5981,1.6);
#270=CIRCLE('',#5982,1.6);
#271=CIRCLE('',#5983,1.575);
#272=LINE('',#7594,#890);
#273=LINE('',#7596,#891);
#274=LINE('',#7598,#892);
#275=LINE('',#7599,#893);
#276=LINE('',#7687,#894);
#277=LINE('',#7707,#895);
#278=LINE('',#7709,#896);
#279=LINE('',#7711,#897);
#280=LINE('',#7712,#898);
#281=LINE('',#7715,#899);
#282=LINE('',#7717,#900);
#283=LINE('',#7719,#901);
#284=LINE('',#7720,#902);
#285=LINE('',#7723,#903);
#286=LINE('',#7725,#904);
#287=LINE('',#7726,#905);
#288=LINE('',#7729,#906);
#289=LINE('',#7731,#907);
#290=LINE('',#7733,#908);
#291=LINE('',#7734,#909);
#292=LINE('',#7738,#910);
#293=LINE('',#7740,#911);
#294=LINE('',#7742,#912);
#295=LINE('',#7743,#913);
#296=LINE('',#7747,#914);
#297=LINE('',#7749,#915);
#298=LINE('',#7751,#916);
#299=LINE('',#7752,#917);
#300=LINE('',#7756,#918);
#301=LINE('',#7758,#919);
#302=LINE('',#7760,#920);
#303=LINE('',#7761,#921);
#304=LINE('',#7765,#922);
#305=LINE('',#7767,#923);
#306=LINE('',#7769,#924);
#307=LINE('',#7770,#925);
#308=LINE('',#7772,#926);
#309=LINE('',#7773,#927);
#310=LINE('',#7775,#928);
#311=LINE('',#7776,#929);
#312=LINE('',#7778,#930);
#313=LINE('',#7779,#931);
#314=LINE('',#7781,#932);
#315=LINE('',#7782,#933);
#316=LINE('',#7785,#934);
#317=LINE('',#7787,#935);
#318=LINE('',#7788,#936);
#319=LINE('',#7790,#937);
#320=LINE('',#7791,#938);
#321=LINE('',#7794,#939);
#322=LINE('',#7798,#940);
#323=LINE('',#7802,#941);
#324=LINE('',#7806,#942);
#325=LINE('',#7809,#943);
#326=LINE('',#7812,#944);
#327=LINE('',#7814,#945);
#328=LINE('',#7815,#946);
#329=LINE('',#7818,#947);
#330=LINE('',#7820,#948);
#331=LINE('',#7824,#949);
#332=LINE('',#7825,#950);
#333=LINE('',#7828,#951);
#334=LINE('',#7830,#952);
#335=LINE('',#7831,#953);
#336=LINE('',#7834,#954);
#337=LINE('',#7835,#955);
#338=LINE('',#7838,#956);
#339=LINE('',#7840,#957);
#340=LINE('',#7841,#958);
#341=LINE('',#7844,#959);
#342=LINE('',#7846,#960);
#343=LINE('',#7848,#961);
#344=LINE('',#7849,#962);
#345=LINE('',#7852,#963);
#346=LINE('',#7854,#964);
#347=LINE('',#7855,#965);
#348=LINE('',#7860,#966);
#349=LINE('',#7866,#967);
#350=LINE('',#7870,#968);
#351=LINE('',#7872,#969);
#352=LINE('',#7874,#970);
#353=LINE('',#7875,#971);
#354=LINE('',#7879,#972);
#355=LINE('',#7885,#973);
#356=LINE('',#7886,#974);
#357=LINE('',#7887,#975);
#358=LINE('',#7890,#976);
#359=LINE('',#7891,#977);
#360=LINE('',#7894,#978);
#361=LINE('',#7897,#979);
#362=LINE('',#7901,#980);
#363=LINE('',#7903,#981);
#364=LINE('',#7905,#982);
#365=LINE('',#7906,#983);
#366=LINE('',#7910,#984);
#367=LINE('',#7916,#985);
#368=LINE('',#7917,#986);
#369=LINE('',#7918,#987);
#370=LINE('',#7922,#988);
#371=LINE('',#7928,#989);
#372=LINE('',#7929,#990);
#373=LINE('',#7930,#991);
#374=LINE('',#7934,#992);
#375=LINE('',#7940,#993);
#376=LINE('',#7941,#994);
#377=LINE('',#7942,#995);
#378=LINE('',#7947,#996);
#379=LINE('',#7948,#997);
#380=LINE('',#7950,#998);
#381=LINE('',#7952,#999);
#382=LINE('',#7954,#1000);
#383=LINE('',#7957,#1001);
#384=LINE('',#7958,#1002);
#385=LINE('',#7960,#1003);
#386=LINE('',#7961,#1004);
#387=LINE('',#7965,#1005);
#388=LINE('',#7969,#1006);
#389=LINE('',#7970,#1007);
#390=LINE('',#7973,#1008);
#391=LINE('',#7974,#1009);
#392=LINE('',#7976,#1010);
#393=LINE('',#7978,#1011);
#394=LINE('',#7980,#1012);
#395=LINE('',#7990,#1013);
#396=LINE('',#7992,#1014);
#397=LINE('',#7994,#1015);
#398=LINE('',#7995,#1016);
#399=LINE('',#7997,#1017);
#400=LINE('',#7999,#1018);
#401=LINE('',#8001,#1019);
#402=LINE('',#8002,#1020);
#403=LINE('',#8004,#1021);
#404=LINE('',#8007,#1022);
#405=LINE('',#8013,#1023);
#406=LINE('',#8074,#1024);
#407=LINE('',#8081,#1025);
#408=LINE('',#8083,#1026);
#409=LINE('',#8085,#1027);
#410=LINE('',#8086,#1028);
#411=LINE('',#8089,#1029);
#412=LINE('',#8091,#1030);
#413=LINE('',#8092,#1031);
#414=LINE('',#8096,#1032);
#415=LINE('',#8098,#1033);
#416=LINE('',#8100,#1034);
#417=LINE('',#8101,#1035);
#418=LINE('',#8104,#1036);
#419=LINE('',#8106,#1037);
#420=LINE('',#8107,#1038);
#421=LINE('',#8111,#1039);
#422=LINE('',#8113,#1040);
#423=LINE('',#8115,#1041);
#424=LINE('',#8116,#1042);
#425=LINE('',#8119,#1043);
#426=LINE('',#8121,#1044);
#427=LINE('',#8122,#1045);
#428=LINE('',#8125,#1046);
#429=LINE('',#8127,#1047);
#430=LINE('',#8128,#1048);
#431=LINE('',#8131,#1049);
#432=LINE('',#8133,#1050);
#433=LINE('',#8134,#1051);
#434=LINE('',#8136,#1052);
#435=LINE('',#8137,#1053);
#436=LINE('',#8139,#1054);
#437=LINE('',#8140,#1055);
#438=LINE('',#8143,#1056);
#439=LINE('',#8145,#1057);
#440=LINE('',#8146,#1058);
#441=LINE('',#8149,#1059);
#442=LINE('',#8150,#1060);
#443=LINE('',#8153,#1061);
#444=LINE('',#8154,#1062);
#445=LINE('',#8157,#1063);
#446=LINE('',#8158,#1064);
#447=LINE('',#8161,#1065);
#448=LINE('',#8163,#1066);
#449=LINE('',#8167,#1067);
#450=LINE('',#8171,#1068);
#451=LINE('',#8172,#1069);
#452=LINE('',#8176,#1070);
#453=LINE('',#8178,#1071);
#454=LINE('',#8179,#1072);
#455=LINE('',#8183,#1073);
#456=LINE('',#8185,#1074);
#457=LINE('',#8186,#1075);
#458=LINE('',#8188,#1076);
#459=LINE('',#8189,#1077);
#460=LINE('',#8192,#1078);
#461=LINE('',#8194,#1079);
#462=LINE('',#8195,#1080);
#463=LINE('',#8199,#1081);
#464=LINE('',#8200,#1082);
#465=LINE('',#8201,#1083);
#466=LINE('',#8203,#1084);
#467=LINE('',#8205,#1085);
#468=LINE('',#8207,#1086);
#469=LINE('',#8208,#1087);
#470=LINE('',#8210,#1088);
#471=LINE('',#8211,#1089);
#472=LINE('',#8213,#1090);
#473=LINE('',#8217,#1091);
#474=LINE('',#8218,#1092);
#475=LINE('',#8219,#1093);
#476=LINE('',#8223,#1094);
#477=LINE('',#8224,#1095);
#478=LINE('',#8225,#1096);
#479=LINE('',#8228,#1097);
#480=LINE('',#8230,#1098);
#481=LINE('',#8232,#1099);
#482=LINE('',#8233,#1100);
#483=LINE('',#8238,#1101);
#484=LINE('',#8240,#1102);
#485=LINE('',#8242,#1103);
#486=LINE('',#8243,#1104);
#487=LINE('',#8246,#1105);
#488=LINE('',#8248,#1106);
#489=LINE('',#8249,#1107);
#490=LINE('',#8252,#1108);
#491=LINE('',#8254,#1109);
#492=LINE('',#8255,#1110);
#493=LINE('',#8258,#1111);
#494=LINE('',#8260,#1112);
#495=LINE('',#8261,#1113);
#496=LINE('',#8264,#1114);
#497=LINE('',#8266,#1115);
#498=LINE('',#8267,#1116);
#499=LINE('',#8270,#1117);
#500=LINE('',#8272,#1118);
#501=LINE('',#8273,#1119);
#502=LINE('',#8276,#1120);
#503=LINE('',#8278,#1121);
#504=LINE('',#8279,#1122);
#505=LINE('',#8281,#1123);
#506=LINE('',#8282,#1124);
#507=LINE('',#8285,#1125);
#508=LINE('',#8287,#1126);
#509=LINE('',#8288,#1127);
#510=LINE('',#8291,#1128);
#511=LINE('',#8292,#1129);
#512=LINE('',#8295,#1130);
#513=LINE('',#8296,#1131);
#514=LINE('',#8299,#1132);
#515=LINE('',#8300,#1133);
#516=LINE('',#8302,#1134);
#517=LINE('',#8304,#1135);
#518=LINE('',#8308,#1136);
#519=LINE('',#8313,#1137);
#520=LINE('',#8315,#1138);
#521=LINE('',#8317,#1139);
#522=LINE('',#8318,#1140);
#523=LINE('',#8322,#1141);
#524=LINE('',#8326,#1142);
#525=LINE('',#8330,#1143);
#526=LINE('',#8331,#1144);
#527=LINE('',#8332,#1145);
#528=LINE('',#8334,#1146);
#529=LINE('',#8336,#1147);
#530=LINE('',#8337,#1148);
#531=LINE('',#8344,#1149);
#532=LINE('',#8347,#1150);
#533=LINE('',#8350,#1151);
#534=LINE('',#8351,#1152);
#535=LINE('',#8354,#1153);
#536=LINE('',#8360,#1154);
#537=LINE('',#8362,#1155);
#538=LINE('',#8364,#1156);
#539=LINE('',#8365,#1157);
#540=LINE('',#8369,#1158);
#541=LINE('',#8370,#1159);
#542=LINE('',#8372,#1160);
#543=LINE('',#8373,#1161);
#544=LINE('',#8376,#1162);
#545=LINE('',#8378,#1163);
#546=LINE('',#8380,#1164);
#547=LINE('',#8381,#1165);
#548=LINE('',#8391,#1166);
#549=LINE('',#8393,#1167);
#550=LINE('',#8394,#1168);
#551=LINE('',#8397,#1169);
#552=LINE('',#8401,#1170);
#553=LINE('',#8402,#1171);
#554=LINE('',#8406,#1172);
#555=LINE('',#8407,#1173);
#556=LINE('',#8411,#1174);
#557=LINE('',#8413,#1175);
#558=LINE('',#8417,#1176);
#559=LINE('',#8420,#1177);
#560=LINE('',#8421,#1178);
#561=LINE('',#8426,#1179);
#562=LINE('',#8433,#1180);
#563=LINE('',#8437,#1181);
#564=LINE('',#8441,#1182);
#565=LINE('',#8445,#1183);
#566=LINE('',#8454,#1184);
#567=LINE('',#8457,#1185);
#568=LINE('',#8461,#1186);
#569=LINE('',#8465,#1187);
#570=LINE('',#8468,#1188);
#571=LINE('',#8471,#1189);
#572=LINE('',#8480,#1190);
#573=LINE('',#8483,#1191);
#574=LINE('',#8487,#1192);
#575=LINE('',#8491,#1193);
#576=LINE('',#8494,#1194);
#577=LINE('',#8497,#1195);
#578=LINE('',#8499,#1196);
#579=LINE('',#8500,#1197);
#580=LINE('',#8503,#1198);
#581=LINE('',#8507,#1199);
#582=LINE('',#8508,#1200);
#583=LINE('',#8510,#1201);
#584=LINE('',#8513,#1202);
#585=LINE('',#8516,#1203);
#586=LINE('',#8520,#1204);
#587=LINE('',#8521,#1205);
#588=LINE('',#8525,#1206);
#589=LINE('',#8527,#1207);
#590=LINE('',#8529,#1208);
#591=LINE('',#8531,#1209);
#592=LINE('',#8535,#1210);
#593=LINE('',#8536,#1211);
#594=LINE('',#8537,#1212);
#595=LINE('',#8540,#1213);
#596=LINE('',#8542,#1214);
#597=LINE('',#8543,#1215);
#598=LINE('',#8546,#1216);
#599=LINE('',#8548,#1217);
#600=LINE('',#8549,#1218);
#601=LINE('',#8552,#1219);
#602=LINE('',#8554,#1220);
#603=LINE('',#8555,#1221);
#604=LINE('',#8558,#1222);
#605=LINE('',#8560,#1223);
#606=LINE('',#8562,#1224);
#607=LINE('',#8563,#1225);
#608=LINE('',#8565,#1226);
#609=LINE('',#8567,#1227);
#610=LINE('',#8569,#1228);
#611=LINE('',#8572,#1229);
#612=LINE('',#8574,#1230);
#613=LINE('',#8576,#1231);
#614=LINE('',#8577,#1232);
#615=LINE('',#8580,#1233);
#616=LINE('',#8583,#1234);
#617=LINE('',#8585,#1235);
#618=LINE('',#8587,#1236);
#619=LINE('',#8588,#1237);
#620=LINE('',#8593,#1238);
#621=LINE('',#8595,#1239);
#622=LINE('',#8596,#1240);
#623=LINE('',#8600,#1241);
#624=LINE('',#8606,#1242);
#625=LINE('',#8609,#1243);
#626=LINE('',#8611,#1244);
#627=LINE('',#8612,#1245);
#628=LINE('',#8617,#1246);
#629=LINE('',#8621,#1247);
#630=LINE('',#8622,#1248);
#631=LINE('',#8624,#1249);
#632=LINE('',#8631,#1250);
#633=LINE('',#8635,#1251);
#634=LINE('',#8641,#1252);
#635=LINE('',#8643,#1253);
#636=LINE('',#8645,#1254);
#637=LINE('',#8646,#1255);
#638=LINE('',#8648,#1256);
#639=LINE('',#8650,#1257);
#640=LINE('',#8652,#1258);
#641=LINE('',#8655,#1259);
#642=LINE('',#8657,#1260);
#643=LINE('',#8659,#1261);
#644=LINE('',#8660,#1262);
#645=LINE('',#8662,#1263);
#646=LINE('',#8664,#1264);
#647=LINE('',#8666,#1265);
#648=LINE('',#8668,#1266);
#649=LINE('',#8670,#1267);
#650=LINE('',#8680,#1268);
#651=LINE('',#8684,#1269);
#652=LINE('',#8705,#1270);
#653=LINE('',#8707,#1271);
#654=LINE('',#8709,#1272);
#655=LINE('',#8711,#1273);
#656=LINE('',#8713,#1274);
#657=LINE('',#8714,#1275);
#658=LINE('',#8716,#1276);
#659=LINE('',#8720,#1277);
#660=LINE('',#8725,#1278);
#661=LINE('',#8730,#1279);
#662=LINE('',#8735,#1280);
#663=LINE('',#8740,#1281);
#664=LINE('',#8757,#1282);
#665=LINE('',#8759,#1283);
#666=LINE('',#8765,#1284);
#667=LINE('',#8767,#1285);
#668=LINE('',#8769,#1286);
#669=LINE('',#8770,#1287);
#670=LINE('',#8773,#1288);
#671=LINE('',#8774,#1289);
#672=LINE('',#8777,#1290);
#673=LINE('',#8778,#1291);
#674=LINE('',#8780,#1292);
#675=LINE('',#8785,#1293);
#676=LINE('',#8787,#1294);
#677=LINE('',#8789,#1295);
#678=LINE('',#8790,#1296);
#679=LINE('',#8793,#1297);
#680=LINE('',#8795,#1298);
#681=LINE('',#8796,#1299);
#682=LINE('',#8800,#1300);
#683=LINE('',#8802,#1301);
#684=LINE('',#8804,#1302);
#685=LINE('',#8806,#1303);
#686=LINE('',#8808,#1304);
#687=LINE('',#8809,#1305);
#688=LINE('',#8812,#1306);
#689=LINE('',#8814,#1307);
#690=LINE('',#8817,#1308);
#691=LINE('',#8820,#1309);
#692=LINE('',#8821,#1310);
#693=LINE('',#8824,#1311);
#694=LINE('',#8825,#1312);
#695=LINE('',#8833,#1313);
#696=LINE('',#8840,#1314);
#697=LINE('',#8844,#1315);
#698=LINE('',#8858,#1316);
#699=LINE('',#8861,#1317);
#700=LINE('',#8922,#1318);
#701=LINE('',#8924,#1319);
#702=LINE('',#8926,#1320);
#703=LINE('',#8927,#1321);
#704=LINE('',#8932,#1322);
#705=LINE('',#8934,#1323);
#706=LINE('',#8936,#1324);
#707=LINE('',#8937,#1325);
#708=LINE('',#8941,#1326);
#709=LINE('',#8947,#1327);
#710=LINE('',#8953,#1328);
#711=LINE('',#8954,#1329);
#712=LINE('',#8955,#1330);
#713=LINE('',#8959,#1331);
#714=LINE('',#8960,#1332);
#715=LINE('',#8961,#1333);
#716=LINE('',#8965,#1334);
#717=LINE('',#8971,#1335);
#718=LINE('',#8977,#1336);
#719=LINE('',#8978,#1337);
#720=LINE('',#8979,#1338);
#721=LINE('',#8983,#1339);
#722=LINE('',#8984,#1340);
#723=LINE('',#8985,#1341);
#724=LINE('',#8989,#1342);
#725=LINE('',#8995,#1343);
#726=LINE('',#8999,#1344);
#727=LINE('',#9000,#1345);
#728=LINE('',#9005,#1346);
#729=LINE('',#9007,#1347);
#730=LINE('',#9008,#1348);
#731=LINE('',#9012,#1349);
#732=LINE('',#9016,#1350);
#733=LINE('',#9021,#1351);
#734=LINE('',#9023,#1352);
#735=LINE('',#9025,#1353);
#736=LINE('',#9026,#1354);
#737=LINE('',#9030,#1355);
#738=LINE('',#9031,#1356);
#739=LINE('',#9032,#1357);
#740=LINE('',#9035,#1358);
#741=LINE('',#9037,#1359);
#742=LINE('',#9038,#1360);
#743=LINE('',#9042,#1361);
#744=LINE('',#9044,#1362);
#745=LINE('',#9046,#1363);
#746=LINE('',#9047,#1364);
#747=LINE('',#9050,#1365);
#748=LINE('',#9052,#1366);
#749=LINE('',#9053,#1367);
#750=LINE('',#9057,#1368);
#751=LINE('',#9058,#1369);
#752=LINE('',#9059,#1370);
#753=LINE('',#9063,#1371);
#754=LINE('',#9065,#1372);
#755=LINE('',#9067,#1373);
#756=LINE('',#9068,#1374);
#757=LINE('',#9072,#1375);
#758=LINE('',#9073,#1376);
#759=LINE('',#9074,#1377);
#760=LINE('',#9078,#1378);
#761=LINE('',#9079,#1379);
#762=LINE('',#9080,#1380);
#763=LINE('',#9084,#1381);
#764=LINE('',#9085,#1382);
#765=LINE('',#9086,#1383);
#766=LINE('',#9090,#1384);
#767=LINE('',#9091,#1385);
#768=LINE('',#9092,#1386);
#769=LINE('',#9096,#1387);
#770=LINE('',#9097,#1388);
#771=LINE('',#9098,#1389);
#772=LINE('',#9102,#1390);
#773=LINE('',#9103,#1391);
#774=LINE('',#9104,#1392);
#775=LINE('',#9106,#1393);
#776=LINE('',#9107,#1394);
#777=LINE('',#9111,#1395);
#778=LINE('',#9113,#1396);
#779=LINE('',#9115,#1397);
#780=LINE('',#9116,#1398);
#781=LINE('',#9120,#1399);
#782=LINE('',#9121,#1400);
#783=LINE('',#9122,#1401);
#784=LINE('',#9126,#1402);
#785=LINE('',#9127,#1403);
#786=LINE('',#9128,#1404);
#787=LINE('',#9132,#1405);
#788=LINE('',#9133,#1406);
#789=LINE('',#9134,#1407);
#790=LINE('',#9138,#1408);
#791=LINE('',#9139,#1409);
#792=LINE('',#9140,#1410);
#793=LINE('',#9144,#1411);
#794=LINE('',#9145,#1412);
#795=LINE('',#9146,#1413);
#796=LINE('',#9150,#1414);
#797=LINE('',#9151,#1415);
#798=LINE('',#9152,#1416);
#799=LINE('',#9154,#1417);
#800=LINE('',#9155,#1418);
#801=LINE('',#9157,#1419);
#802=LINE('',#9159,#1420);
#803=LINE('',#9160,#1421);
#804=LINE('',#9163,#1422);
#805=LINE('',#9164,#1423);
#806=LINE('',#9165,#1424);
#807=LINE('',#9168,#1425);
#808=LINE('',#9170,#1426);
#809=LINE('',#9171,#1427);
#810=LINE('',#9174,#1428);
#811=LINE('',#9176,#1429);
#812=LINE('',#9177,#1430);
#813=LINE('',#9180,#1431);
#814=LINE('',#9182,#1432);
#815=LINE('',#9183,#1433);
#816=LINE('',#9185,#1434);
#817=LINE('',#9186,#1435);
#818=LINE('',#9188,#1436);
#819=LINE('',#9189,#1437);
#820=LINE('',#9192,#1438);
#821=LINE('',#9194,#1439);
#822=LINE('',#9195,#1440);
#823=LINE('',#9199,#1441);
#824=LINE('',#9201,#1442);
#825=LINE('',#9203,#1443);
#826=LINE('',#9204,#1444);
#827=LINE('',#9208,#1445);
#828=LINE('',#9214,#1446);
#829=LINE('',#9218,#1447);
#830=LINE('',#9219,#1448);
#831=LINE('',#9223,#1449);
#832=LINE('',#9225,#1450);
#833=LINE('',#9227,#1451);
#834=LINE('',#9228,#1452);
#835=LINE('',#9232,#1453);
#836=LINE('',#9238,#1454);
#837=LINE('',#9242,#1455);
#838=LINE('',#9243,#1456);
#839=LINE('',#9246,#1457);
#840=LINE('',#9247,#1458);
#841=LINE('',#9248,#1459);
#842=LINE('',#9252,#1460);
#843=LINE('',#9253,#1461);
#844=LINE('',#9254,#1462);
#845=LINE('',#9257,#1463);
#846=LINE('',#9258,#1464);
#847=LINE('',#9259,#1465);
#848=LINE('',#9261,#1466);
#849=LINE('',#9263,#1467);
#850=LINE('',#9264,#1468);
#851=LINE('',#9267,#1469);
#852=LINE('',#9268,#1470);
#853=LINE('',#9270,#1471);
#854=LINE('',#9271,#1472);
#855=LINE('',#9273,#1473);
#856=LINE('',#9275,#1474);
#857=LINE('',#9282,#1475);
#858=LINE('',#9286,#1476);
#859=LINE('',#9291,#1477);
#860=LINE('',#9292,#1478);
#861=LINE('',#9294,#1479);
#862=LINE('',#9296,#1480);
#863=LINE('',#9305,#1481);
#864=LINE('',#9309,#1482);
#865=LINE('',#9315,#1483);
#866=LINE('',#9316,#1484);
#867=LINE('',#9318,#1485);
#868=LINE('',#9320,#1486);
#869=LINE('',#9323,#1487);
#870=LINE('',#9328,#1488);
#871=LINE('',#9329,#1489);
#872=LINE('',#9330,#1490);
#873=LINE('',#9331,#1491);
#874=LINE('',#9334,#1492);
#875=LINE('',#9335,#1493);
#876=LINE('',#9338,#1494);
#877=LINE('',#9340,#1495);
#878=LINE('',#9341,#1496);
#879=LINE('',#9343,#1497);
#880=LINE('',#9344,#1498);
#881=LINE('',#9349,#1499);
#882=LINE('',#9350,#1500);
#883=LINE('',#9351,#1501);
#884=LINE('',#9353,#1502);
#885=LINE('',#9355,#1503);
#886=LINE('',#9357,#1504);
#887=LINE('',#9359,#1505);
#888=LINE('',#9360,#1506);
#889=LINE('',#9361,#1507);
#890=VECTOR('',#6016,10.);
#891=VECTOR('',#6017,10.);
#892=VECTOR('',#6018,10.);
#893=VECTOR('',#6019,10.);
#894=VECTOR('',#6020,10.);
#895=VECTOR('',#6023,10.);
#896=VECTOR('',#6024,10.);
#897=VECTOR('',#6025,10.);
#898=VECTOR('',#6026,10.);
#899=VECTOR('',#6029,10.);
#900=VECTOR('',#6030,10.);
#901=VECTOR('',#6031,10.);
#902=VECTOR('',#6032,10.);
#903=VECTOR('',#6035,10.);
#904=VECTOR('',#6036,10.);
#905=VECTOR('',#6037,10.);
#906=VECTOR('',#6040,10.);
#907=VECTOR('',#6041,10.);
#908=VECTOR('',#6042,10.);
#909=VECTOR('',#6043,10.);
#910=VECTOR('',#6046,10.);
#911=VECTOR('',#6047,10.);
#912=VECTOR('',#6048,10.);
#913=VECTOR('',#6049,10.);
#914=VECTOR('',#6052,10.);
#915=VECTOR('',#6053,10.);
#916=VECTOR('',#6054,10.);
#917=VECTOR('',#6055,10.);
#918=VECTOR('',#6058,10.);
#919=VECTOR('',#6059,10.);
#920=VECTOR('',#6060,10.);
#921=VECTOR('',#6061,10.);
#922=VECTOR('',#6064,10.);
#923=VECTOR('',#6065,10.);
#924=VECTOR('',#6066,10.);
#925=VECTOR('',#6067,10.);
#926=VECTOR('',#6070,10.);
#927=VECTOR('',#6071,10.);
#928=VECTOR('',#6074,10.);
#929=VECTOR('',#6075,10.);
#930=VECTOR('',#6078,10.);
#931=VECTOR('',#6079,10.);
#932=VECTOR('',#6082,10.);
#933=VECTOR('',#6083,10.);
#934=VECTOR('',#6086,10.);
#935=VECTOR('',#6087,10.);
#936=VECTOR('',#6088,10.);
#937=VECTOR('',#6091,10.);
#938=VECTOR('',#6092,10.);
#939=VECTOR('',#6095,10.);
#940=VECTOR('',#6098,10.);
#941=VECTOR('',#6101,10.);
#942=VECTOR('',#6104,10.);
#943=VECTOR('',#6107,10.);
#944=VECTOR('',#6110,10.);
#945=VECTOR('',#6111,10.);
#946=VECTOR('',#6112,10.);
#947=VECTOR('',#6115,10.);
#948=VECTOR('',#6116,10.);
#949=VECTOR('',#6121,10.);
#950=VECTOR('',#6122,10.);
#951=VECTOR('',#6125,10.);
#952=VECTOR('',#6126,10.);
#953=VECTOR('',#6127,10.);
#954=VECTOR('',#6130,10.);
#955=VECTOR('',#6131,10.);
#956=VECTOR('',#6134,10.);
#957=VECTOR('',#6135,10.);
#958=VECTOR('',#6136,10.);
#959=VECTOR('',#6139,10.);
#960=VECTOR('',#6140,10.);
#961=VECTOR('',#6141,10.);
#962=VECTOR('',#6142,10.);
#963=VECTOR('',#6145,10.);
#964=VECTOR('',#6146,10.);
#965=VECTOR('',#6147,10.);
#966=VECTOR('',#6152,2.6);
#967=VECTOR('',#6161,3.);
#968=VECTOR('',#6164,10.);
#969=VECTOR('',#6165,10.);
#970=VECTOR('',#6166,10.);
#971=VECTOR('',#6167,10.);
#972=VECTOR('',#6170,10.);
#973=VECTOR('',#6177,10.);
#974=VECTOR('',#6178,10.);
#975=VECTOR('',#6179,10.);
#976=VECTOR('',#6182,1000.);
#977=VECTOR('',#6183,10.);
#978=VECTOR('',#6186,1000.);
#979=VECTOR('',#6191,10.);
#980=VECTOR('',#6194,10.);
#981=VECTOR('',#6195,10.);
#982=VECTOR('',#6196,10.);
#983=VECTOR('',#6197,10.);
#984=VECTOR('',#6200,10.);
#985=VECTOR('',#6207,10.);
#986=VECTOR('',#6208,10.);
#987=VECTOR('',#6209,10.);
#988=VECTOR('',#6212,10.);
#989=VECTOR('',#6219,10.);
#990=VECTOR('',#6220,10.);
#991=VECTOR('',#6221,10.);
#992=VECTOR('',#6224,10.);
#993=VECTOR('',#6231,10.);
#994=VECTOR('',#6232,10.);
#995=VECTOR('',#6233,10.);
#996=VECTOR('',#6242,10.);
#997=VECTOR('',#6243,10.);
#998=VECTOR('',#6246,10.);
#999=VECTOR('',#6249,10.);
#1000=VECTOR('',#6252,10.);
#1001=VECTOR('',#6257,10.);
#1002=VECTOR('',#6258,10.);
#1003=VECTOR('',#6261,10.);
#1004=VECTOR('',#6262,10.);
#1005=VECTOR('',#6267,10.);
#1006=VECTOR('',#6272,10.);
#1007=VECTOR('',#6273,10.);
#1008=VECTOR('',#6276,10.);
#1009=VECTOR('',#6277,10.);
#1010=VECTOR('',#6278,10.);
#1011=VECTOR('',#6279,10.);
#1012=VECTOR('',#6280,10.);
#1013=VECTOR('',#6287,10.);
#1014=VECTOR('',#6288,1000.);
#1015=VECTOR('',#6289,10.);
#1016=VECTOR('',#6290,10.);
#1017=VECTOR('',#6293,10.);
#1018=VECTOR('',#6294,10.);
#1019=VECTOR('',#6295,10.);
#1020=VECTOR('',#6296,10.);
#1021=VECTOR('',#6299,10.);
#1022=VECTOR('',#6304,10.);
#1023=VECTOR('',#6307,10.);
#1024=VECTOR('',#6320,10.);
#1025=VECTOR('',#6329,10.);
#1026=VECTOR('',#6330,10.);
#1027=VECTOR('',#6331,10.);
#1028=VECTOR('',#6332,10.);
#1029=VECTOR('',#6335,10.);
#1030=VECTOR('',#6336,10.);
#1031=VECTOR('',#6337,10.);
#1032=VECTOR('',#6340,10.);
#1033=VECTOR('',#6341,10.);
#1034=VECTOR('',#6342,10.);
#1035=VECTOR('',#6343,10.);
#1036=VECTOR('',#6346,10.);
#1037=VECTOR('',#6347,10.);
#1038=VECTOR('',#6348,10.);
#1039=VECTOR('',#6351,10.);
#1040=VECTOR('',#6352,10.);
#1041=VECTOR('',#6353,10.);
#1042=VECTOR('',#6354,10.);
#1043=VECTOR('',#6357,10.);
#1044=VECTOR('',#6358,10.);
#1045=VECTOR('',#6359,10.);
#1046=VECTOR('',#6362,10.);
#1047=VECTOR('',#6363,10.);
#1048=VECTOR('',#6364,10.);
#1049=VECTOR('',#6367,10.);
#1050=VECTOR('',#6368,10.);
#1051=VECTOR('',#6369,10.);
#1052=VECTOR('',#6372,10.);
#1053=VECTOR('',#6373,10.);
#1054=VECTOR('',#6376,10.);
#1055=VECTOR('',#6377,10.);
#1056=VECTOR('',#6380,10.);
#1057=VECTOR('',#6381,10.);
#1058=VECTOR('',#6382,10.);
#1059=VECTOR('',#6385,10.);
#1060=VECTOR('',#6386,10.);
#1061=VECTOR('',#6389,10.);
#1062=VECTOR('',#6390,10.);
#1063=VECTOR('',#6393,10.);
#1064=VECTOR('',#6394,10.);
#1065=VECTOR('',#6397,10.);
#1066=VECTOR('',#6398,10.);
#1067=VECTOR('',#6401,10.);
#1068=VECTOR('',#6404,10.);
#1069=VECTOR('',#6405,10.);
#1070=VECTOR('',#6408,10.);
#1071=VECTOR('',#6409,10.);
#1072=VECTOR('',#6410,10.);
#1073=VECTOR('',#6413,10.);
#1074=VECTOR('',#6414,10.);
#1075=VECTOR('',#6415,10.);
#1076=VECTOR('',#6418,10.);
#1077=VECTOR('',#6419,10.);
#1078=VECTOR('',#6422,10.);
#1079=VECTOR('',#6423,10.);
#1080=VECTOR('',#6424,10.);
#1081=VECTOR('',#6427,10.);
#1082=VECTOR('',#6428,10.);
#1083=VECTOR('',#6429,10.);
#1084=VECTOR('',#6432,10.);
#1085=VECTOR('',#6435,10.);
#1086=VECTOR('',#6438,10.);
#1087=VECTOR('',#6439,10.);
#1088=VECTOR('',#6442,10.);
#1089=VECTOR('',#6443,10.);
#1090=VECTOR('',#6446,10.);
#1091=VECTOR('',#6449,10.);
#1092=VECTOR('',#6450,10.);
#1093=VECTOR('',#6451,10.);
#1094=VECTOR('',#6454,10.);
#1095=VECTOR('',#6455,10.);
#1096=VECTOR('',#6456,10.);
#1097=VECTOR('',#6459,10.);
#1098=VECTOR('',#6460,10.);
#1099=VECTOR('',#6461,10.);
#1100=VECTOR('',#6462,10.);
#1101=VECTOR('',#6467,10.);
#1102=VECTOR('',#6468,10.);
#1103=VECTOR('',#6469,10.);
#1104=VECTOR('',#6470,10.);
#1105=VECTOR('',#6473,10.);
#1106=VECTOR('',#6474,10.);
#1107=VECTOR('',#6475,10.);
#1108=VECTOR('',#6478,10.);
#1109=VECTOR('',#6479,10.);
#1110=VECTOR('',#6480,10.);
#1111=VECTOR('',#6483,10.);
#1112=VECTOR('',#6484,10.);
#1113=VECTOR('',#6485,10.);
#1114=VECTOR('',#6488,10.);
#1115=VECTOR('',#6489,10.);
#1116=VECTOR('',#6490,10.);
#1117=VECTOR('',#6493,10.);
#1118=VECTOR('',#6494,10.);
#1119=VECTOR('',#6495,10.);
#1120=VECTOR('',#6498,10.);
#1121=VECTOR('',#6499,10.);
#1122=VECTOR('',#6500,10.);
#1123=VECTOR('',#6503,10.);
#1124=VECTOR('',#6504,10.);
#1125=VECTOR('',#6507,10.);
#1126=VECTOR('',#6508,10.);
#1127=VECTOR('',#6509,10.);
#1128=VECTOR('',#6512,10.);
#1129=VECTOR('',#6513,10.);
#1130=VECTOR('',#6516,10.);
#1131=VECTOR('',#6517,10.);
#1132=VECTOR('',#6520,10.);
#1133=VECTOR('',#6521,10.);
#1134=VECTOR('',#6524,10.);
#1135=VECTOR('',#6525,10.);
#1136=VECTOR('',#6528,10.);
#1137=VECTOR('',#6533,10.);
#1138=VECTOR('',#6534,10.);
#1139=VECTOR('',#6535,10.);
#1140=VECTOR('',#6536,10.);
#1141=VECTOR('',#6539,10.);
#1142=VECTOR('',#6542,10.);
#1143=VECTOR('',#6547,10.);
#1144=VECTOR('',#6548,10.);
#1145=VECTOR('',#6549,10.);
#1146=VECTOR('',#6552,10.);
#1147=VECTOR('',#6553,10.);
#1148=VECTOR('',#6554,10.);
#1149=VECTOR('',#6565,10.);
#1150=VECTOR('',#6568,10.);
#1151=VECTOR('',#6571,10.);
#1152=VECTOR('',#6572,10.);
#1153=VECTOR('',#6575,10.);
#1154=VECTOR('',#6582,10.);
#1155=VECTOR('',#6583,10.);
#1156=VECTOR('',#6584,10.);
#1157=VECTOR('',#6585,10.);
#1158=VECTOR('',#6588,10.);
#1159=VECTOR('',#6589,10.);
#1160=VECTOR('',#6590,10.);
#1161=VECTOR('',#6591,10.);
#1162=VECTOR('',#6594,10.);
#1163=VECTOR('',#6595,10.);
#1164=VECTOR('',#6596,10.);
#1165=VECTOR('',#6597,10.);
#1166=VECTOR('',#6614,10.);
#1167=VECTOR('',#6615,10.);
#1168=VECTOR('',#6616,10.);
#1169=VECTOR('',#6619,10.);
#1170=VECTOR('',#6624,10.);
#1171=VECTOR('',#6625,10.);
#1172=VECTOR('',#6630,10.);
#1173=VECTOR('',#6631,10.);
#1174=VECTOR('',#6636,10.);
#1175=VECTOR('',#6639,10.);
#1176=VECTOR('',#6644,10.);
#1177=VECTOR('',#6647,10.);
#1178=VECTOR('',#6648,10.);
#1179=VECTOR('',#6653,3.2);
#1180=VECTOR('',#6660,10.);
#1181=VECTOR('',#6663,10.);
#1182=VECTOR('',#6666,10.);
#1183=VECTOR('',#6669,10.);
#1184=VECTOR('',#6678,10.);
#1185=VECTOR('',#6681,3.);
#1186=VECTOR('',#6684,10.);
#1187=VECTOR('',#6687,10.);
#1188=VECTOR('',#6690,10.);
#1189=VECTOR('',#6693,3.2);
#1190=VECTOR('',#6702,10.);
#1191=VECTOR('',#6705,3.);
#1192=VECTOR('',#6708,10.);
#1193=VECTOR('',#6711,10.);
#1194=VECTOR('',#6714,10.);
#1195=VECTOR('',#6717,10.);
#1196=VECTOR('',#6718,10.);
#1197=VECTOR('',#6719,10.);
#1198=VECTOR('',#6722,10.);
#1199=VECTOR('',#6727,10.);
#1200=VECTOR('',#6728,10.);
#1201=VECTOR('',#6731,10.);
#1202=VECTOR('',#6736,10.);
#1203=VECTOR('',#6739,10.);
#1204=VECTOR('',#6744,10.);
#1205=VECTOR('',#6745,10.);
#1206=VECTOR('',#6752,10.);
#1207=VECTOR('',#6755,10.);
#1208=VECTOR('',#6758,10.);
#1209=VECTOR('',#6761,10.);
#1210=VECTOR('',#6764,10.);
#1211=VECTOR('',#6765,10.);
#1212=VECTOR('',#6766,10.);
#1213=VECTOR('',#6769,10.);
#1214=VECTOR('',#6770,10.);
#1215=VECTOR('',#6771,10.);
#1216=VECTOR('',#6774,10.);
#1217=VECTOR('',#6775,10.);
#1218=VECTOR('',#6776,10.);
#1219=VECTOR('',#6779,10.);
#1220=VECTOR('',#6780,10.);
#1221=VECTOR('',#6781,10.);
#1222=VECTOR('',#6784,10.);
#1223=VECTOR('',#6785,10.);
#1224=VECTOR('',#6786,10.);
#1225=VECTOR('',#6787,10.);
#1226=VECTOR('',#6790,10.);
#1227=VECTOR('',#6793,10.);
#1228=VECTOR('',#6796,10.);
#1229=VECTOR('',#6799,10.);
#1230=VECTOR('',#6800,10.);
#1231=VECTOR('',#6801,10.);
#1232=VECTOR('',#6802,10.);
#1233=VECTOR('',#6805,10.);
#1234=VECTOR('',#6810,10.);
#1235=VECTOR('',#6811,10.);
#1236=VECTOR('',#6812,10.);
#1237=VECTOR('',#6813,10.);
#1238=VECTOR('',#6820,10.);
#1239=VECTOR('',#6821,10.);
#1240=VECTOR('',#6822,10.);
#1241=VECTOR('',#6829,10.);
#1242=VECTOR('',#6838,10.);
#1243=VECTOR('',#6841,10.);
#1244=VECTOR('',#6842,10.);
#1245=VECTOR('',#6843,10.);
#1246=VECTOR('',#6850,10.);
#1247=VECTOR('',#6855,10.);
#1248=VECTOR('',#6856,10.);
#1249=VECTOR('',#6859,10.);
#1250=VECTOR('',#6870,1.4);
#1251=VECTOR('',#6875,1.4);
#1252=VECTOR('',#6884,10.);
#1253=VECTOR('',#6885,10.);
#1254=VECTOR('',#6886,10.);
#1255=VECTOR('',#6887,10.);
#1256=VECTOR('',#6890,10.);
#1257=VECTOR('',#6893,10.);
#1258=VECTOR('',#6896,10.);
#1259=VECTOR('',#6899,10.);
#1260=VECTOR('',#6900,10.);
#1261=VECTOR('',#6901,10.);
#1262=VECTOR('',#6902,10.);
#1263=VECTOR('',#6905,10.);
#1264=VECTOR('',#6908,10.);
#1265=VECTOR('',#6911,10.);
#1266=VECTOR('',#6914,10.);
#1267=VECTOR('',#6917,10.);
#1268=VECTOR('',#6932,1.35);
#1269=VECTOR('',#6937,1.5);
#1270=VECTOR('',#6960,1000.);
#1271=VECTOR('',#6961,1000.);
#1272=VECTOR('',#6962,1000.);
#1273=VECTOR('',#6963,1000.);
#1274=VECTOR('',#6964,1000.);
#1275=VECTOR('',#6965,1000.);
#1276=VECTOR('',#6968,1000.);
#1277=VECTOR('',#6969,1000.);
#1278=VECTOR('',#6972,1000.);
#1279=VECTOR('',#6975,1000.);
#1280=VECTOR('',#6978,1000.);
#1281=VECTOR('',#6981,1000.);
#1282=VECTOR('',#7004,2.55);
#1283=VECTOR('',#7007,2.75);
#1284=VECTOR('',#7014,10.);
#1285=VECTOR('',#7015,10.);
#1286=VECTOR('',#7016,1000.);
#1287=VECTOR('',#7017,10.);
#1288=VECTOR('',#7020,1000.);
#1289=VECTOR('',#7021,1000.);
#1290=VECTOR('',#7024,1000.);
#1291=VECTOR('',#7025,1000.);
#1292=VECTOR('',#7028,1000.);
#1293=VECTOR('',#7033,1000.);
#1294=VECTOR('',#7034,10.);
#1295=VECTOR('',#7035,1000.);
#1296=VECTOR('',#7036,10.);
#1297=VECTOR('',#7039,1000.);
#1298=VECTOR('',#7040,1000.);
#1299=VECTOR('',#7041,1000.);
#1300=VECTOR('',#7044,1000.);
#1301=VECTOR('',#7045,1000.);
#1302=VECTOR('',#7046,1000.);
#1303=VECTOR('',#7047,1000.);
#1304=VECTOR('',#7048,1000.);
#1305=VECTOR('',#7049,1000.);
#1306=VECTOR('',#7050,1000.);
#1307=VECTOR('',#7051,10.);
#1308=VECTOR('',#7054,10.);
#1309=VECTOR('',#7057,1000.);
#1310=VECTOR('',#7058,10.);
#1311=VECTOR('',#7061,10.);
#1312=VECTOR('',#7062,1000.);
#1313=VECTOR('',#7073,3.);
#1314=VECTOR('',#7080,1000.);
#1315=VECTOR('',#7083,1000.);
#1316=VECTOR('',#7088,1000.);
#1317=VECTOR('',#7091,1000.);
#1318=VECTOR('',#7094,1000.);
#1319=VECTOR('',#7097,1000.);
#1320=VECTOR('',#7100,1000.);
#1321=VECTOR('',#7101,1000.);
#1322=VECTOR('',#7106,1000.);
#1323=VECTOR('',#7107,1000.);
#1324=VECTOR('',#7108,1000.);
#1325=VECTOR('',#7109,1000.);
#1326=VECTOR('',#7112,1000.);
#1327=VECTOR('',#7119,1000.);
#1328=VECTOR('',#7126,1000.);
#1329=VECTOR('',#7127,1000.);
#1330=VECTOR('',#7128,1000.);
#1331=VECTOR('',#7131,1000.);
#1332=VECTOR('',#7132,1000.);
#1333=VECTOR('',#7133,1000.);
#1334=VECTOR('',#7136,1000.);
#1335=VECTOR('',#7143,1000.);
#1336=VECTOR('',#7150,1000.);
#1337=VECTOR('',#7151,1000.);
#1338=VECTOR('',#7152,1000.);
#1339=VECTOR('',#7155,1000.);
#1340=VECTOR('',#7156,1000.);
#1341=VECTOR('',#7157,1000.);
#1342=VECTOR('',#7160,1000.);
#1343=VECTOR('',#7167,1000.);
#1344=VECTOR('',#7174,1000.);
#1345=VECTOR('',#7175,1000.);
#1346=VECTOR('',#7180,1000.);
#1347=VECTOR('',#7181,1000.);
#1348=VECTOR('',#7182,1000.);
#1349=VECTOR('',#7185,1000.);
#1350=VECTOR('',#7188,1000.);
#1351=VECTOR('',#7193,1000.);
#1352=VECTOR('',#7194,1000.);
#1353=VECTOR('',#7195,1000.);
#1354=VECTOR('',#7196,1000.);
#1355=VECTOR('',#7199,1000.);
#1356=VECTOR('',#7200,1000.);
#1357=VECTOR('',#7201,1000.);
#1358=VECTOR('',#7204,1000.);
#1359=VECTOR('',#7205,1000.);
#1360=VECTOR('',#7206,1000.);
#1361=VECTOR('',#7209,1000.);
#1362=VECTOR('',#7210,1000.);
#1363=VECTOR('',#7211,1000.);
#1364=VECTOR('',#7212,1000.);
#1365=VECTOR('',#7215,1000.);
#1366=VECTOR('',#7216,1000.);
#1367=VECTOR('',#7217,1000.);
#1368=VECTOR('',#7220,1000.);
#1369=VECTOR('',#7221,1000.);
#1370=VECTOR('',#7222,1000.);
#1371=VECTOR('',#7225,1000.);
#1372=VECTOR('',#7226,1000.);
#1373=VECTOR('',#7227,1000.);
#1374=VECTOR('',#7228,1000.);
#1375=VECTOR('',#7231,1000.);
#1376=VECTOR('',#7232,1000.);
#1377=VECTOR('',#7233,1000.);
#1378=VECTOR('',#7236,1000.);
#1379=VECTOR('',#7237,1000.);
#1380=VECTOR('',#7238,1000.);
#1381=VECTOR('',#7241,1000.);
#1382=VECTOR('',#7242,1000.);
#1383=VECTOR('',#7243,1000.);
#1384=VECTOR('',#7246,1000.);
#1385=VECTOR('',#7247,1000.);
#1386=VECTOR('',#7248,1000.);
#1387=VECTOR('',#7251,1000.);
#1388=VECTOR('',#7252,1000.);
#1389=VECTOR('',#7253,1000.);
#1390=VECTOR('',#7256,1000.);
#1391=VECTOR('',#7257,1000.);
#1392=VECTOR('',#7258,1000.);
#1393=VECTOR('',#7261,1000.);
#1394=VECTOR('',#7262,1000.);
#1395=VECTOR('',#7265,1000.);
#1396=VECTOR('',#7266,1000.);
#1397=VECTOR('',#7267,1000.);
#1398=VECTOR('',#7268,1000.);
#1399=VECTOR('',#7271,1000.);
#1400=VECTOR('',#7272,1000.);
#1401=VECTOR('',#7273,1000.);
#1402=VECTOR('',#7276,1000.);
#1403=VECTOR('',#7277,1000.);
#1404=VECTOR('',#7278,1000.);
#1405=VECTOR('',#7281,1000.);
#1406=VECTOR('',#7282,1000.);
#1407=VECTOR('',#7283,1000.);
#1408=VECTOR('',#7286,1000.);
#1409=VECTOR('',#7287,1000.);
#1410=VECTOR('',#7288,1000.);
#1411=VECTOR('',#7291,1000.);
#1412=VECTOR('',#7292,1000.);
#1413=VECTOR('',#7293,1000.);
#1414=VECTOR('',#7296,1000.);
#1415=VECTOR('',#7297,1000.);
#1416=VECTOR('',#7298,1000.);
#1417=VECTOR('',#7301,1000.);
#1418=VECTOR('',#7302,1000.);
#1419=VECTOR('',#7305,1000.);
#1420=VECTOR('',#7306,1000.);
#1421=VECTOR('',#7307,1000.);
#1422=VECTOR('',#7310,1000.);
#1423=VECTOR('',#7311,1000.);
#1424=VECTOR('',#7312,1000.);
#1425=VECTOR('',#7315,1000.);
#1426=VECTOR('',#7316,1000.);
#1427=VECTOR('',#7317,1000.);
#1428=VECTOR('',#7320,1000.);
#1429=VECTOR('',#7321,1000.);
#1430=VECTOR('',#7322,1000.);
#1431=VECTOR('',#7325,1000.);
#1432=VECTOR('',#7326,1000.);
#1433=VECTOR('',#7327,1000.);
#1434=VECTOR('',#7330,1000.);
#1435=VECTOR('',#7331,1000.);
#1436=VECTOR('',#7334,1000.);
#1437=VECTOR('',#7335,1000.);
#1438=VECTOR('',#7338,1000.);
#1439=VECTOR('',#7339,1000.);
#1440=VECTOR('',#7340,1000.);
#1441=VECTOR('',#7343,1000.);
#1442=VECTOR('',#7344,1000.);
#1443=VECTOR('',#7345,1000.);
#1444=VECTOR('',#7346,1000.);
#1445=VECTOR('',#7349,1000.);
#1446=VECTOR('',#7356,1000.);
#1447=VECTOR('',#7363,1000.);
#1448=VECTOR('',#7364,1000.);
#1449=VECTOR('',#7367,1000.);
#1450=VECTOR('',#7368,1000.);
#1451=VECTOR('',#7369,1000.);
#1452=VECTOR('',#7370,1000.);
#1453=VECTOR('',#7373,1000.);
#1454=VECTOR('',#7380,1000.);
#1455=VECTOR('',#7387,1000.);
#1456=VECTOR('',#7388,1000.);
#1457=VECTOR('',#7391,1000.);
#1458=VECTOR('',#7392,1000.);
#1459=VECTOR('',#7393,1000.);
#1460=VECTOR('',#7396,1000.);
#1461=VECTOR('',#7397,1000.);
#1462=VECTOR('',#7398,1000.);
#1463=VECTOR('',#7401,1000.);
#1464=VECTOR('',#7402,1000.);
#1465=VECTOR('',#7403,1000.);
#1466=VECTOR('',#7406,1000.);
#1467=VECTOR('',#7407,1000.);
#1468=VECTOR('',#7408,1000.);
#1469=VECTOR('',#7411,1000.);
#1470=VECTOR('',#7412,1000.);
#1471=VECTOR('',#7415,1000.);
#1472=VECTOR('',#7416,1000.);
#1473=VECTOR('',#7419,1000.);
#1474=VECTOR('',#7422,1000.);
#1475=VECTOR('',#7429,1000.);
#1476=VECTOR('',#7432,1000.);
#1477=VECTOR('',#7439,1000.);
#1478=VECTOR('',#7440,1000.);
#1479=VECTOR('',#7443,1000.);
#1480=VECTOR('',#7446,1000.);
#1481=VECTOR('',#7457,1000.);
#1482=VECTOR('',#7460,1000.);
#1483=VECTOR('',#7469,1000.);
#1484=VECTOR('',#7470,1000.);
#1485=VECTOR('',#7473,1000.);
#1486=VECTOR('',#7476,1000.);
#1487=VECTOR('',#7481,1000.);
#1488=VECTOR('',#7486,1000.);
#1489=VECTOR('',#7487,1000.);
#1490=VECTOR('',#7488,1000.);
#1491=VECTOR('',#7489,1000.);
#1492=VECTOR('',#7492,1000.);
#1493=VECTOR('',#7493,1000.);
#1494=VECTOR('',#7498,1000.);
#1495=VECTOR('',#7501,1000.);
#1496=VECTOR('',#7502,1000.);
#1497=VECTOR('',#7505,1000.);
#1498=VECTOR('',#7506,1000.);
#1499=VECTOR('',#7511,1000.);
#1500=VECTOR('',#7512,1000.);
#1501=VECTOR('',#7513,1000.);
#1502=VECTOR('',#7516,1000.);
#1503=VECTOR('',#7519,1.575);
#1504=VECTOR('',#7522,1.575);
#1505=VECTOR('',#7525,999.999999999999);
#1506=VECTOR('',#7526,1000.);
#1507=VECTOR('',#7527,1000.);
#1508=PLANE('',#5555);
#1509=PLANE('',#5556);
#1510=PLANE('',#5557);
#1511=PLANE('',#5558);
#1512=PLANE('',#5559);
#1513=PLANE('',#5560);
#1514=PLANE('',#5561);
#1515=PLANE('',#5562);
#1516=PLANE('',#5563);
#1517=PLANE('',#5564);
#1518=PLANE('',#5565);
#1519=PLANE('',#5566);
#1520=PLANE('',#5567);
#1521=PLANE('',#5568);
#1522=PLANE('',#5569);
#1523=PLANE('',#5570);
#1524=PLANE('',#5575);
#1525=PLANE('',#5576);
#1526=PLANE('',#5578);
#1527=PLANE('',#5579);
#1528=PLANE('',#5580);
#1529=PLANE('',#5581);
#1530=PLANE('',#5582);
#1531=PLANE('',#5583);
#1532=PLANE('',#5587);
#1533=PLANE('',#5590);
#1534=PLANE('',#5594);
#1535=PLANE('',#5595);
#1536=PLANE('',#5598);
#1537=PLANE('',#5599);
#1538=PLANE('',#5603);
#1539=PLANE('',#5607);
#1540=PLANE('',#5611);
#1541=PLANE('',#5616);
#1542=PLANE('',#5618);
#1543=PLANE('',#5619);
#1544=PLANE('',#5621);
#1545=PLANE('',#5625);
#1546=PLANE('',#5626);
#1547=PLANE('',#5628);
#1548=PLANE('',#5629);
#1549=PLANE('',#5630);
#1550=PLANE('',#5631);
#1551=PLANE('',#5632);
#1552=PLANE('',#5633);
#1553=PLANE('',#5634);
#1554=PLANE('',#5635);
#1555=PLANE('',#5640);
#1556=PLANE('',#5641);
#1557=PLANE('',#5642);
#1558=PLANE('',#5644);
#1559=PLANE('',#5645);
#1560=PLANE('',#5646);
#1561=PLANE('',#5647);
#1562=PLANE('',#5648);
#1563=PLANE('',#5649);
#1564=PLANE('',#5650);
#1565=PLANE('',#5651);
#1566=PLANE('',#5652);
#1567=PLANE('',#5653);
#1568=PLANE('',#5654);
#1569=PLANE('',#5655);
#1570=PLANE('',#5656);
#1571=PLANE('',#5657);
#1572=PLANE('',#5658);
#1573=PLANE('',#5661);
#1574=PLANE('',#5662);
#1575=PLANE('',#5663);
#1576=PLANE('',#5664);
#1577=PLANE('',#5665);
#1578=PLANE('',#5666);
#1579=PLANE('',#5667);
#1580=PLANE('',#5668);
#1581=PLANE('',#5669);
#1582=PLANE('',#5670);
#1583=PLANE('',#5671);
#1584=PLANE('',#5672);
#1585=PLANE('',#5673);
#1586=PLANE('',#5674);
#1587=PLANE('',#5675);
#1588=PLANE('',#5676);
#1589=PLANE('',#5677);
#1590=PLANE('',#5678);
#1591=PLANE('',#5679);
#1592=PLANE('',#5680);
#1593=PLANE('',#5681);
#1594=PLANE('',#5682);
#1595=PLANE('',#5683);
#1596=PLANE('',#5684);
#1597=PLANE('',#5685);
#1598=PLANE('',#5686);
#1599=PLANE('',#5687);
#1600=PLANE('',#5690);
#1601=PLANE('',#5694);
#1602=PLANE('',#5695);
#1603=PLANE('',#5702);
#1604=PLANE('',#5705);
#1605=PLANE('',#5706);
#1606=PLANE('',#5707);
#1607=PLANE('',#5708);
#1608=PLANE('',#5716);
#1609=PLANE('',#5719);
#1610=PLANE('',#5720);
#1611=PLANE('',#5721);
#1612=PLANE('',#5724);
#1613=PLANE('',#5727);
#1614=PLANE('',#5732);
#1615=PLANE('',#5753);
#1616=PLANE('',#5756);
#1617=PLANE('',#5759);
#1618=PLANE('',#5762);
#1619=PLANE('',#5766);
#1620=PLANE('',#5768);
#1621=PLANE('',#5769);
#1622=PLANE('',#5770);
#1623=PLANE('',#5771);
#1624=PLANE('',#5772);
#1625=PLANE('',#5773);
#1626=PLANE('',#5774);
#1627=PLANE('',#5775);
#1628=PLANE('',#5776);
#1629=PLANE('',#5777);
#1630=PLANE('',#5778);
#1631=PLANE('',#5780);
#1632=PLANE('',#5781);
#1633=PLANE('',#5783);
#1634=PLANE('',#5784);
#1635=PLANE('',#5786);
#1636=PLANE('',#5787);
#1637=PLANE('',#5789);
#1638=PLANE('',#5791);
#1639=PLANE('',#5792);
#1640=PLANE('',#5794);
#1641=PLANE('',#5796);
#1642=PLANE('',#5797);
#1643=PLANE('',#5798);
#1644=PLANE('',#5800);
#1645=PLANE('',#5805);
#1646=PLANE('',#5808);
#1647=PLANE('',#5809);
#1648=PLANE('',#5810);
#1649=PLANE('',#5811);
#1650=PLANE('',#5812);
#1651=PLANE('',#5813);
#1652=PLANE('',#5814);
#1653=PLANE('',#5816);
#1654=PLANE('',#5817);
#1655=PLANE('',#5818);
#1656=PLANE('',#5819);
#1657=PLANE('',#5828);
#1658=PLANE('',#5829);
#1659=PLANE('',#5837);
#1660=PLANE('',#5838);
#1661=PLANE('',#5839);
#1662=PLANE('',#5840);
#1663=PLANE('',#5841);
#1664=PLANE('',#5842);
#1665=PLANE('',#5843);
#1666=PLANE('',#5844);
#1667=PLANE('',#5857);
#1668=PLANE('',#5858);
#1669=PLANE('',#5859);
#1670=PLANE('',#5860);
#1671=PLANE('',#5861);
#1672=PLANE('',#5862);
#1673=PLANE('',#5863);
#1674=PLANE('',#5864);
#1675=PLANE('',#5866);
#1676=PLANE('',#5867);
#1677=PLANE('',#5868);
#1678=PLANE('',#5881);
#1679=PLANE('',#5882);
#1680=PLANE('',#5883);
#1681=PLANE('',#5884);
#1682=PLANE('',#5891);
#1683=PLANE('',#5892);
#1684=PLANE('',#5899);
#1685=PLANE('',#5900);
#1686=PLANE('',#5907);
#1687=PLANE('',#5908);
#1688=PLANE('',#5909);
#1689=PLANE('',#5913);
#1690=PLANE('',#5914);
#1691=PLANE('',#5915);
#1692=PLANE('',#5916);
#1693=PLANE('',#5917);
#1694=PLANE('',#5918);
#1695=PLANE('',#5919);
#1696=PLANE('',#5920);
#1697=PLANE('',#5921);
#1698=PLANE('',#5922);
#1699=PLANE('',#5923);
#1700=PLANE('',#5924);
#1701=PLANE('',#5925);
#1702=PLANE('',#5926);
#1703=PLANE('',#5927);
#1704=PLANE('',#5928);
#1705=PLANE('',#5929);
#1706=PLANE('',#5930);
#1707=PLANE('',#5931);
#1708=PLANE('',#5932);
#1709=PLANE('',#5933);
#1710=PLANE('',#5934);
#1711=PLANE('',#5935);
#1712=PLANE('',#5936);
#1713=PLANE('',#5937);
#1714=PLANE('',#5938);
#1715=PLANE('',#5939);
#1716=PLANE('',#5940);
#1717=PLANE('',#5941);
#1718=PLANE('',#5942);
#1719=PLANE('',#5943);
#1720=PLANE('',#5950);
#1721=PLANE('',#5951);
#1722=PLANE('',#5958);
#1723=PLANE('',#5959);
#1724=PLANE('',#5960);
#1725=PLANE('',#5961);
#1726=PLANE('',#5962);
#1727=PLANE('',#5963);
#1728=PLANE('',#5964);
#1729=PLANE('',#5965);
#1730=PLANE('',#5966);
#1731=PLANE('',#5967);
#1732=PLANE('',#5969);
#1733=PLANE('',#5973);
#1734=PLANE('',#5975);
#1735=PLANE('',#5977);
#1736=PLANE('',#5978);
#1737=PLANE('',#5980);
#1738=PLANE('',#5984);
#1739=PLANE('',#5985);
#1740=PLANE('',#5987);
#1741=PLANE('',#5989);
#1742=PLANE('',#5990);
#1743=PLANE('',#5991);
#1744=PLANE('',#5992);
#1745=PLANE('',#5993);
#1746=PLANE('',#5994);
#1747=PLANE('',#5995);
#1748=PLANE('',#5996);
#1749=PLANE('',#5997);
#1750=PLANE('',#5998);
#1751=PLANE('',#5999);
#1752=PLANE('',#6002);
#1753=PLANE('',#6003);
#1754=PLANE('',#6004);
#1755=PLANE('',#6005);
#1756=PLANE('',#6006);
#1757=FACE_OUTER_BOUND('',#2082,.T.);
#1758=FACE_OUTER_BOUND('',#2083,.T.);
#1759=FACE_OUTER_BOUND('',#2084,.T.);
#1760=FACE_OUTER_BOUND('',#2085,.T.);
#1761=FACE_OUTER_BOUND('',#2086,.T.);
#1762=FACE_OUTER_BOUND('',#2087,.T.);
#1763=FACE_OUTER_BOUND('',#2088,.T.);
#1764=FACE_OUTER_BOUND('',#2089,.T.);
#1765=FACE_OUTER_BOUND('',#2090,.T.);
#1766=FACE_OUTER_BOUND('',#2091,.T.);
#1767=FACE_OUTER_BOUND('',#2092,.T.);
#1768=FACE_OUTER_BOUND('',#2093,.T.);
#1769=FACE_OUTER_BOUND('',#2094,.T.);
#1770=FACE_OUTER_BOUND('',#2095,.T.);
#1771=FACE_OUTER_BOUND('',#2096,.T.);
#1772=FACE_OUTER_BOUND('',#2097,.T.);
#1773=FACE_OUTER_BOUND('',#2098,.T.);
#1774=FACE_OUTER_BOUND('',#2099,.T.);
#1775=FACE_OUTER_BOUND('',#2100,.T.);
#1776=FACE_OUTER_BOUND('',#2101,.T.);
#1777=FACE_OUTER_BOUND('',#2102,.T.);
#1778=FACE_OUTER_BOUND('',#2103,.T.);
#1779=FACE_OUTER_BOUND('',#2104,.T.);
#1780=FACE_OUTER_BOUND('',#2105,.T.);
#1781=FACE_OUTER_BOUND('',#2106,.T.);
#1782=FACE_OUTER_BOUND('',#2107,.T.);
#1783=FACE_OUTER_BOUND('',#2108,.T.);
#1784=FACE_OUTER_BOUND('',#2109,.T.);
#1785=FACE_OUTER_BOUND('',#2110,.T.);
#1786=FACE_OUTER_BOUND('',#2111,.T.);
#1787=FACE_OUTER_BOUND('',#2112,.T.);
#1788=FACE_OUTER_BOUND('',#2113,.T.);
#1789=FACE_OUTER_BOUND('',#2114,.T.);
#1790=FACE_OUTER_BOUND('',#2115,.T.);
#1791=FACE_OUTER_BOUND('',#2116,.T.);
#1792=FACE_OUTER_BOUND('',#2117,.T.);
#1793=FACE_OUTER_BOUND('',#2118,.T.);
#1794=FACE_OUTER_BOUND('',#2119,.T.);
#1795=FACE_OUTER_BOUND('',#2120,.T.);
#1796=FACE_OUTER_BOUND('',#2121,.T.);
#1797=FACE_OUTER_BOUND('',#2122,.T.);
#1798=FACE_OUTER_BOUND('',#2123,.T.);
#1799=FACE_OUTER_BOUND('',#2124,.T.);
#1800=FACE_OUTER_BOUND('',#2125,.T.);
#1801=FACE_OUTER_BOUND('',#2126,.T.);
#1802=FACE_OUTER_BOUND('',#2127,.T.);
#1803=FACE_OUTER_BOUND('',#2128,.T.);
#1804=FACE_OUTER_BOUND('',#2129,.T.);
#1805=FACE_OUTER_BOUND('',#2130,.T.);
#1806=FACE_OUTER_BOUND('',#2131,.T.);
#1807=FACE_OUTER_BOUND('',#2132,.T.);
#1808=FACE_OUTER_BOUND('',#2133,.T.);
#1809=FACE_OUTER_BOUND('',#2134,.T.);
#1810=FACE_OUTER_BOUND('',#2135,.T.);
#1811=FACE_OUTER_BOUND('',#2137,.T.);
#1812=FACE_OUTER_BOUND('',#2138,.T.);
#1813=FACE_OUTER_BOUND('',#2139,.T.);
#1814=FACE_OUTER_BOUND('',#2140,.T.);
#1815=FACE_OUTER_BOUND('',#2141,.T.);
#1816=FACE_OUTER_BOUND('',#2142,.T.);
#1817=FACE_OUTER_BOUND('',#2143,.T.);
#1818=FACE_OUTER_BOUND('',#2144,.T.);
#1819=FACE_OUTER_BOUND('',#2145,.T.);
#1820=FACE_OUTER_BOUND('',#2146,.T.);
#1821=FACE_OUTER_BOUND('',#2147,.T.);
#1822=FACE_OUTER_BOUND('',#2148,.T.);
#1823=FACE_OUTER_BOUND('',#2149,.T.);
#1824=FACE_OUTER_BOUND('',#2151,.T.);
#1825=FACE_OUTER_BOUND('',#2152,.T.);
#1826=FACE_OUTER_BOUND('',#2153,.T.);
#1827=FACE_OUTER_BOUND('',#2154,.T.);
#1828=FACE_OUTER_BOUND('',#2155,.T.);
#1829=FACE_OUTER_BOUND('',#2156,.T.);
#1830=FACE_OUTER_BOUND('',#2157,.T.);
#1831=FACE_OUTER_BOUND('',#2158,.T.);
#1832=FACE_OUTER_BOUND('',#2159,.T.);
#1833=FACE_OUTER_BOUND('',#2160,.T.);
#1834=FACE_OUTER_BOUND('',#2161,.T.);
#1835=FACE_OUTER_BOUND('',#2162,.T.);
#1836=FACE_OUTER_BOUND('',#2163,.T.);
#1837=FACE_OUTER_BOUND('',#2164,.T.);
#1838=FACE_OUTER_BOUND('',#2165,.T.);
#1839=FACE_OUTER_BOUND('',#2166,.T.);
#1840=FACE_OUTER_BOUND('',#2168,.T.);
#1841=FACE_OUTER_BOUND('',#2169,.T.);
#1842=FACE_OUTER_BOUND('',#2170,.T.);
#1843=FACE_OUTER_BOUND('',#2171,.T.);
#1844=FACE_OUTER_BOUND('',#2172,.T.);
#1845=FACE_OUTER_BOUND('',#2173,.T.);
#1846=FACE_OUTER_BOUND('',#2174,.T.);
#1847=FACE_OUTER_BOUND('',#2175,.T.);
#1848=FACE_OUTER_BOUND('',#2176,.T.);
#1849=FACE_OUTER_BOUND('',#2177,.T.);
#1850=FACE_OUTER_BOUND('',#2178,.T.);
#1851=FACE_OUTER_BOUND('',#2179,.T.);
#1852=FACE_OUTER_BOUND('',#2180,.T.);
#1853=FACE_OUTER_BOUND('',#2181,.T.);
#1854=FACE_OUTER_BOUND('',#2182,.T.);
#1855=FACE_OUTER_BOUND('',#2183,.T.);
#1856=FACE_OUTER_BOUND('',#2184,.T.);
#1857=FACE_OUTER_BOUND('',#2185,.T.);
#1858=FACE_OUTER_BOUND('',#2186,.T.);
#1859=FACE_OUTER_BOUND('',#2187,.T.);
#1860=FACE_OUTER_BOUND('',#2188,.T.);
#1861=FACE_OUTER_BOUND('',#2189,.T.);
#1862=FACE_OUTER_BOUND('',#2190,.T.);
#1863=FACE_OUTER_BOUND('',#2191,.T.);
#1864=FACE_OUTER_BOUND('',#2192,.T.);
#1865=FACE_OUTER_BOUND('',#2193,.T.);
#1866=FACE_OUTER_BOUND('',#2194,.T.);
#1867=FACE_OUTER_BOUND('',#2196,.T.);
#1868=FACE_OUTER_BOUND('',#2197,.T.);
#1869=FACE_OUTER_BOUND('',#2198,.T.);
#1870=FACE_OUTER_BOUND('',#2199,.T.);
#1871=FACE_OUTER_BOUND('',#2200,.T.);
#1872=FACE_OUTER_BOUND('',#2201,.T.);
#1873=FACE_OUTER_BOUND('',#2202,.T.);
#1874=FACE_OUTER_BOUND('',#2203,.T.);
#1875=FACE_OUTER_BOUND('',#2204,.T.);
#1876=FACE_OUTER_BOUND('',#2205,.T.);
#1877=FACE_OUTER_BOUND('',#2206,.T.);
#1878=FACE_OUTER_BOUND('',#2207,.T.);
#1879=FACE_OUTER_BOUND('',#2208,.T.);
#1880=FACE_OUTER_BOUND('',#2209,.T.);
#1881=FACE_OUTER_BOUND('',#2210,.T.);
#1882=FACE_OUTER_BOUND('',#2211,.T.);
#1883=FACE_OUTER_BOUND('',#2212,.T.);
#1884=FACE_OUTER_BOUND('',#2213,.T.);
#1885=FACE_OUTER_BOUND('',#2214,.T.);
#1886=FACE_OUTER_BOUND('',#2215,.T.);
#1887=FACE_OUTER_BOUND('',#2216,.T.);
#1888=FACE_OUTER_BOUND('',#2217,.T.);
#1889=FACE_OUTER_BOUND('',#2218,.T.);
#1890=FACE_OUTER_BOUND('',#2219,.T.);
#1891=FACE_OUTER_BOUND('',#2220,.T.);
#1892=FACE_OUTER_BOUND('',#2221,.T.);
#1893=FACE_OUTER_BOUND('',#2222,.T.);
#1894=FACE_OUTER_BOUND('',#2225,.T.);
#1895=FACE_OUTER_BOUND('',#2226,.T.);
#1896=FACE_OUTER_BOUND('',#2227,.T.);
#1897=FACE_OUTER_BOUND('',#2228,.T.);
#1898=FACE_OUTER_BOUND('',#2229,.T.);
#1899=FACE_OUTER_BOUND('',#2230,.T.);
#1900=FACE_OUTER_BOUND('',#2231,.T.);
#1901=FACE_OUTER_BOUND('',#2232,.T.);
#1902=FACE_OUTER_BOUND('',#2233,.T.);
#1903=FACE_OUTER_BOUND('',#2234,.T.);
#1904=FACE_OUTER_BOUND('',#2235,.T.);
#1905=FACE_OUTER_BOUND('',#2236,.T.);
#1906=FACE_OUTER_BOUND('',#2237,.T.);
#1907=FACE_OUTER_BOUND('',#2238,.T.);
#1908=FACE_OUTER_BOUND('',#2239,.T.);
#1909=FACE_OUTER_BOUND('',#2240,.T.);
#1910=FACE_OUTER_BOUND('',#2241,.T.);
#1911=FACE_OUTER_BOUND('',#2242,.T.);
#1912=FACE_OUTER_BOUND('',#2243,.T.);
#1913=FACE_OUTER_BOUND('',#2244,.T.);
#1914=FACE_OUTER_BOUND('',#2245,.T.);
#1915=FACE_OUTER_BOUND('',#2246,.T.);
#1916=FACE_OUTER_BOUND('',#2247,.T.);
#1917=FACE_OUTER_BOUND('',#2248,.T.);
#1918=FACE_OUTER_BOUND('',#2249,.T.);
#1919=FACE_OUTER_BOUND('',#2250,.T.);
#1920=FACE_OUTER_BOUND('',#2251,.T.);
#1921=FACE_OUTER_BOUND('',#2252,.T.);
#1922=FACE_OUTER_BOUND('',#2253,.T.);
#1923=FACE_OUTER_BOUND('',#2254,.T.);
#1924=FACE_OUTER_BOUND('',#2255,.T.);
#1925=FACE_OUTER_BOUND('',#2256,.T.);
#1926=FACE_OUTER_BOUND('',#2257,.T.);
#1927=FACE_OUTER_BOUND('',#2258,.T.);
#1928=FACE_OUTER_BOUND('',#2259,.T.);
#1929=FACE_OUTER_BOUND('',#2260,.T.);
#1930=FACE_OUTER_BOUND('',#2261,.T.);
#1931=FACE_OUTER_BOUND('',#2262,.T.);
#1932=FACE_OUTER_BOUND('',#2263,.T.);
#1933=FACE_OUTER_BOUND('',#2264,.T.);
#1934=FACE_OUTER_BOUND('',#2265,.T.);
#1935=FACE_OUTER_BOUND('',#2266,.T.);
#1936=FACE_OUTER_BOUND('',#2267,.T.);
#1937=FACE_OUTER_BOUND('',#2268,.T.);
#1938=FACE_OUTER_BOUND('',#2271,.T.);
#1939=FACE_OUTER_BOUND('',#2272,.T.);
#1940=FACE_OUTER_BOUND('',#2273,.T.);
#1941=FACE_OUTER_BOUND('',#2274,.T.);
#1942=FACE_OUTER_BOUND('',#2277,.T.);
#1943=FACE_OUTER_BOUND('',#2278,.T.);
#1944=FACE_OUTER_BOUND('',#2279,.T.);
#1945=FACE_OUTER_BOUND('',#2280,.T.);
#1946=FACE_OUTER_BOUND('',#2281,.T.);
#1947=FACE_OUTER_BOUND('',#2282,.T.);
#1948=FACE_OUTER_BOUND('',#2283,.T.);
#1949=FACE_OUTER_BOUND('',#2284,.T.);
#1950=FACE_OUTER_BOUND('',#2285,.T.);
#1951=FACE_OUTER_BOUND('',#2286,.T.);
#1952=FACE_OUTER_BOUND('',#2287,.T.);
#1953=FACE_OUTER_BOUND('',#2288,.T.);
#1954=FACE_OUTER_BOUND('',#2290,.T.);
#1955=FACE_OUTER_BOUND('',#2291,.T.);
#1956=FACE_OUTER_BOUND('',#2292,.T.);
#1957=FACE_OUTER_BOUND('',#2293,.T.);
#1958=FACE_OUTER_BOUND('',#2294,.T.);
#1959=FACE_OUTER_BOUND('',#2295,.T.);
#1960=FACE_OUTER_BOUND('',#2296,.T.);
#1961=FACE_OUTER_BOUND('',#2297,.T.);
#1962=FACE_OUTER_BOUND('',#2299,.T.);
#1963=FACE_OUTER_BOUND('',#2300,.T.);
#1964=FACE_OUTER_BOUND('',#2301,.T.);
#1965=FACE_OUTER_BOUND('',#2302,.T.);
#1966=FACE_OUTER_BOUND('',#2303,.T.);
#1967=FACE_OUTER_BOUND('',#2304,.T.);
#1968=FACE_OUTER_BOUND('',#2305,.T.);
#1969=FACE_OUTER_BOUND('',#2306,.T.);
#1970=FACE_OUTER_BOUND('',#2307,.T.);
#1971=FACE_OUTER_BOUND('',#2308,.T.);
#1972=FACE_OUTER_BOUND('',#2309,.T.);
#1973=FACE_OUTER_BOUND('',#2310,.T.);
#1974=FACE_OUTER_BOUND('',#2311,.T.);
#1975=FACE_OUTER_BOUND('',#2312,.T.);
#1976=FACE_OUTER_BOUND('',#2313,.T.);
#1977=FACE_OUTER_BOUND('',#2314,.T.);
#1978=FACE_OUTER_BOUND('',#2316,.T.);
#1979=FACE_OUTER_BOUND('',#2317,.T.);
#1980=FACE_OUTER_BOUND('',#2318,.T.);
#1981=FACE_OUTER_BOUND('',#2319,.T.);
#1982=FACE_OUTER_BOUND('',#2320,.T.);
#1983=FACE_OUTER_BOUND('',#2321,.T.);
#1984=FACE_OUTER_BOUND('',#2322,.T.);
#1985=FACE_OUTER_BOUND('',#2323,.T.);
#1986=FACE_OUTER_BOUND('',#2324,.T.);
#1987=FACE_OUTER_BOUND('',#2325,.T.);
#1988=FACE_OUTER_BOUND('',#2326,.T.);
#1989=FACE_OUTER_BOUND('',#2327,.T.);
#1990=FACE_OUTER_BOUND('',#2328,.T.);
#1991=FACE_OUTER_BOUND('',#2329,.T.);
#1992=FACE_OUTER_BOUND('',#2330,.T.);
#1993=FACE_OUTER_BOUND('',#2331,.T.);
#1994=FACE_OUTER_BOUND('',#2332,.T.);
#1995=FACE_OUTER_BOUND('',#2333,.T.);
#1996=FACE_OUTER_BOUND('',#2334,.T.);
#1997=FACE_OUTER_BOUND('',#2335,.T.);
#1998=FACE_OUTER_BOUND('',#2336,.T.);
#1999=FACE_OUTER_BOUND('',#2337,.T.);
#2000=FACE_OUTER_BOUND('',#2338,.T.);
#2001=FACE_OUTER_BOUND('',#2339,.T.);
#2002=FACE_OUTER_BOUND('',#2340,.T.);
#2003=FACE_OUTER_BOUND('',#2341,.T.);
#2004=FACE_OUTER_BOUND('',#2342,.T.);
#2005=FACE_OUTER_BOUND('',#2343,.T.);
#2006=FACE_OUTER_BOUND('',#2344,.T.);
#2007=FACE_OUTER_BOUND('',#2345,.T.);
#2008=FACE_OUTER_BOUND('',#2346,.T.);
#2009=FACE_OUTER_BOUND('',#2347,.T.);
#2010=FACE_OUTER_BOUND('',#2348,.T.);
#2011=FACE_OUTER_BOUND('',#2349,.T.);
#2012=FACE_OUTER_BOUND('',#2350,.T.);
#2013=FACE_OUTER_BOUND('',#2351,.T.);
#2014=FACE_OUTER_BOUND('',#2352,.T.);
#2015=FACE_OUTER_BOUND('',#2353,.T.);
#2016=FACE_OUTER_BOUND('',#2354,.T.);
#2017=FACE_OUTER_BOUND('',#2355,.T.);
#2018=FACE_OUTER_BOUND('',#2356,.T.);
#2019=FACE_OUTER_BOUND('',#2357,.T.);
#2020=FACE_OUTER_BOUND('',#2358,.T.);
#2021=FACE_OUTER_BOUND('',#2359,.T.);
#2022=FACE_OUTER_BOUND('',#2360,.T.);
#2023=FACE_OUTER_BOUND('',#2361,.T.);
#2024=FACE_OUTER_BOUND('',#2362,.T.);
#2025=FACE_OUTER_BOUND('',#2363,.T.);
#2026=FACE_OUTER_BOUND('',#2364,.T.);
#2027=FACE_OUTER_BOUND('',#2365,.T.);
#2028=FACE_OUTER_BOUND('',#2366,.T.);
#2029=FACE_OUTER_BOUND('',#2367,.T.);
#2030=FACE_OUTER_BOUND('',#2368,.T.);
#2031=FACE_OUTER_BOUND('',#2369,.T.);
#2032=FACE_OUTER_BOUND('',#2370,.T.);
#2033=FACE_OUTER_BOUND('',#2371,.T.);
#2034=FACE_OUTER_BOUND('',#2372,.T.);
#2035=FACE_OUTER_BOUND('',#2373,.T.);
#2036=FACE_OUTER_BOUND('',#2374,.T.);
#2037=FACE_OUTER_BOUND('',#2375,.T.);
#2038=FACE_OUTER_BOUND('',#2376,.T.);
#2039=FACE_OUTER_BOUND('',#2377,.T.);
#2040=FACE_OUTER_BOUND('',#2378,.T.);
#2041=FACE_OUTER_BOUND('',#2379,.T.);
#2042=FACE_OUTER_BOUND('',#2380,.T.);
#2043=FACE_OUTER_BOUND('',#2381,.T.);
#2044=FACE_OUTER_BOUND('',#2382,.T.);
#2045=FACE_OUTER_BOUND('',#2383,.T.);
#2046=FACE_OUTER_BOUND('',#2384,.T.);
#2047=FACE_OUTER_BOUND('',#2385,.T.);
#2048=FACE_OUTER_BOUND('',#2386,.T.);
#2049=FACE_OUTER_BOUND('',#2387,.T.);
#2050=FACE_OUTER_BOUND('',#2388,.T.);
#2051=FACE_OUTER_BOUND('',#2389,.T.);
#2052=FACE_OUTER_BOUND('',#2391,.T.);
#2053=FACE_OUTER_BOUND('',#2392,.T.);
#2054=FACE_OUTER_BOUND('',#2393,.T.);
#2055=FACE_OUTER_BOUND('',#2394,.T.);
#2056=FACE_OUTER_BOUND('',#2395,.T.);
#2057=FACE_OUTER_BOUND('',#2396,.T.);
#2058=FACE_OUTER_BOUND('',#2397,.T.);
#2059=FACE_OUTER_BOUND('',#2399,.T.);
#2060=FACE_OUTER_BOUND('',#2401,.T.);
#2061=FACE_OUTER_BOUND('',#2402,.T.);
#2062=FACE_OUTER_BOUND('',#2403,.T.);
#2063=FACE_OUTER_BOUND('',#2404,.T.);
#2064=FACE_OUTER_BOUND('',#2405,.T.);
#2065=FACE_OUTER_BOUND('',#2406,.T.);
#2066=FACE_OUTER_BOUND('',#2407,.T.);
#2067=FACE_OUTER_BOUND('',#2408,.T.);
#2068=FACE_OUTER_BOUND('',#2409,.T.);
#2069=FACE_OUTER_BOUND('',#2411,.T.);
#2070=FACE_OUTER_BOUND('',#2413,.T.);
#2071=FACE_OUTER_BOUND('',#2414,.T.);
#2072=FACE_OUTER_BOUND('',#2415,.T.);
#2073=FACE_OUTER_BOUND('',#2416,.T.);
#2074=FACE_OUTER_BOUND('',#2417,.T.);
#2075=FACE_OUTER_BOUND('',#2418,.T.);
#2076=FACE_OUTER_BOUND('',#2419,.T.);
#2077=FACE_OUTER_BOUND('',#2420,.T.);
#2078=FACE_OUTER_BOUND('',#2422,.T.);
#2079=FACE_OUTER_BOUND('',#2423,.T.);
#2080=FACE_OUTER_BOUND('',#2424,.T.);
#2081=FACE_OUTER_BOUND('',#2425,.T.);
#2082=EDGE_LOOP('',(#3662,#3663,#3664,#3665,#3666));
#2083=EDGE_LOOP('',(#3667,#3668,#3669,#3670));
#2084=EDGE_LOOP('',(#3671,#3672,#3673,#3674));
#2085=EDGE_LOOP('',(#3675,#3676,#3677,#3678,#3679));
#2086=EDGE_LOOP('',(#3680,#3681,#3682,#3683,#3684));
#2087=EDGE_LOOP('',(#3685,#3686,#3687,#3688));
#2088=EDGE_LOOP('',(#3689,#3690,#3691,#3692,#3693));
#2089=EDGE_LOOP('',(#3694,#3695,#3696,#3697));
#2090=EDGE_LOOP('',(#3698,#3699,#3700,#3701));
#2091=EDGE_LOOP('',(#3702,#3703,#3704,#3705));
#2092=EDGE_LOOP('',(#3706,#3707,#3708,#3709));
#2093=EDGE_LOOP('',(#3710,#3711,#3712,#3713));
#2094=EDGE_LOOP('',(#3714,#3715,#3716,#3717));
#2095=EDGE_LOOP('',(#3718,#3719,#3720,#3721));
#2096=EDGE_LOOP('',(#3722,#3723,#3724,#3725));
#2097=EDGE_LOOP('',(#3726,#3727,#3728,#3729));
#2098=EDGE_LOOP('',(#3730,#3731,#3732,#3733));
#2099=EDGE_LOOP('',(#3734,#3735,#3736,#3737,#3738,#3739,#3740,#3741,#3742,
#3743,#3744,#3745,#3746,#3747,#3748,#3749,#3750,#3751,#3752,#3753));
#2100=EDGE_LOOP('',(#3754,#3755,#3756,#3757,#3758));
#2101=EDGE_LOOP('',(#3759,#3760,#3761,#3762,#3763,#3764));
#2102=EDGE_LOOP('',(#3765,#3766,#3767,#3768));
#2103=EDGE_LOOP('',(#3769,#3770,#3771,#3772,#3773));
#2104=EDGE_LOOP('',(#3774,#3775,#3776,#3777));
#2105=EDGE_LOOP('',(#3778,#3779,#3780,#3781,#3782));
#2106=EDGE_LOOP('',(#3783,#3784,#3785,#3786,#3787,#3788));
#2107=EDGE_LOOP('',(#3789,#3790,#3791,#3792,#3793));
#2108=EDGE_LOOP('',(#3794,#3795,#3796,#3797));
#2109=EDGE_LOOP('',(#3798));
#2110=EDGE_LOOP('',(#3799,#3800,#3801,#3802));
#2111=EDGE_LOOP('',(#3803,#3804,#3805,#3806));
#2112=EDGE_LOOP('',(#3807,#3808,#3809,#3810));
#2113=EDGE_LOOP('',(#3811,#3812,#3813,#3814));
#2114=EDGE_LOOP('',(#3815,#3816,#3817));
#2115=EDGE_LOOP('',(#3818,#3819,#3820,#3821));
#2116=EDGE_LOOP('',(#3822,#3823,#3824));
#2117=EDGE_LOOP('',(#3825,#3826,#3827,#3828));
#2118=EDGE_LOOP('',(#3829,#3830,#3831,#3832));
#2119=EDGE_LOOP('',(#3833,#3834,#3835,#3836));
#2120=EDGE_LOOP('',(#3837,#3838,#3839,#3840));
#2121=EDGE_LOOP('',(#3841,#3842,#3843,#3844));
#2122=EDGE_LOOP('',(#3845,#3846,#3847,#3848));
#2123=EDGE_LOOP('',(#3849,#3850,#3851,#3852));
#2124=EDGE_LOOP('',(#3853,#3854,#3855,#3856));
#2125=EDGE_LOOP('',(#3857,#3858,#3859,#3860));
#2126=EDGE_LOOP('',(#3861,#3862,#3863,#3864));
#2127=EDGE_LOOP('',(#3865,#3866,#3867,#3868));
#2128=EDGE_LOOP('',(#3869,#3870,#3871,#3872));
#2129=EDGE_LOOP('',(#3873,#3874,#3875,#3876,#3877,#3878,#3879,#3880));
#2130=EDGE_LOOP('',(#3881,#3882,#3883,#3884));
#2131=EDGE_LOOP('',(#3885,#3886,#3887,#3888,#3889,#3890,#3891,#3892,#3893,
#3894,#3895,#3896,#3897));
#2132=EDGE_LOOP('',(#3898,#3899,#3900,#3901));
#2133=EDGE_LOOP('',(#3902,#3903,#3904,#3905));
#2134=EDGE_LOOP('',(#3906,#3907,#3908,#3909,#3910,#3911));
#2135=EDGE_LOOP('',(#3912,#3913,#3914,#3915,#3916,#3917,#3918,#3919,#3920,
#3921,#3922,#3923,#3924,#3925));
#2136=EDGE_LOOP('',(#3926));
#2137=EDGE_LOOP('',(#3927,#3928,#3929,#3930));
#2138=EDGE_LOOP('',(#3931,#3932,#3933,#3934,#3935));
#2139=EDGE_LOOP('',(#3936,#3937,#3938,#3939,#3940,#3941));
#2140=EDGE_LOOP('',(#3942,#3943,#3944,#3945));
#2141=EDGE_LOOP('',(#3946,#3947,#3948,#3949));
#2142=EDGE_LOOP('',(#3950,#3951,#3952,#3953,#3954));
#2143=EDGE_LOOP('',(#3955,#3956,#3957,#3958,#3959));
#2144=EDGE_LOOP('',(#3960,#3961,#3962,#3963,#3964));
#2145=EDGE_LOOP('',(#3965,#3966,#3967,#3968,#3969,#3970));
#2146=EDGE_LOOP('',(#3971,#3972,#3973,#3974));
#2147=EDGE_LOOP('',(#3975,#3976,#3977));
#2148=EDGE_LOOP('',(#3978,#3979,#3980,#3981));
#2149=EDGE_LOOP('',(#3982,#3983,#3984,#3985,#3986,#3987));
#2150=EDGE_LOOP('',(#3988,#3989,#3990,#3991,#3992,#3993));
#2151=EDGE_LOOP('',(#3994,#3995,#3996,#3997));
#2152=EDGE_LOOP('',(#3998,#3999,#4000,#4001));
#2153=EDGE_LOOP('',(#4002,#4003,#4004,#4005));
#2154=EDGE_LOOP('',(#4006,#4007,#4008,#4009));
#2155=EDGE_LOOP('',(#4010,#4011,#4012,#4013));
#2156=EDGE_LOOP('',(#4014,#4015,#4016,#4017));
#2157=EDGE_LOOP('',(#4018,#4019,#4020,#4021));
#2158=EDGE_LOOP('',(#4022,#4023,#4024,#4025));
#2159=EDGE_LOOP('',(#4026,#4027,#4028,#4029));
#2160=EDGE_LOOP('',(#4030,#4031,#4032,#4033));
#2161=EDGE_LOOP('',(#4034,#4035,#4036,#4037));
#2162=EDGE_LOOP('',(#4038,#4039,#4040,#4041));
#2163=EDGE_LOOP('',(#4042,#4043,#4044,#4045));
#2164=EDGE_LOOP('',(#4046,#4047,#4048,#4049));
#2165=EDGE_LOOP('',(#4050,#4051,#4052,#4053));
#2166=EDGE_LOOP('',(#4054,#4055,#4056,#4057,#4058,#4059,#4060,#4061));
#2167=EDGE_LOOP('',(#4062,#4063,#4064,#4065,#4066,#4067,#4068,#4069));
#2168=EDGE_LOOP('',(#4070,#4071,#4072));
#2169=EDGE_LOOP('',(#4073,#4074,#4075));
#2170=EDGE_LOOP('',(#4076,#4077,#4078,#4079));
#2171=EDGE_LOOP('',(#4080,#4081,#4082));
#2172=EDGE_LOOP('',(#4083,#4084,#4085));
#2173=EDGE_LOOP('',(#4086,#4087,#4088,#4089));
#2174=EDGE_LOOP('',(#4090,#4091,#4092,#4093,#4094));
#2175=EDGE_LOOP('',(#4095,#4096,#4097,#4098));
#2176=EDGE_LOOP('',(#4099,#4100,#4101,#4102));
#2177=EDGE_LOOP('',(#4103,#4104,#4105,#4106,#4107));
#2178=EDGE_LOOP('',(#4108,#4109,#4110,#4111));
#2179=EDGE_LOOP('',(#4112,#4113,#4114,#4115));
#2180=EDGE_LOOP('',(#4116,#4117,#4118,#4119,#4120,#4121,#4122,#4123));
#2181=EDGE_LOOP('',(#4124,#4125,#4126,#4127));
#2182=EDGE_LOOP('',(#4128,#4129,#4130,#4131));
#2183=EDGE_LOOP('',(#4132,#4133,#4134,#4135));
#2184=EDGE_LOOP('',(#4136,#4137,#4138,#4139));
#2185=EDGE_LOOP('',(#4140,#4141,#4142,#4143));
#2186=EDGE_LOOP('',(#4144,#4145,#4146,#4147));
#2187=EDGE_LOOP('',(#4148,#4149,#4150,#4151));
#2188=EDGE_LOOP('',(#4152,#4153,#4154,#4155));
#2189=EDGE_LOOP('',(#4156,#4157,#4158,#4159));
#2190=EDGE_LOOP('',(#4160,#4161,#4162,#4163));
#2191=EDGE_LOOP('',(#4164,#4165,#4166,#4167));
#2192=EDGE_LOOP('',(#4168,#4169,#4170,#4171));
#2193=EDGE_LOOP('',(#4172,#4173,#4174,#4175));
#2194=EDGE_LOOP('',(#4176,#4177,#4178,#4179,#4180,#4181,#4182,#4183));
#2195=EDGE_LOOP('',(#4184,#4185,#4186,#4187,#4188,#4189,#4190,#4191));
#2196=EDGE_LOOP('',(#4192,#4193,#4194,#4195));
#2197=EDGE_LOOP('',(#4196,#4197,#4198,#4199));
#2198=EDGE_LOOP('',(#4200,#4201,#4202,#4203));
#2199=EDGE_LOOP('',(#4204,#4205,#4206,#4207));
#2200=EDGE_LOOP('',(#4208,#4209,#4210));
#2201=EDGE_LOOP('',(#4211,#4212,#4213));
#2202=EDGE_LOOP('',(#4214,#4215,#4216,#4217));
#2203=EDGE_LOOP('',(#4218,#4219,#4220,#4221));
#2204=EDGE_LOOP('',(#4222,#4223,#4224,#4225));
#2205=EDGE_LOOP('',(#4226,#4227,#4228,#4229));
#2206=EDGE_LOOP('',(#4230,#4231,#4232,#4233));
#2207=EDGE_LOOP('',(#4234,#4235,#4236,#4237));
#2208=EDGE_LOOP('',(#4238,#4239,#4240,#4241));
#2209=EDGE_LOOP('',(#4242,#4243,#4244,#4245));
#2210=EDGE_LOOP('',(#4246,#4247,#4248));
#2211=EDGE_LOOP('',(#4249,#4250,#4251));
#2212=EDGE_LOOP('',(#4252,#4253,#4254,#4255));
#2213=EDGE_LOOP('',(#4256,#4257,#4258,#4259));
#2214=EDGE_LOOP('',(#4260,#4261,#4262,#4263));
#2215=EDGE_LOOP('',(#4264,#4265,#4266,#4267));
#2216=EDGE_LOOP('',(#4268,#4269,#4270,#4271));
#2217=EDGE_LOOP('',(#4272,#4273,#4274,#4275));
#2218=EDGE_LOOP('',(#4276,#4277,#4278,#4279));
#2219=EDGE_LOOP('',(#4280,#4281,#4282,#4283));
#2220=EDGE_LOOP('',(#4284,#4285,#4286,#4287));
#2221=EDGE_LOOP('',(#4288,#4289,#4290,#4291,#4292));
#2222=EDGE_LOOP('',(#4293,#4294,#4295,#4296,#4297,#4298,#4299,#4300));
#2223=EDGE_LOOP('',(#4301));
#2224=EDGE_LOOP('',(#4302));
#2225=EDGE_LOOP('',(#4303,#4304,#4305,#4306,#4307,#4308,#4309,#4310,#4311,
#4312,#4313,#4314,#4315));
#2226=EDGE_LOOP('',(#4316,#4317,#4318,#4319,#4320));
#2227=EDGE_LOOP('',(#4321,#4322,#4323,#4324,#4325,#4326,#4327,#4328,#4329,
#4330,#4331,#4332,#4333));
#2228=EDGE_LOOP('',(#4334,#4335,#4336,#4337));
#2229=EDGE_LOOP('',(#4338,#4339,#4340,#4341));
#2230=EDGE_LOOP('',(#4342,#4343,#4344,#4345));
#2231=EDGE_LOOP('',(#4346,#4347,#4348,#4349));
#2232=EDGE_LOOP('',(#4350,#4351,#4352,#4353));
#2233=EDGE_LOOP('',(#4354,#4355,#4356,#4357));
#2234=EDGE_LOOP('',(#4358,#4359,#4360,#4361));
#2235=EDGE_LOOP('',(#4362,#4363,#4364,#4365));
#2236=EDGE_LOOP('',(#4366,#4367,#4368,#4369));
#2237=EDGE_LOOP('',(#4370,#4371,#4372,#4373));
#2238=EDGE_LOOP('',(#4374,#4375,#4376,#4377));
#2239=EDGE_LOOP('',(#4378,#4379,#4380,#4381,#4382,#4383,#4384,#4385));
#2240=EDGE_LOOP('',(#4386,#4387,#4388,#4389));
#2241=EDGE_LOOP('',(#4390,#4391,#4392,#4393,#4394));
#2242=EDGE_LOOP('',(#4395,#4396,#4397,#4398,#4399));
#2243=EDGE_LOOP('',(#4400,#4401,#4402,#4403));
#2244=EDGE_LOOP('',(#4404,#4405,#4406,#4407,#4408));
#2245=EDGE_LOOP('',(#4409,#4410));
#2246=EDGE_LOOP('',(#4411,#4412));
#2247=EDGE_LOOP('',(#4413,#4414));
#2248=EDGE_LOOP('',(#4415,#4416,#4417,#4418,#4419));
#2249=EDGE_LOOP('',(#4420,#4421,#4422));
#2250=EDGE_LOOP('',(#4423,#4424,#4425,#4426,#4427,#4428,#4429,#4430,#4431));
#2251=EDGE_LOOP('',(#4432,#4433,#4434));
#2252=EDGE_LOOP('',(#4435,#4436,#4437,#4438,#4439));
#2253=EDGE_LOOP('',(#4440,#4441,#4442));
#2254=EDGE_LOOP('',(#4443,#4444,#4445,#4446,#4447,#4448,#4449,#4450,#4451));
#2255=EDGE_LOOP('',(#4452,#4453,#4454));
#2256=EDGE_LOOP('',(#4455,#4456,#4457));
#2257=EDGE_LOOP('',(#4458,#4459,#4460,#4461,#4462,#4463,#4464,#4465,#4466));
#2258=EDGE_LOOP('',(#4467,#4468,#4469));
#2259=EDGE_LOOP('',(#4470,#4471,#4472));
#2260=EDGE_LOOP('',(#4473,#4474,#4475,#4476,#4477,#4478,#4479,#4480,#4481));
#2261=EDGE_LOOP('',(#4482,#4483,#4484,#4485,#4486));
#2262=EDGE_LOOP('',(#4487,#4488,#4489));
#2263=EDGE_LOOP('',(#4490,#4491,#4492,#4493));
#2264=EDGE_LOOP('',(#4494,#4495,#4496,#4497,#4498,#4499,#4500));
#2265=EDGE_LOOP('',(#4501,#4502,#4503,#4504,#4505,#4506,#4507));
#2266=EDGE_LOOP('',(#4508,#4509));
#2267=EDGE_LOOP('',(#4510,#4511,#4512,#4513));
#2268=EDGE_LOOP('',(#4514,#4515,#4516,#4517,#4518,#4519,#4520,#4521));
#2269=EDGE_LOOP('',(#4522));
#2270=EDGE_LOOP('',(#4523,#4524,#4525,#4526,#4527,#4528));
#2271=EDGE_LOOP('',(#4529,#4530,#4531,#4532));
#2272=EDGE_LOOP('',(#4533,#4534,#4535,#4536));
#2273=EDGE_LOOP('',(#4537,#4538,#4539,#4540));
#2274=EDGE_LOOP('',(#4541,#4542,#4543,#4544,#4545,#4546,#4547,#4548));
#2275=EDGE_LOOP('',(#4549));
#2276=EDGE_LOOP('',(#4550,#4551,#4552,#4553,#4554,#4555));
#2277=EDGE_LOOP('',(#4556,#4557,#4558,#4559));
#2278=EDGE_LOOP('',(#4560,#4561,#4562,#4563));
#2279=EDGE_LOOP('',(#4564,#4565,#4566,#4567));
#2280=EDGE_LOOP('',(#4568,#4569,#4570,#4571));
#2281=EDGE_LOOP('',(#4572,#4573,#4574,#4575));
#2282=EDGE_LOOP('',(#4576,#4577,#4578,#4579));
#2283=EDGE_LOOP('',(#4580,#4581,#4582,#4583));
#2284=EDGE_LOOP('',(#4584,#4585,#4586,#4587));
#2285=EDGE_LOOP('',(#4588,#4589,#4590,#4591));
#2286=EDGE_LOOP('',(#4592,#4593,#4594,#4595));
#2287=EDGE_LOOP('',(#4596));
#2288=EDGE_LOOP('',(#4597));
#2289=EDGE_LOOP('',(#4598,#4599,#4600,#4601,#4602,#4603));
#2290=EDGE_LOOP('',(#4604,#4605,#4606,#4607,#4608,#4609));
#2291=EDGE_LOOP('',(#4610,#4611,#4612,#4613));
#2292=EDGE_LOOP('',(#4614,#4615,#4616,#4617));
#2293=EDGE_LOOP('',(#4618,#4619,#4620,#4621));
#2294=EDGE_LOOP('',(#4622,#4623,#4624,#4625));
#2295=EDGE_LOOP('',(#4626,#4627,#4628,#4629));
#2296=EDGE_LOOP('',(#4630,#4631,#4632,#4633));
#2297=EDGE_LOOP('',(#4634));
#2298=EDGE_LOOP('',(#4635));
#2299=EDGE_LOOP('',(#4636,#4637));
#2300=EDGE_LOOP('',(#4638,#4639));
#2301=EDGE_LOOP('',(#4640,#4641));
#2302=EDGE_LOOP('',(#4642,#4643));
#2303=EDGE_LOOP('',(#4644,#4645));
#2304=EDGE_LOOP('',(#4646,#4647));
#2305=EDGE_LOOP('',(#4648,#4649,#4650,#4651));
#2306=EDGE_LOOP('',(#4652,#4653,#4654,#4655));
#2307=EDGE_LOOP('',(#4656,#4657,#4658,#4659));
#2308=EDGE_LOOP('',(#4660,#4661,#4662));
#2309=EDGE_LOOP('',(#4663,#4664,#4665,#4666));
#2310=EDGE_LOOP('',(#4667,#4668,#4669));
#2311=EDGE_LOOP('',(#4670,#4671,#4672,#4673));
#2312=EDGE_LOOP('',(#4674,#4675,#4676,#4677));
#2313=EDGE_LOOP('',(#4678,#4679,#4680,#4681));
#2314=EDGE_LOOP('',(#4682,#4683,#4684,#4685,#4686,#4687));
#2315=EDGE_LOOP('',(#4688,#4689,#4690,#4691));
#2316=EDGE_LOOP('',(#4692,#4693,#4694));
#2317=EDGE_LOOP('',(#4695,#4696,#4697));
#2318=EDGE_LOOP('',(#4698,#4699,#4700,#4701));
#2319=EDGE_LOOP('',(#4702,#4703,#4704,#4705));
#2320=EDGE_LOOP('',(#4706,#4707,#4708,#4709));
#2321=EDGE_LOOP('',(#4710,#4711,#4712,#4713,#4714));
#2322=EDGE_LOOP('',(#4715,#4716,#4717,#4718));
#2323=EDGE_LOOP('',(#4719,#4720,#4721,#4722,#4723));
#2324=EDGE_LOOP('',(#4724,#4725,#4726,#4727));
#2325=EDGE_LOOP('',(#4728,#4729,#4730,#4731,#4732,#4733));
#2326=EDGE_LOOP('',(#4734));
#2327=EDGE_LOOP('',(#4735,#4736,#4737,#4738));
#2328=EDGE_LOOP('',(#4739,#4740,#4741,#4742));
#2329=EDGE_LOOP('',(#4743,#4744,#4745,#4746));
#2330=EDGE_LOOP('',(#4747,#4748,#4749,#4750));
#2331=EDGE_LOOP('',(#4751,#4752,#4753,#4754));
#2332=EDGE_LOOP('',(#4755,#4756,#4757,#4758));
#2333=EDGE_LOOP('',(#4759,#4760,#4761,#4762));
#2334=EDGE_LOOP('',(#4763,#4764,#4765,#4766));
#2335=EDGE_LOOP('',(#4767,#4768,#4769,#4770));
#2336=EDGE_LOOP('',(#4771,#4772,#4773,#4774));
#2337=EDGE_LOOP('',(#4775,#4776,#4777,#4778));
#2338=EDGE_LOOP('',(#4779,#4780,#4781,#4782));
#2339=EDGE_LOOP('',(#4783,#4784,#4785,#4786,#4787,#4788,#4789,#4790,#4791,
#4792,#4793,#4794));
#2340=EDGE_LOOP('',(#4795,#4796,#4797));
#2341=EDGE_LOOP('',(#4798,#4799,#4800,#4801));
#2342=EDGE_LOOP('',(#4802,#4803,#4804,#4805));
#2343=EDGE_LOOP('',(#4806,#4807,#4808,#4809));
#2344=EDGE_LOOP('',(#4810,#4811,#4812,#4813));
#2345=EDGE_LOOP('',(#4814,#4815,#4816,#4817));
#2346=EDGE_LOOP('',(#4818,#4819,#4820,#4821));
#2347=EDGE_LOOP('',(#4822,#4823,#4824,#4825));
#2348=EDGE_LOOP('',(#4826,#4827,#4828,#4829));
#2349=EDGE_LOOP('',(#4830,#4831,#4832,#4833));
#2350=EDGE_LOOP('',(#4834,#4835,#4836,#4837));
#2351=EDGE_LOOP('',(#4838,#4839,#4840,#4841));
#2352=EDGE_LOOP('',(#4842,#4843,#4844,#4845));
#2353=EDGE_LOOP('',(#4846,#4847,#4848,#4849));
#2354=EDGE_LOOP('',(#4850,#4851,#4852,#4853));
#2355=EDGE_LOOP('',(#4854,#4855,#4856,#4857));
#2356=EDGE_LOOP('',(#4858,#4859,#4860,#4861));
#2357=EDGE_LOOP('',(#4862,#4863,#4864,#4865));
#2358=EDGE_LOOP('',(#4866,#4867,#4868,#4869));
#2359=EDGE_LOOP('',(#4870,#4871,#4872,#4873));
#2360=EDGE_LOOP('',(#4874,#4875,#4876,#4877));
#2361=EDGE_LOOP('',(#4878,#4879,#4880,#4881));
#2362=EDGE_LOOP('',(#4882,#4883,#4884,#4885));
#2363=EDGE_LOOP('',(#4886,#4887,#4888,#4889));
#2364=EDGE_LOOP('',(#4890,#4891,#4892,#4893,#4894));
#2365=EDGE_LOOP('',(#4895,#4896,#4897,#4898,#4899));
#2366=EDGE_LOOP('',(#4900,#4901,#4902,#4903));
#2367=EDGE_LOOP('',(#4904,#4905,#4906,#4907));
#2368=EDGE_LOOP('',(#4908,#4909,#4910,#4911));
#2369=EDGE_LOOP('',(#4912,#4913,#4914,#4915));
#2370=EDGE_LOOP('',(#4916,#4917,#4918,#4919));
#2371=EDGE_LOOP('',(#4920,#4921,#4922,#4923));
#2372=EDGE_LOOP('',(#4924,#4925,#4926,#4927));
#2373=EDGE_LOOP('',(#4928,#4929,#4930,#4931));
#2374=EDGE_LOOP('',(#4932,#4933,#4934,#4935));
#2375=EDGE_LOOP('',(#4936,#4937,#4938,#4939));
#2376=EDGE_LOOP('',(#4940,#4941,#4942,#4943));
#2377=EDGE_LOOP('',(#4944,#4945,#4946,#4947));
#2378=EDGE_LOOP('',(#4948,#4949,#4950,#4951));
#2379=EDGE_LOOP('',(#4952,#4953,#4954,#4955));
#2380=EDGE_LOOP('',(#4956,#4957,#4958,#4959));
#2381=EDGE_LOOP('',(#4960,#4961,#4962));
#2382=EDGE_LOOP('',(#4963,#4964,#4965,#4966,#4967));
#2383=EDGE_LOOP('',(#4968,#4969,#4970,#4971,#4972));
#2384=EDGE_LOOP('',(#4973,#4974,#4975));
#2385=EDGE_LOOP('',(#4976,#4977,#4978,#4979,#4980,#4981));
#2386=EDGE_LOOP('',(#4982,#4983,#4984,#4985));
#2387=EDGE_LOOP('',(#4986,#4987,#4988,#4989));
#2388=EDGE_LOOP('',(#4990));
#2389=EDGE_LOOP('',(#4991,#4992,#4993,#4994));
#2390=EDGE_LOOP('',(#4995));
#2391=EDGE_LOOP('',(#4996,#4997,#4998,#4999));
#2392=EDGE_LOOP('',(#5000,#5001,#5002,#5003));
#2393=EDGE_LOOP('',(#5004,#5005,#5006,#5007));
#2394=EDGE_LOOP('',(#5008,#5009,#5010,#5011));
#2395=EDGE_LOOP('',(#5012,#5013,#5014,#5015));
#2396=EDGE_LOOP('',(#5016));
#2397=EDGE_LOOP('',(#5017,#5018,#5019,#5020));
#2398=EDGE_LOOP('',(#5021));
#2399=EDGE_LOOP('',(#5022,#5023,#5024,#5025,#5026,#5027,#5028,#5029));
#2400=EDGE_LOOP('',(#5030,#5031,#5032,#5033));
#2401=EDGE_LOOP('',(#5034,#5035,#5036,#5037));
#2402=EDGE_LOOP('',(#5038,#5039,#5040,#5041));
#2403=EDGE_LOOP('',(#5042,#5043,#5044,#5045));
#2404=EDGE_LOOP('',(#5046,#5047,#5048,#5049));
#2405=EDGE_LOOP('',(#5050,#5051,#5052,#5053,#5054,#5055));
#2406=EDGE_LOOP('',(#5056,#5057,#5058,#5059));
#2407=EDGE_LOOP('',(#5060,#5061,#5062,#5063));
#2408=EDGE_LOOP('',(#5064,#5065,#5066));
#2409=EDGE_LOOP('',(#5067,#5068,#5069,#5070,#5071,#5072,#5073,#5074));
#2410=EDGE_LOOP('',(#5075,#5076,#5077,#5078));
#2411=EDGE_LOOP('',(#5079,#5080,#5081,#5082,#5083,#5084,#5085,#5086,#5087,
#5088));
#2412=EDGE_LOOP('',(#5089,#5090,#5091,#5092,#5093,#5094,#5095,#5096,#5097,
#5098,#5099,#5100));
#2413=EDGE_LOOP('',(#5101,#5102,#5103,#5104,#5105,#5106));
#2414=EDGE_LOOP('',(#5107,#5108,#5109,#5110,#5111,#5112,#5113,#5114,#5115,
#5116,#5117,#5118,#5119,#5120));
#2415=EDGE_LOOP('',(#5121,#5122,#5123,#5124,#5125,#5126,#5127,#5128));
#2416=EDGE_LOOP('',(#5129,#5130,#5131,#5132,#5133,#5134,#5135,#5136));
#2417=EDGE_LOOP('',(#5137,#5138,#5139,#5140));
#2418=EDGE_LOOP('',(#5141,#5142,#5143,#5144));
#2419=EDGE_LOOP('',(#5145,#5146,#5147,#5148));
#2420=EDGE_LOOP('',(#5149,#5150,#5151,#5152,#5153,#5154,#5155,#5156,#5157,
#5158,#5159,#5160,#5161,#5162,#5163,#5164,#5165,#5166));
#2421=EDGE_LOOP('',(#5167));
#2422=EDGE_LOOP('',(#5168,#5169,#5170,#5171));
#2423=EDGE_LOOP('',(#5172,#5173,#5174,#5175));
#2424=EDGE_LOOP('',(#5176,#5177,#5178,#5179));
#2425=EDGE_LOOP('',(#5180,#5181,#5182,#5183,#5184,#5185));
#2426=B_SPLINE_CURVE_WITH_KNOTS('',3,(#7562,#7563,#7564,#7565),
 .UNSPECIFIED.,.F.,.F.,(4,4),(0.681620593476434,1.04197913647214),
 .UNSPECIFIED.);
#2427=B_SPLINE_CURVE_WITH_KNOTS('',3,(#7567,#7568,#7569,#7570,#7571,#7572,
#7573),.UNSPECIFIED.,.F.,.F.,(4,3,4),(0.,0.0263192829758739,0.0525254833755519),
 .UNSPECIFIED.);
#2428=B_SPLINE_CURVE_WITH_KNOTS('',3,(#7575,#7576,#7577,#7578),
 .UNSPECIFIED.,.F.,.F.,(4,4),(-1.07246191579176,-0.754087971724467),
 .UNSPECIFIED.);
#2429=B_SPLINE_CURVE_WITH_KNOTS('',3,(#7580,#7581,#7582,#7583),
 .UNSPECIFIED.,.F.,.F.,(4,4),(0.,0.0214467158612599),.UNSPECIFIED.);
#2430=B_SPLINE_CURVE_WITH_KNOTS('',3,(#7584,#7585,#7586,#7587,#7588,#7589,
#7590),.UNSPECIFIED.,.F.,.F.,(4,3,4),(0.,0.0217169545344668,0.0434417916687098),
 .UNSPECIFIED.);
#2431=B_SPLINE_CURVE_WITH_KNOTS('',3,(#7669,#7670,#7671,#7672,#7673,#7674,
#7675,#7676,#7677,#7678,#7679,#7680,#7681,#7682,#7683,#7684,#7685),
 .UNSPECIFIED.,.F.,.F.,(4,1,1,1,1,1,3,2,1,1,1,4),(-1.20271917527012,-1.13585099250614,
-1.06898280974216,-1.00211462697818,-0.935246444214195,-0.801510078686235,
-0.734641895922255,-0.732637313135481,-0.586109849246845,-0.293054921469573,
-0.146527457580937,6.30769851793625E-9),.UNSPECIFIED.);
#2432=B_SPLINE_CURVE_WITH_KNOTS('',3,(#7688,#7689,#7690,#7691,#7692,#7693,
#7694,#7695,#7696,#7697,#7698,#7699,#7700,#7701,#7702,#7703,#7704),
 .UNSPECIFIED.,.F.,.F.,(4,1,1,1,2,3,1,1,1,1,1,4),(-6.30769851793625E-9,
0.146527457580937,0.293054921469573,0.586109849246845,0.732637313135481,
0.734641895922255,0.801510078686235,0.935246444214195,1.00211462697818,
1.06898280974216,1.13585099250614,1.17804547732369),.UNSPECIFIED.);
#2433=B_SPLINE_CURVE_WITH_KNOTS('',3,(#7982,#7983,#7984,#7985),
 .UNSPECIFIED.,.F.,.F.,(4,4),(0.0163413549831466,0.366560865235589),
 .UNSPECIFIED.);
#2434=B_SPLINE_CURVE_WITH_KNOTS('',3,(#8008,#8009,#8010,#8011),
 .UNSPECIFIED.,.F.,.F.,(4,4),(0.000220939224716018,0.977491589454605),
 .UNSPECIFIED.);
#2435=B_SPLINE_CURVE_WITH_KNOTS('',3,(#8064,#8065,#8066,#8067,#8068,#8069),
 .UNSPECIFIED.,.F.,.F.,(4,2,4),(0.541992943822746,0.711354200610566,1.07752301711678),
 .UNSPECIFIED.);
#2436=B_SPLINE_CURVE_WITH_KNOTS('',3,(#8845,#8846,#8847,#8848,#8849,#8850,
#8851,#8852),.UNSPECIFIED.,.F.,.F.,(4,2,2,4),(-0.405228154687811,-0.201849341112303,
3.76168418636524E-9,0.00152823986529481),.UNSPECIFIED.);
#2437=B_SPLINE_CURVE_WITH_KNOTS('',3,(#8882,#8883,#8884,#8885,#8886,#8887,
#8888,#8889,#8890,#8891,#8892,#8893,#8894,#8895,#8896,#8897,#8898,#8899,
#8900,#8901,#8902,#8903,#8904,#8905,#8906,#8907,#8908,#8909,#8910,#8911,
#8912,#8913,#8914,#8915,#8916,#8917,#8918,#8919,#8920,#8921),
 .UNSPECIFIED.,.F.,.F.,(4,3,3,3,3,3,3,3,3,3,3,3,3,4),(0.,0.00115433110740266,
0.00225206761474911,0.00330372278116191,0.00430122210479915,0.00504934659752707,
0.00557631368394992,0.00643501687983039,0.00725056888365616,0.00729372007571086,
0.00808824588800894,0.00886496250910735,0.00961545810152153,0.0101530174853617),
 .UNSPECIFIED.);
#2438=VERTEX_POINT('',#7560);
#2439=VERTEX_POINT('',#7561);
#2440=VERTEX_POINT('',#7566);
#2441=VERTEX_POINT('',#7574);
#2442=VERTEX_POINT('',#7579);
#2443=VERTEX_POINT('',#7592);
#2444=VERTEX_POINT('',#7593);
#2445=VERTEX_POINT('',#7595);
#2446=VERTEX_POINT('',#7597);
#2447=VERTEX_POINT('',#7668);
#2448=VERTEX_POINT('',#7686);
#2449=VERTEX_POINT('',#7706);
#2450=VERTEX_POINT('',#7708);
#2451=VERTEX_POINT('',#7710);
#2452=VERTEX_POINT('',#7714);
#2453=VERTEX_POINT('',#7716);
#2454=VERTEX_POINT('',#7718);
#2455=VERTEX_POINT('',#7722);
#2456=VERTEX_POINT('',#7724);
#2457=VERTEX_POINT('',#7728);
#2458=VERTEX_POINT('',#7730);
#2459=VERTEX_POINT('',#7732);
#2460=VERTEX_POINT('',#7736);
#2461=VERTEX_POINT('',#7737);
#2462=VERTEX_POINT('',#7739);
#2463=VERTEX_POINT('',#7741);
#2464=VERTEX_POINT('',#7745);
#2465=VERTEX_POINT('',#7746);
#2466=VERTEX_POINT('',#7748);
#2467=VERTEX_POINT('',#7750);
#2468=VERTEX_POINT('',#7754);
#2469=VERTEX_POINT('',#7755);
#2470=VERTEX_POINT('',#7757);
#2471=VERTEX_POINT('',#7759);
#2472=VERTEX_POINT('',#7763);
#2473=VERTEX_POINT('',#7764);
#2474=VERTEX_POINT('',#7766);
#2475=VERTEX_POINT('',#7768);
#2476=VERTEX_POINT('',#7784);
#2477=VERTEX_POINT('',#7786);
#2478=VERTEX_POINT('',#7793);
#2479=VERTEX_POINT('',#7795);
#2480=VERTEX_POINT('',#7797);
#2481=VERTEX_POINT('',#7799);
#2482=VERTEX_POINT('',#7801);
#2483=VERTEX_POINT('',#7803);
#2484=VERTEX_POINT('',#7805);
#2485=VERTEX_POINT('',#7807);
#2486=VERTEX_POINT('',#7811);
#2487=VERTEX_POINT('',#7813);
#2488=VERTEX_POINT('',#7817);
#2489=VERTEX_POINT('',#7819);
#2490=VERTEX_POINT('',#7823);
#2491=VERTEX_POINT('',#7827);
#2492=VERTEX_POINT('',#7829);
#2493=VERTEX_POINT('',#7833);
#2494=VERTEX_POINT('',#7837);
#2495=VERTEX_POINT('',#7839);
#2496=VERTEX_POINT('',#7843);
#2497=VERTEX_POINT('',#7845);
#2498=VERTEX_POINT('',#7847);
#2499=VERTEX_POINT('',#7851);
#2500=VERTEX_POINT('',#7853);
#2501=VERTEX_POINT('',#7857);
#2502=VERTEX_POINT('',#7859);
#2503=VERTEX_POINT('',#7864);
#2504=VERTEX_POINT('',#7868);
#2505=VERTEX_POINT('',#7869);
#2506=VERTEX_POINT('',#7871);
#2507=VERTEX_POINT('',#7873);
#2508=VERTEX_POINT('',#7877);
#2509=VERTEX_POINT('',#7878);
#2510=VERTEX_POINT('',#7883);
#2511=VERTEX_POINT('',#7884);
#2512=VERTEX_POINT('',#7889);
#2513=VERTEX_POINT('',#7893);
#2514=VERTEX_POINT('',#7899);
#2515=VERTEX_POINT('',#7900);
#2516=VERTEX_POINT('',#7902);
#2517=VERTEX_POINT('',#7904);
#2518=VERTEX_POINT('',#7908);
#2519=VERTEX_POINT('',#7909);
#2520=VERTEX_POINT('',#7914);
#2521=VERTEX_POINT('',#7915);
#2522=VERTEX_POINT('',#7920);
#2523=VERTEX_POINT('',#7921);
#2524=VERTEX_POINT('',#7926);
#2525=VERTEX_POINT('',#7927);
#2526=VERTEX_POINT('',#7932);
#2527=VERTEX_POINT('',#7933);
#2528=VERTEX_POINT('',#7938);
#2529=VERTEX_POINT('',#7939);
#2530=VERTEX_POINT('',#7964);
#2531=VERTEX_POINT('',#7968);
#2532=VERTEX_POINT('',#7972);
#2533=VERTEX_POINT('',#7975);
#2534=VERTEX_POINT('',#7977);
#2535=VERTEX_POINT('',#7979);
#2536=VERTEX_POINT('',#7981);
#2537=VERTEX_POINT('',#7989);
#2538=VERTEX_POINT('',#7991);
#2539=VERTEX_POINT('',#7993);
#2540=VERTEX_POINT('',#7998);
#2541=VERTEX_POINT('',#8000);
#2542=VERTEX_POINT('',#8079);
#2543=VERTEX_POINT('',#8080);
#2544=VERTEX_POINT('',#8082);
#2545=VERTEX_POINT('',#8084);
#2546=VERTEX_POINT('',#8088);
#2547=VERTEX_POINT('',#8090);
#2548=VERTEX_POINT('',#8094);
#2549=VERTEX_POINT('',#8095);
#2550=VERTEX_POINT('',#8097);
#2551=VERTEX_POINT('',#8099);
#2552=VERTEX_POINT('',#8103);
#2553=VERTEX_POINT('',#8105);
#2554=VERTEX_POINT('',#8109);
#2555=VERTEX_POINT('',#8110);
#2556=VERTEX_POINT('',#8112);
#2557=VERTEX_POINT('',#8114);
#2558=VERTEX_POINT('',#8118);
#2559=VERTEX_POINT('',#8120);
#2560=VERTEX_POINT('',#8124);
#2561=VERTEX_POINT('',#8126);
#2562=VERTEX_POINT('',#8130);
#2563=VERTEX_POINT('',#8132);
#2564=VERTEX_POINT('',#8142);
#2565=VERTEX_POINT('',#8144);
#2566=VERTEX_POINT('',#8148);
#2567=VERTEX_POINT('',#8152);
#2568=VERTEX_POINT('',#8156);
#2569=VERTEX_POINT('',#8160);
#2570=VERTEX_POINT('',#8162);
#2571=VERTEX_POINT('',#8164);
#2572=VERTEX_POINT('',#8166);
#2573=VERTEX_POINT('',#8168);
#2574=VERTEX_POINT('',#8170);
#2575=VERTEX_POINT('',#8174);
#2576=VERTEX_POINT('',#8175);
#2577=VERTEX_POINT('',#8177);
#2578=VERTEX_POINT('',#8181);
#2579=VERTEX_POINT('',#8182);
#2580=VERTEX_POINT('',#8184);
#2581=VERTEX_POINT('',#8191);
#2582=VERTEX_POINT('',#8193);
#2583=VERTEX_POINT('',#8197);
#2584=VERTEX_POINT('',#8198);
#2585=VERTEX_POINT('',#8215);
#2586=VERTEX_POINT('',#8216);
#2587=VERTEX_POINT('',#8221);
#2588=VERTEX_POINT('',#8222);
#2589=VERTEX_POINT('',#8227);
#2590=VERTEX_POINT('',#8229);
#2591=VERTEX_POINT('',#8231);
#2592=VERTEX_POINT('',#8236);
#2593=VERTEX_POINT('',#8237);
#2594=VERTEX_POINT('',#8239);
#2595=VERTEX_POINT('',#8241);
#2596=VERTEX_POINT('',#8245);
#2597=VERTEX_POINT('',#8247);
#2598=VERTEX_POINT('',#8251);
#2599=VERTEX_POINT('',#8253);
#2600=VERTEX_POINT('',#8257);
#2601=VERTEX_POINT('',#8259);
#2602=VERTEX_POINT('',#8263);
#2603=VERTEX_POINT('',#8265);
#2604=VERTEX_POINT('',#8269);
#2605=VERTEX_POINT('',#8271);
#2606=VERTEX_POINT('',#8275);
#2607=VERTEX_POINT('',#8277);
#2608=VERTEX_POINT('',#8284);
#2609=VERTEX_POINT('',#8286);
#2610=VERTEX_POINT('',#8290);
#2611=VERTEX_POINT('',#8294);
#2612=VERTEX_POINT('',#8298);
#2613=VERTEX_POINT('',#8303);
#2614=VERTEX_POINT('',#8305);
#2615=VERTEX_POINT('',#8307);
#2616=VERTEX_POINT('',#8311);
#2617=VERTEX_POINT('',#8312);
#2618=VERTEX_POINT('',#8314);
#2619=VERTEX_POINT('',#8316);
#2620=VERTEX_POINT('',#8320);
#2621=VERTEX_POINT('',#8321);
#2622=VERTEX_POINT('',#8323);
#2623=VERTEX_POINT('',#8325);
#2624=VERTEX_POINT('',#8329);
#2625=VERTEX_POINT('',#8335);
#2626=VERTEX_POINT('',#8343);
#2627=VERTEX_POINT('',#8345);
#2628=VERTEX_POINT('',#8349);
#2629=VERTEX_POINT('',#8353);
#2630=VERTEX_POINT('',#8358);
#2631=VERTEX_POINT('',#8359);
#2632=VERTEX_POINT('',#8361);
#2633=VERTEX_POINT('',#8363);
#2634=VERTEX_POINT('',#8367);
#2635=VERTEX_POINT('',#8368);
#2636=VERTEX_POINT('',#8371);
#2637=VERTEX_POINT('',#8375);
#2638=VERTEX_POINT('',#8377);
#2639=VERTEX_POINT('',#8379);
#2640=VERTEX_POINT('',#8390);
#2641=VERTEX_POINT('',#8392);
#2642=VERTEX_POINT('',#8396);
#2643=VERTEX_POINT('',#8400);
#2644=VERTEX_POINT('',#8405);
#2645=VERTEX_POINT('',#8409);
#2646=VERTEX_POINT('',#8415);
#2647=VERTEX_POINT('',#8419);
#2648=VERTEX_POINT('',#8423);
#2649=VERTEX_POINT('',#8425);
#2650=VERTEX_POINT('',#8427);
#2651=VERTEX_POINT('',#8431);
#2652=VERTEX_POINT('',#8432);
#2653=VERTEX_POINT('',#8434);
#2654=VERTEX_POINT('',#8436);
#2655=VERTEX_POINT('',#8438);
#2656=VERTEX_POINT('',#8440);
#2657=VERTEX_POINT('',#8442);
#2658=VERTEX_POINT('',#8444);
#2659=VERTEX_POINT('',#8447);
#2660=VERTEX_POINT('',#8450);
#2661=VERTEX_POINT('',#8451);
#2662=VERTEX_POINT('',#8453);
#2663=VERTEX_POINT('',#8455);
#2664=VERTEX_POINT('',#8458);
#2665=VERTEX_POINT('',#8460);
#2666=VERTEX_POINT('',#8462);
#2667=VERTEX_POINT('',#8464);
#2668=VERTEX_POINT('',#8466);
#2669=VERTEX_POINT('',#8470);
#2670=VERTEX_POINT('',#8472);
#2671=VERTEX_POINT('',#8476);
#2672=VERTEX_POINT('',#8477);
#2673=VERTEX_POINT('',#8479);
#2674=VERTEX_POINT('',#8481);
#2675=VERTEX_POINT('',#8484);
#2676=VERTEX_POINT('',#8486);
#2677=VERTEX_POINT('',#8488);
#2678=VERTEX_POINT('',#8490);
#2679=VERTEX_POINT('',#8492);
#2680=VERTEX_POINT('',#8496);
#2681=VERTEX_POINT('',#8498);
#2682=VERTEX_POINT('',#8502);
#2683=VERTEX_POINT('',#8506);
#2684=VERTEX_POINT('',#8515);
#2685=VERTEX_POINT('',#8519);
#2686=VERTEX_POINT('',#8533);
#2687=VERTEX_POINT('',#8534);
#2688=VERTEX_POINT('',#8539);
#2689=VERTEX_POINT('',#8541);
#2690=VERTEX_POINT('',#8545);
#2691=VERTEX_POINT('',#8547);
#2692=VERTEX_POINT('',#8551);
#2693=VERTEX_POINT('',#8553);
#2694=VERTEX_POINT('',#8557);
#2695=VERTEX_POINT('',#8559);
#2696=VERTEX_POINT('',#8561);
#2697=VERTEX_POINT('',#8571);
#2698=VERTEX_POINT('',#8573);
#2699=VERTEX_POINT('',#8575);
#2700=VERTEX_POINT('',#8579);
#2701=VERTEX_POINT('',#8584);
#2702=VERTEX_POINT('',#8586);
#2703=VERTEX_POINT('',#8592);
#2704=VERTEX_POINT('',#8594);
#2705=VERTEX_POINT('',#8604);
#2706=VERTEX_POINT('',#8608);
#2707=VERTEX_POINT('',#8610);
#2708=VERTEX_POINT('',#8616);
#2709=VERTEX_POINT('',#8620);
#2710=VERTEX_POINT('',#8629);
#2711=VERTEX_POINT('',#8633);
#2712=VERTEX_POINT('',#8640);
#2713=VERTEX_POINT('',#8642);
#2714=VERTEX_POINT('',#8644);
#2715=VERTEX_POINT('',#8654);
#2716=VERTEX_POINT('',#8656);
#2717=VERTEX_POINT('',#8658);
#2718=VERTEX_POINT('',#8677);
#2719=VERTEX_POINT('',#8679);
#2720=VERTEX_POINT('',#8683);
#2721=VERTEX_POINT('',#8688);
#2722=VERTEX_POINT('',#8690);
#2723=VERTEX_POINT('',#8691);
#2724=VERTEX_POINT('',#8693);
#2725=VERTEX_POINT('',#8695);
#2726=VERTEX_POINT('',#8697);
#2727=VERTEX_POINT('',#8699);
#2728=VERTEX_POINT('',#8703);
#2729=VERTEX_POINT('',#8704);
#2730=VERTEX_POINT('',#8706);
#2731=VERTEX_POINT('',#8708);
#2732=VERTEX_POINT('',#8710);
#2733=VERTEX_POINT('',#8712);
#2734=VERTEX_POINT('',#8746);
#2735=VERTEX_POINT('',#8755);
#2736=VERTEX_POINT('',#8763);
#2737=VERTEX_POINT('',#8764);
#2738=VERTEX_POINT('',#8766);
#2739=VERTEX_POINT('',#8768);
#2740=VERTEX_POINT('',#8772);
#2741=VERTEX_POINT('',#8776);
#2742=VERTEX_POINT('',#8783);
#2743=VERTEX_POINT('',#8784);
#2744=VERTEX_POINT('',#8786);
#2745=VERTEX_POINT('',#8788);
#2746=VERTEX_POINT('',#8792);
#2747=VERTEX_POINT('',#8794);
#2748=VERTEX_POINT('',#8798);
#2749=VERTEX_POINT('',#8799);
#2750=VERTEX_POINT('',#8801);
#2751=VERTEX_POINT('',#8803);
#2752=VERTEX_POINT('',#8805);
#2753=VERTEX_POINT('',#8807);
#2754=VERTEX_POINT('',#8810);
#2755=VERTEX_POINT('',#8811);
#2756=VERTEX_POINT('',#8813);
#2757=VERTEX_POINT('',#8815);
#2758=VERTEX_POINT('',#8819);
#2759=VERTEX_POINT('',#8823);
#2760=VERTEX_POINT('',#8830);
#2761=VERTEX_POINT('',#8832);
#2762=VERTEX_POINT('',#8836);
#2763=VERTEX_POINT('',#8837);
#2764=VERTEX_POINT('',#8839);
#2765=VERTEX_POINT('',#8841);
#2766=VERTEX_POINT('',#8843);
#2767=VERTEX_POINT('',#8854);
#2768=VERTEX_POINT('',#8855);
#2769=VERTEX_POINT('',#8857);
#2770=VERTEX_POINT('',#8859);
#2771=VERTEX_POINT('',#8880);
#2772=VERTEX_POINT('',#8930);
#2773=VERTEX_POINT('',#8931);
#2774=VERTEX_POINT('',#8933);
#2775=VERTEX_POINT('',#8935);
#2776=VERTEX_POINT('',#8939);
#2777=VERTEX_POINT('',#8940);
#2778=VERTEX_POINT('',#8945);
#2779=VERTEX_POINT('',#8946);
#2780=VERTEX_POINT('',#8951);
#2781=VERTEX_POINT('',#8952);
#2782=VERTEX_POINT('',#8957);
#2783=VERTEX_POINT('',#8958);
#2784=VERTEX_POINT('',#8963);
#2785=VERTEX_POINT('',#8964);
#2786=VERTEX_POINT('',#8969);
#2787=VERTEX_POINT('',#8970);
#2788=VERTEX_POINT('',#8975);
#2789=VERTEX_POINT('',#8976);
#2790=VERTEX_POINT('',#8981);
#2791=VERTEX_POINT('',#8982);
#2792=VERTEX_POINT('',#8987);
#2793=VERTEX_POINT('',#8988);
#2794=VERTEX_POINT('',#8993);
#2795=VERTEX_POINT('',#8994);
#2796=VERTEX_POINT('',#9003);
#2797=VERTEX_POINT('',#9004);
#2798=VERTEX_POINT('',#9006);
#2799=VERTEX_POINT('',#9010);
#2800=VERTEX_POINT('',#9011);
#2801=VERTEX_POINT('',#9013);
#2802=VERTEX_POINT('',#9015);
#2803=VERTEX_POINT('',#9019);
#2804=VERTEX_POINT('',#9020);
#2805=VERTEX_POINT('',#9022);
#2806=VERTEX_POINT('',#9024);
#2807=VERTEX_POINT('',#9028);
#2808=VERTEX_POINT('',#9029);
#2809=VERTEX_POINT('',#9034);
#2810=VERTEX_POINT('',#9036);
#2811=VERTEX_POINT('',#9040);
#2812=VERTEX_POINT('',#9041);
#2813=VERTEX_POINT('',#9043);
#2814=VERTEX_POINT('',#9045);
#2815=VERTEX_POINT('',#9049);
#2816=VERTEX_POINT('',#9051);
#2817=VERTEX_POINT('',#9055);
#2818=VERTEX_POINT('',#9056);
#2819=VERTEX_POINT('',#9061);
#2820=VERTEX_POINT('',#9062);
#2821=VERTEX_POINT('',#9064);
#2822=VERTEX_POINT('',#9066);
#2823=VERTEX_POINT('',#9070);
#2824=VERTEX_POINT('',#9071);
#2825=VERTEX_POINT('',#9076);
#2826=VERTEX_POINT('',#9077);
#2827=VERTEX_POINT('',#9082);
#2828=VERTEX_POINT('',#9083);
#2829=VERTEX_POINT('',#9088);
#2830=VERTEX_POINT('',#9089);
#2831=VERTEX_POINT('',#9094);
#2832=VERTEX_POINT('',#9095);
#2833=VERTEX_POINT('',#9100);
#2834=VERTEX_POINT('',#9101);
#2835=VERTEX_POINT('',#9109);
#2836=VERTEX_POINT('',#9110);
#2837=VERTEX_POINT('',#9112);
#2838=VERTEX_POINT('',#9114);
#2839=VERTEX_POINT('',#9118);
#2840=VERTEX_POINT('',#9119);
#2841=VERTEX_POINT('',#9124);
#2842=VERTEX_POINT('',#9125);
#2843=VERTEX_POINT('',#9130);
#2844=VERTEX_POINT('',#9131);
#2845=VERTEX_POINT('',#9136);
#2846=VERTEX_POINT('',#9137);
#2847=VERTEX_POINT('',#9142);
#2848=VERTEX_POINT('',#9143);
#2849=VERTEX_POINT('',#9148);
#2850=VERTEX_POINT('',#9149);
#2851=VERTEX_POINT('',#9158);
#2852=VERTEX_POINT('',#9162);
#2853=VERTEX_POINT('',#9167);
#2854=VERTEX_POINT('',#9169);
#2855=VERTEX_POINT('',#9173);
#2856=VERTEX_POINT('',#9175);
#2857=VERTEX_POINT('',#9179);
#2858=VERTEX_POINT('',#9181);
#2859=VERTEX_POINT('',#9191);
#2860=VERTEX_POINT('',#9193);
#2861=VERTEX_POINT('',#9197);
#2862=VERTEX_POINT('',#9198);
#2863=VERTEX_POINT('',#9200);
#2864=VERTEX_POINT('',#9202);
#2865=VERTEX_POINT('',#9206);
#2866=VERTEX_POINT('',#9207);
#2867=VERTEX_POINT('',#9212);
#2868=VERTEX_POINT('',#9213);
#2869=VERTEX_POINT('',#9221);
#2870=VERTEX_POINT('',#9222);
#2871=VERTEX_POINT('',#9224);
#2872=VERTEX_POINT('',#9226);
#2873=VERTEX_POINT('',#9230);
#2874=VERTEX_POINT('',#9231);
#2875=VERTEX_POINT('',#9236);
#2876=VERTEX_POINT('',#9237);
#2877=VERTEX_POINT('',#9245);
#2878=VERTEX_POINT('',#9250);
#2879=VERTEX_POINT('',#9251);
#2880=VERTEX_POINT('',#9256);
#2881=VERTEX_POINT('',#9262);
#2882=VERTEX_POINT('',#9266);
#2883=VERTEX_POINT('',#9277);
#2884=VERTEX_POINT('',#9280);
#2885=VERTEX_POINT('',#9281);
#2886=VERTEX_POINT('',#9283);
#2887=VERTEX_POINT('',#9285);
#2888=VERTEX_POINT('',#9288);
#2889=VERTEX_POINT('',#9300);
#2890=VERTEX_POINT('',#9303);
#2891=VERTEX_POINT('',#9304);
#2892=VERTEX_POINT('',#9306);
#2893=VERTEX_POINT('',#9308);
#2894=VERTEX_POINT('',#9311);
#2895=VERTEX_POINT('',#9326);
#2896=VERTEX_POINT('',#9327);
#2897=VERTEX_POINT('',#9333);
#2898=VERTEX_POINT('',#9347);
#2899=VERTEX_POINT('',#9348);
#2900=EDGE_CURVE('',#2438,#2439,#2426,.T.);
#2901=EDGE_CURVE('',#2439,#2440,#2427,.F.);
#2902=EDGE_CURVE('',#2440,#2441,#2428,.T.);
#2903=EDGE_CURVE('',#2441,#2442,#2429,.T.);
#2904=EDGE_CURVE('',#2442,#2438,#2430,.T.);
#2905=EDGE_CURVE('',#2443,#2444,#272,.T.);
#2906=EDGE_CURVE('',#2444,#2445,#273,.F.);
#2907=EDGE_CURVE('',#2445,#2446,#274,.T.);
#2908=EDGE_CURVE('',#2446,#2443,#275,.T.);
#2909=EDGE_CURVE('',#2442,#2447,#2431,.T.);
#2910=EDGE_CURVE('',#2447,#2448,#276,.T.);
#2911=EDGE_CURVE('',#2448,#2438,#2432,.T.);
#2912=EDGE_CURVE('',#2449,#2448,#277,.T.);
#2913=EDGE_CURVE('',#2447,#2450,#278,.T.);
#2914=EDGE_CURVE('',#2450,#2451,#279,.T.);
#2915=EDGE_CURVE('',#2451,#2449,#280,.T.);
#2916=EDGE_CURVE('',#2446,#2452,#281,.T.);
#2917=EDGE_CURVE('',#2452,#2453,#282,.T.);
#2918=EDGE_CURVE('',#2453,#2454,#283,.T.);
#2919=EDGE_CURVE('',#2454,#2443,#284,.T.);
#2920=EDGE_CURVE('',#2451,#2455,#285,.T.);
#2921=EDGE_CURVE('',#2455,#2456,#286,.T.);
#2922=EDGE_CURVE('',#2456,#2449,#287,.T.);
#2923=EDGE_CURVE('',#2455,#2457,#288,.T.);
#2924=EDGE_CURVE('',#2457,#2458,#289,.T.);
#2925=EDGE_CURVE('',#2458,#2459,#290,.T.);
#2926=EDGE_CURVE('',#2459,#2456,#291,.T.);
#2927=EDGE_CURVE('',#2460,#2461,#292,.T.);
#2928=EDGE_CURVE('',#2461,#2462,#293,.T.);
#2929=EDGE_CURVE('',#2462,#2463,#294,.T.);
#2930=EDGE_CURVE('',#2463,#2460,#295,.T.);
#2931=EDGE_CURVE('',#2464,#2465,#296,.T.);
#2932=EDGE_CURVE('',#2465,#2466,#297,.T.);
#2933=EDGE_CURVE('',#2466,#2467,#298,.T.);
#2934=EDGE_CURVE('',#2467,#2464,#299,.T.);
#2935=EDGE_CURVE('',#2468,#2469,#300,.T.);
#2936=EDGE_CURVE('',#2469,#2470,#301,.T.);
#2937=EDGE_CURVE('',#2470,#2471,#302,.T.);
#2938=EDGE_CURVE('',#2471,#2468,#303,.T.);
#2939=EDGE_CURVE('',#2472,#2473,#304,.T.);
#2940=EDGE_CURVE('',#2473,#2474,#305,.T.);
#2941=EDGE_CURVE('',#2474,#2475,#306,.T.);
#2942=EDGE_CURVE('',#2475,#2472,#307,.T.);
#2943=EDGE_CURVE('',#2469,#2474,#308,.T.);
#2944=EDGE_CURVE('',#2473,#2470,#309,.T.);
#2945=EDGE_CURVE('',#2465,#2472,#310,.T.);
#2946=EDGE_CURVE('',#2475,#2466,#311,.T.);
#2947=EDGE_CURVE('',#2461,#2468,#312,.T.);
#2948=EDGE_CURVE('',#2471,#2462,#313,.T.);
#2949=EDGE_CURVE('',#2457,#2464,#314,.T.);
#2950=EDGE_CURVE('',#2467,#2458,#315,.T.);
#2951=EDGE_CURVE('',#2476,#2460,#316,.T.);
#2952=EDGE_CURVE('',#2463,#2477,#317,.T.);
#2953=EDGE_CURVE('',#2477,#2476,#318,.T.);
#2954=EDGE_CURVE('',#2452,#2476,#319,.T.);
#2955=EDGE_CURVE('',#2477,#2453,#320,.T.);
#2956=EDGE_CURVE('',#2478,#2452,#321,.F.);
#2957=EDGE_CURVE('',#2479,#2478,#158,.T.);
#2958=EDGE_CURVE('',#2480,#2479,#322,.F.);
#2959=EDGE_CURVE('',#2481,#2480,#159,.T.);
#2960=EDGE_CURVE('',#2482,#2481,#323,.F.);
#2961=EDGE_CURVE('',#2483,#2482,#160,.T.);
#2962=EDGE_CURVE('',#2484,#2483,#324,.F.);
#2963=EDGE_CURVE('',#2485,#2484,#161,.T.);
#2964=EDGE_CURVE('',#2459,#2485,#325,.F.);
#2965=EDGE_CURVE('',#2486,#2454,#326,.T.);
#2966=EDGE_CURVE('',#2487,#2486,#327,.T.);
#2967=EDGE_CURVE('',#2444,#2487,#328,.T.);
#2968=EDGE_CURVE('',#2477,#2488,#329,.F.);
#2969=EDGE_CURVE('',#2488,#2489,#330,.T.);
#2970=EDGE_CURVE('',#2486,#2489,#146,.F.);
#2971=EDGE_CURVE('',#2490,#2463,#331,.T.);
#2972=EDGE_CURVE('',#2490,#2488,#332,.F.);
#2973=EDGE_CURVE('',#2462,#2491,#333,.T.);
#2974=EDGE_CURVE('',#2491,#2492,#334,.F.);
#2975=EDGE_CURVE('',#2490,#2492,#335,.T.);
#2976=EDGE_CURVE('',#2493,#2471,#336,.T.);
#2977=EDGE_CURVE('',#2491,#2493,#337,.T.);
#2978=EDGE_CURVE('',#2470,#2494,#338,.F.);
#2979=EDGE_CURVE('',#2494,#2495,#339,.T.);
#2980=EDGE_CURVE('',#2495,#2493,#340,.T.);
#2981=EDGE_CURVE('',#2496,#2473,#341,.T.);
#2982=EDGE_CURVE('',#2496,#2497,#342,.T.);
#2983=EDGE_CURVE('',#2497,#2498,#343,.F.);
#2984=EDGE_CURVE('',#2494,#2498,#344,.F.);
#2985=EDGE_CURVE('',#2472,#2499,#345,.T.);
#2986=EDGE_CURVE('',#2499,#2500,#346,.T.);
#2987=EDGE_CURVE('',#2500,#2496,#347,.T.);
#2988=EDGE_CURVE('',#2501,#2501,#162,.T.);
#2989=EDGE_CURVE('',#2501,#2502,#348,.T.);
#2990=EDGE_CURVE('',#2502,#2502,#163,.T.);
#2991=EDGE_CURVE('',#2503,#2503,#164,.F.);
#2992=EDGE_CURVE('',#2503,#2501,#349,.T.);
#2993=EDGE_CURVE('',#2504,#2505,#350,.F.);
#2994=EDGE_CURVE('',#2505,#2506,#351,.T.);
#2995=EDGE_CURVE('',#2506,#2507,#352,.T.);
#2996=EDGE_CURVE('',#2507,#2504,#353,.T.);
#2997=EDGE_CURVE('',#2508,#2509,#354,.T.);
#2998=EDGE_CURVE('',#2509,#2507,#165,.T.);
#2999=EDGE_CURVE('',#2506,#2508,#166,.T.);
#3000=EDGE_CURVE('',#2510,#2511,#355,.F.);
#3001=EDGE_CURVE('',#2511,#2509,#356,.T.);
#3002=EDGE_CURVE('',#2508,#2510,#357,.T.);
#3003=EDGE_CURVE('',#2512,#2508,#358,.T.);
#3004=EDGE_CURVE('',#2512,#2510,#359,.F.);
#3005=EDGE_CURVE('',#2513,#2506,#360,.T.);
#3006=EDGE_CURVE('',#2513,#2512,#147,.T.);
#3007=EDGE_CURVE('',#2505,#2513,#361,.F.);
#3008=EDGE_CURVE('',#2514,#2515,#362,.T.);
#3009=EDGE_CURVE('',#2515,#2516,#363,.T.);
#3010=EDGE_CURVE('',#2516,#2517,#364,.T.);
#3011=EDGE_CURVE('',#2517,#2514,#365,.T.);
#3012=EDGE_CURVE('',#2518,#2519,#366,.T.);
#3013=EDGE_CURVE('',#2519,#2515,#167,.T.);
#3014=EDGE_CURVE('',#2514,#2518,#168,.T.);
#3015=EDGE_CURVE('',#2520,#2521,#367,.T.);
#3016=EDGE_CURVE('',#2521,#2519,#368,.T.);
#3017=EDGE_CURVE('',#2518,#2520,#369,.T.);
#3018=EDGE_CURVE('',#2522,#2523,#370,.T.);
#3019=EDGE_CURVE('',#2523,#2521,#169,.T.);
#3020=EDGE_CURVE('',#2520,#2522,#170,.T.);
#3021=EDGE_CURVE('',#2524,#2525,#371,.T.);
#3022=EDGE_CURVE('',#2525,#2523,#372,.T.);
#3023=EDGE_CURVE('',#2522,#2524,#373,.T.);
#3024=EDGE_CURVE('',#2526,#2527,#374,.T.);
#3025=EDGE_CURVE('',#2527,#2525,#171,.T.);
#3026=EDGE_CURVE('',#2524,#2526,#172,.T.);
#3027=EDGE_CURVE('',#2528,#2529,#375,.T.);
#3028=EDGE_CURVE('',#2529,#2527,#376,.T.);
#3029=EDGE_CURVE('',#2526,#2528,#377,.T.);
#3030=EDGE_CURVE('',#2516,#2529,#173,.T.);
#3031=EDGE_CURVE('',#2528,#2517,#174,.T.);
#3032=EDGE_CURVE('',#2527,#2481,#378,.T.);
#3033=EDGE_CURVE('',#2480,#2525,#379,.T.);
#3034=EDGE_CURVE('',#2482,#2529,#380,.T.);
#3035=EDGE_CURVE('',#2516,#2483,#381,.T.);
#3036=EDGE_CURVE('',#2484,#2515,#382,.T.);
#3037=EDGE_CURVE('',#2523,#2479,#383,.T.);
#3038=EDGE_CURVE('',#2478,#2521,#384,.T.);
#3039=EDGE_CURVE('',#2519,#2485,#385,.T.);
#3040=EDGE_CURVE('',#2445,#2439,#386,.T.);
#3041=EDGE_CURVE('',#2489,#2530,#387,.T.);
#3042=EDGE_CURVE('',#2530,#2487,#148,.F.);
#3043=EDGE_CURVE('',#2531,#2492,#388,.F.);
#3044=EDGE_CURVE('',#2530,#2531,#389,.F.);
#3045=EDGE_CURVE('',#2531,#2532,#390,.F.);
#3046=EDGE_CURVE('',#2498,#2532,#391,.T.);
#3047=EDGE_CURVE('',#2497,#2533,#392,.F.);
#3048=EDGE_CURVE('',#2534,#2533,#393,.T.);
#3049=EDGE_CURVE('',#2535,#2534,#394,.T.);
#3050=EDGE_CURVE('',#2536,#2535,#2433,.T.);
#3051=EDGE_CURVE('',#2440,#2536,#149,.T.);
#3052=EDGE_CURVE('',#2537,#2457,#395,.F.);
#3053=EDGE_CURVE('',#2538,#2537,#396,.T.);
#3054=EDGE_CURVE('',#2539,#2538,#397,.T.);
#3055=EDGE_CURVE('',#2464,#2539,#398,.F.);
#3056=EDGE_CURVE('',#2533,#2500,#399,.T.);
#3057=EDGE_CURVE('',#2540,#2499,#400,.T.);
#3058=EDGE_CURVE('',#2541,#2540,#401,.T.);
#3059=EDGE_CURVE('',#2534,#2541,#402,.T.);
#3060=EDGE_CURVE('',#2532,#2495,#403,.F.);
#3061=EDGE_CURVE('',#2541,#2539,#404,.T.);
#3062=EDGE_CURVE('',#2538,#2535,#2434,.T.);
#3063=EDGE_CURVE('',#2540,#2465,#405,.T.);
#3064=EDGE_CURVE('',#2537,#2450,#150,.F.);
#3065=EDGE_CURVE('',#2536,#2441,#2435,.F.);
#3066=EDGE_CURVE('',#2538,#2447,#175,.T.);
#3067=EDGE_CURVE('',#2511,#2504,#406,.F.);
#3068=EDGE_CURVE('',#2542,#2543,#407,.T.);
#3069=EDGE_CURVE('',#2543,#2544,#408,.T.);
#3070=EDGE_CURVE('',#2544,#2545,#409,.T.);
#3071=EDGE_CURVE('',#2545,#2542,#410,.T.);
#3072=EDGE_CURVE('',#2546,#2543,#411,.T.);
#3073=EDGE_CURVE('',#2547,#2546,#412,.T.);
#3074=EDGE_CURVE('',#2544,#2547,#413,.T.);
#3075=EDGE_CURVE('',#2548,#2549,#414,.T.);
#3076=EDGE_CURVE('',#2549,#2550,#415,.T.);
#3077=EDGE_CURVE('',#2550,#2551,#416,.T.);
#3078=EDGE_CURVE('',#2548,#2551,#417,.T.);
#3079=EDGE_CURVE('',#2549,#2552,#418,.T.);
#3080=EDGE_CURVE('',#2552,#2553,#419,.T.);
#3081=EDGE_CURVE('',#2553,#2550,#420,.T.);
#3082=EDGE_CURVE('',#2554,#2555,#421,.T.);
#3083=EDGE_CURVE('',#2555,#2556,#422,.T.);
#3084=EDGE_CURVE('',#2556,#2557,#423,.T.);
#3085=EDGE_CURVE('',#2557,#2554,#424,.T.);
#3086=EDGE_CURVE('',#2555,#2558,#425,.T.);
#3087=EDGE_CURVE('',#2558,#2559,#426,.T.);
#3088=EDGE_CURVE('',#2559,#2556,#427,.T.);
#3089=EDGE_CURVE('',#2560,#2559,#428,.T.);
#3090=EDGE_CURVE('',#2558,#2561,#429,.T.);
#3091=EDGE_CURVE('',#2561,#2560,#430,.T.);
#3092=EDGE_CURVE('',#2562,#2560,#431,.T.);
#3093=EDGE_CURVE('',#2561,#2563,#432,.T.);
#3094=EDGE_CURVE('',#2563,#2562,#433,.T.);
#3095=EDGE_CURVE('',#2552,#2554,#434,.T.);
#3096=EDGE_CURVE('',#2557,#2553,#435,.T.);
#3097=EDGE_CURVE('',#2551,#2562,#436,.T.);
#3098=EDGE_CURVE('',#2563,#2548,#437,.T.);
#3099=EDGE_CURVE('',#2564,#2550,#438,.T.);
#3100=EDGE_CURVE('',#2564,#2565,#439,.T.);
#3101=EDGE_CURVE('',#2565,#2551,#440,.T.);
#3102=EDGE_CURVE('',#2566,#2553,#441,.T.);
#3103=EDGE_CURVE('',#2566,#2564,#442,.T.);
#3104=EDGE_CURVE('',#2567,#2557,#443,.T.);
#3105=EDGE_CURVE('',#2567,#2566,#444,.T.);
#3106=EDGE_CURVE('',#2568,#2556,#445,.T.);
#3107=EDGE_CURVE('',#2568,#2567,#446,.T.);
#3108=EDGE_CURVE('',#2569,#2545,#447,.F.);
#3109=EDGE_CURVE('',#2569,#2570,#448,.T.);
#3110=EDGE_CURVE('',#2570,#2571,#176,.T.);
#3111=EDGE_CURVE('',#2571,#2572,#449,.T.);
#3112=EDGE_CURVE('',#2572,#2573,#177,.T.);
#3113=EDGE_CURVE('',#2573,#2574,#450,.T.);
#3114=EDGE_CURVE('',#2542,#2574,#451,.T.);
#3115=EDGE_CURVE('',#2575,#2576,#452,.T.);
#3116=EDGE_CURVE('',#2577,#2575,#453,.T.);
#3117=EDGE_CURVE('',#2576,#2577,#454,.T.);
#3118=EDGE_CURVE('',#2578,#2579,#455,.T.);
#3119=EDGE_CURVE('',#2580,#2578,#456,.T.);
#3120=EDGE_CURVE('',#2579,#2580,#457,.T.);
#3121=EDGE_CURVE('',#2578,#2576,#458,.T.);
#3122=EDGE_CURVE('',#2577,#2580,#459,.T.);
#3123=EDGE_CURVE('',#2547,#2581,#460,.T.);
#3124=EDGE_CURVE('',#2582,#2547,#461,.T.);
#3125=EDGE_CURVE('',#2581,#2582,#462,.T.);
#3126=EDGE_CURVE('',#2583,#2584,#463,.T.);
#3127=EDGE_CURVE('',#2546,#2583,#464,.T.);
#3128=EDGE_CURVE('',#2584,#2546,#465,.T.);
#3129=EDGE_CURVE('',#2583,#2582,#466,.T.);
#3130=EDGE_CURVE('',#2574,#2584,#467,.T.);
#3131=EDGE_CURVE('',#2584,#2579,#468,.T.);
#3132=EDGE_CURVE('',#2580,#2583,#469,.T.);
#3133=EDGE_CURVE('',#2575,#2581,#470,.T.);
#3134=EDGE_CURVE('',#2582,#2577,#471,.T.);
#3135=EDGE_CURVE('',#2581,#2569,#472,.T.);
#3136=EDGE_CURVE('',#2585,#2586,#473,.F.);
#3137=EDGE_CURVE('',#2586,#2578,#474,.T.);
#3138=EDGE_CURVE('',#2579,#2585,#475,.T.);
#3139=EDGE_CURVE('',#2587,#2588,#476,.F.);
#3140=EDGE_CURVE('',#2588,#2575,#477,.T.);
#3141=EDGE_CURVE('',#2576,#2587,#478,.T.);
#3142=EDGE_CURVE('',#2589,#2588,#479,.T.);
#3143=EDGE_CURVE('',#2590,#2589,#480,.T.);
#3144=EDGE_CURVE('',#2591,#2590,#481,.T.);
#3145=EDGE_CURVE('',#2591,#2570,#482,.T.);
#3146=EDGE_CURVE('',#2592,#2593,#483,.T.);
#3147=EDGE_CURVE('',#2593,#2594,#484,.T.);
#3148=EDGE_CURVE('',#2594,#2595,#485,.T.);
#3149=EDGE_CURVE('',#2592,#2595,#486,.T.);
#3150=EDGE_CURVE('',#2593,#2596,#487,.T.);
#3151=EDGE_CURVE('',#2596,#2597,#488,.T.);
#3152=EDGE_CURVE('',#2597,#2594,#489,.T.);
#3153=EDGE_CURVE('',#2595,#2598,#490,.T.);
#3154=EDGE_CURVE('',#2598,#2599,#491,.T.);
#3155=EDGE_CURVE('',#2599,#2592,#492,.T.);
#3156=EDGE_CURVE('',#2596,#2600,#493,.T.);
#3157=EDGE_CURVE('',#2600,#2601,#494,.T.);
#3158=EDGE_CURVE('',#2601,#2597,#495,.T.);
#3159=EDGE_CURVE('',#2600,#2602,#496,.T.);
#3160=EDGE_CURVE('',#2602,#2603,#497,.T.);
#3161=EDGE_CURVE('',#2603,#2601,#498,.T.);
#3162=EDGE_CURVE('',#2602,#2604,#499,.T.);
#3163=EDGE_CURVE('',#2604,#2605,#500,.T.);
#3164=EDGE_CURVE('',#2605,#2603,#501,.T.);
#3165=EDGE_CURVE('',#2606,#2605,#502,.T.);
#3166=EDGE_CURVE('',#2604,#2607,#503,.T.);
#3167=EDGE_CURVE('',#2607,#2606,#504,.T.);
#3168=EDGE_CURVE('',#2598,#2606,#505,.T.);
#3169=EDGE_CURVE('',#2607,#2599,#506,.T.);
#3170=EDGE_CURVE('',#2608,#2606,#507,.T.);
#3171=EDGE_CURVE('',#2608,#2609,#508,.T.);
#3172=EDGE_CURVE('',#2609,#2605,#509,.T.);
#3173=EDGE_CURVE('',#2610,#2598,#510,.T.);
#3174=EDGE_CURVE('',#2610,#2608,#511,.T.);
#3175=EDGE_CURVE('',#2611,#2595,#512,.T.);
#3176=EDGE_CURVE('',#2611,#2610,#513,.T.);
#3177=EDGE_CURVE('',#2612,#2594,#514,.T.);
#3178=EDGE_CURVE('',#2612,#2611,#515,.T.);
#3179=EDGE_CURVE('',#2587,#2586,#516,.T.);
#3180=EDGE_CURVE('',#2585,#2613,#517,.T.);
#3181=EDGE_CURVE('',#2613,#2614,#178,.T.);
#3182=EDGE_CURVE('',#2614,#2615,#518,.T.);
#3183=EDGE_CURVE('',#2615,#2589,#179,.T.);
#3184=EDGE_CURVE('',#2616,#2617,#519,.T.);
#3185=EDGE_CURVE('',#2617,#2618,#520,.T.);
#3186=EDGE_CURVE('',#2618,#2619,#521,.T.);
#3187=EDGE_CURVE('',#2619,#2616,#522,.T.);
#3188=EDGE_CURVE('',#2620,#2621,#523,.T.);
#3189=EDGE_CURVE('',#2621,#2622,#180,.T.);
#3190=EDGE_CURVE('',#2622,#2623,#524,.T.);
#3191=EDGE_CURVE('',#2623,#2620,#181,.T.);
#3192=EDGE_CURVE('',#2624,#2618,#525,.T.);
#3193=EDGE_CURVE('',#2618,#2621,#526,.T.);
#3194=EDGE_CURVE('',#2620,#2624,#527,.T.);
#3195=EDGE_CURVE('',#2622,#2617,#528,.T.);
#3196=EDGE_CURVE('',#2617,#2625,#529,.T.);
#3197=EDGE_CURVE('',#2625,#2623,#530,.T.);
#3198=EDGE_CURVE('',#2624,#2619,#182,.T.);
#3199=EDGE_CURVE('',#2616,#2625,#183,.T.);
#3200=EDGE_CURVE('',#2624,#2626,#531,.T.);
#3201=EDGE_CURVE('',#2626,#2627,#184,.F.);
#3202=EDGE_CURVE('',#2627,#2619,#532,.T.);
#3203=EDGE_CURVE('',#2628,#2620,#533,.T.);
#3204=EDGE_CURVE('',#2628,#2626,#534,.T.);
#3205=EDGE_CURVE('',#2629,#2623,#535,.T.);
#3206=EDGE_CURVE('',#2628,#2629,#185,.T.);
#3207=EDGE_CURVE('',#2630,#2631,#536,.T.);
#3208=EDGE_CURVE('',#2631,#2632,#537,.T.);
#3209=EDGE_CURVE('',#2632,#2633,#538,.T.);
#3210=EDGE_CURVE('',#2633,#2630,#539,.T.);
#3211=EDGE_CURVE('',#2634,#2635,#540,.T.);
#3212=EDGE_CURVE('',#2635,#2631,#541,.T.);
#3213=EDGE_CURVE('',#2631,#2636,#542,.T.);
#3214=EDGE_CURVE('',#2636,#2634,#543,.T.);
#3215=EDGE_CURVE('',#2637,#2632,#544,.T.);
#3216=EDGE_CURVE('',#2632,#2638,#545,.T.);
#3217=EDGE_CURVE('',#2638,#2639,#546,.T.);
#3218=EDGE_CURVE('',#2639,#2637,#547,.T.);
#3219=EDGE_CURVE('',#2638,#2635,#186,.T.);
#3220=EDGE_CURVE('',#2634,#2639,#187,.T.);
#3221=EDGE_CURVE('',#2637,#2633,#188,.T.);
#3222=EDGE_CURVE('',#2630,#2636,#189,.T.);
#3223=EDGE_CURVE('',#2640,#2633,#548,.T.);
#3224=EDGE_CURVE('',#2640,#2641,#549,.T.);
#3225=EDGE_CURVE('',#2630,#2641,#550,.T.);
#3226=EDGE_CURVE('',#2637,#2642,#551,.T.);
#3227=EDGE_CURVE('',#2642,#2640,#190,.F.);
#3228=EDGE_CURVE('',#2643,#2639,#552,.T.);
#3229=EDGE_CURVE('',#2643,#2642,#553,.T.);
#3230=EDGE_CURVE('',#2627,#2644,#554,.T.);
#3231=EDGE_CURVE('',#2616,#2644,#555,.T.);
#3232=EDGE_CURVE('',#2644,#2645,#191,.F.);
#3233=EDGE_CURVE('',#2645,#2625,#556,.T.);
#3234=EDGE_CURVE('',#2645,#2629,#557,.T.);
#3235=EDGE_CURVE('',#2641,#2646,#192,.F.);
#3236=EDGE_CURVE('',#2646,#2636,#558,.T.);
#3237=EDGE_CURVE('',#2646,#2647,#559,.T.);
#3238=EDGE_CURVE('',#2647,#2634,#560,.T.);
#3239=EDGE_CURVE('',#2648,#2648,#193,.T.);
#3240=EDGE_CURVE('',#2648,#2649,#561,.T.);
#3241=EDGE_CURVE('',#2649,#2650,#194,.T.);
#3242=EDGE_CURVE('',#2650,#2649,#195,.T.);
#3243=EDGE_CURVE('',#2651,#2652,#562,.T.);
#3244=EDGE_CURVE('',#2653,#2651,#196,.T.);
#3245=EDGE_CURVE('',#2654,#2653,#563,.T.);
#3246=EDGE_CURVE('',#2655,#2654,#197,.T.);
#3247=EDGE_CURVE('',#2656,#2655,#564,.T.);
#3248=EDGE_CURVE('',#2657,#2656,#198,.T.);
#3249=EDGE_CURVE('',#2658,#2657,#565,.T.);
#3250=EDGE_CURVE('',#2652,#2658,#199,.T.);
#3251=EDGE_CURVE('',#2659,#2659,#200,.T.);
#3252=EDGE_CURVE('',#2660,#2661,#201,.T.);
#3253=EDGE_CURVE('',#2661,#2662,#566,.T.);
#3254=EDGE_CURVE('',#2662,#2663,#202,.T.);
#3255=EDGE_CURVE('',#2663,#2650,#567,.T.);
#3256=EDGE_CURVE('',#2663,#2664,#203,.T.);
#3257=EDGE_CURVE('',#2665,#2664,#568,.T.);
#3258=EDGE_CURVE('',#2665,#2666,#204,.T.);
#3259=EDGE_CURVE('',#2666,#2667,#569,.T.);
#3260=EDGE_CURVE('',#2667,#2668,#205,.T.);
#3261=EDGE_CURVE('',#2660,#2668,#570,.T.);
#3262=EDGE_CURVE('',#2659,#2669,#571,.T.);
#3263=EDGE_CURVE('',#2669,#2670,#206,.T.);
#3264=EDGE_CURVE('',#2670,#2669,#207,.T.);
#3265=EDGE_CURVE('',#2671,#2672,#208,.T.);
#3266=EDGE_CURVE('',#2672,#2673,#572,.T.);
#3267=EDGE_CURVE('',#2673,#2674,#209,.T.);
#3268=EDGE_CURVE('',#2674,#2670,#573,.T.);
#3269=EDGE_CURVE('',#2674,#2675,#210,.T.);
#3270=EDGE_CURVE('',#2676,#2675,#574,.T.);
#3271=EDGE_CURVE('',#2676,#2677,#211,.T.);
#3272=EDGE_CURVE('',#2677,#2678,#575,.T.);
#3273=EDGE_CURVE('',#2678,#2679,#212,.T.);
#3274=EDGE_CURVE('',#2671,#2679,#576,.T.);
#3275=EDGE_CURVE('',#2680,#2651,#577,.T.);
#3276=EDGE_CURVE('',#2652,#2681,#578,.T.);
#3277=EDGE_CURVE('',#2681,#2680,#579,.T.);
#3278=EDGE_CURVE('',#2682,#2653,#580,.T.);
#3279=EDGE_CURVE('',#2680,#2682,#213,.T.);
#3280=EDGE_CURVE('',#2682,#2683,#581,.T.);
#3281=EDGE_CURVE('',#2683,#2654,#582,.T.);
#3282=EDGE_CURVE('',#2591,#2655,#583,.T.);
#3283=EDGE_CURVE('',#2683,#2591,#214,.T.);
#3284=EDGE_CURVE('',#2590,#2656,#584,.T.);
#3285=EDGE_CURVE('',#2684,#2657,#585,.T.);
#3286=EDGE_CURVE('',#2590,#2684,#215,.T.);
#3287=EDGE_CURVE('',#2684,#2685,#586,.T.);
#3288=EDGE_CURVE('',#2685,#2658,#587,.T.);
#3289=EDGE_CURVE('',#2685,#2681,#216,.T.);
#3290=EDGE_CURVE('',#2683,#2571,#588,.T.);
#3291=EDGE_CURVE('',#2682,#2572,#589,.T.);
#3292=EDGE_CURVE('',#2680,#2573,#590,.T.);
#3293=EDGE_CURVE('',#2681,#2613,#591,.T.);
#3294=EDGE_CURVE('',#2686,#2687,#592,.T.);
#3295=EDGE_CURVE('',#2668,#2686,#593,.T.);
#3296=EDGE_CURVE('',#2687,#2667,#594,.T.);
#3297=EDGE_CURVE('',#2688,#2673,#595,.T.);
#3298=EDGE_CURVE('',#2689,#2688,#596,.T.);
#3299=EDGE_CURVE('',#2675,#2689,#597,.T.);
#3300=EDGE_CURVE('',#2664,#2690,#598,.T.);
#3301=EDGE_CURVE('',#2691,#2662,#599,.T.);
#3302=EDGE_CURVE('',#2690,#2691,#600,.T.);
#3303=EDGE_CURVE('',#2692,#2678,#601,.T.);
#3304=EDGE_CURVE('',#2693,#2692,#602,.T.);
#3305=EDGE_CURVE('',#2679,#2693,#603,.T.);
#3306=EDGE_CURVE('',#2687,#2694,#604,.T.);
#3307=EDGE_CURVE('',#2694,#2695,#605,.T.);
#3308=EDGE_CURVE('',#2695,#2696,#606,.T.);
#3309=EDGE_CURVE('',#2686,#2696,#607,.T.);
#3310=EDGE_CURVE('',#2665,#2666,#608,.T.);
#3311=EDGE_CURVE('',#2660,#2661,#609,.T.);
#3312=EDGE_CURVE('',#2676,#2677,#610,.T.);
#3313=EDGE_CURVE('',#2692,#2697,#611,.T.);
#3314=EDGE_CURVE('',#2697,#2698,#612,.T.);
#3315=EDGE_CURVE('',#2698,#2699,#613,.T.);
#3316=EDGE_CURVE('',#2693,#2699,#614,.T.);
#3317=EDGE_CURVE('',#2700,#2697,#615,.T.);
#3318=EDGE_CURVE('',#2698,#2700,#217,.T.);
#3319=EDGE_CURVE('',#2671,#2672,#616,.T.);
#3320=EDGE_CURVE('',#2699,#2701,#617,.T.);
#3321=EDGE_CURVE('',#2701,#2702,#618,.T.);
#3322=EDGE_CURVE('',#2688,#2702,#619,.T.);
#3323=EDGE_CURVE('',#2701,#2698,#218,.T.);
#3324=EDGE_CURVE('',#2702,#2703,#620,.T.);
#3325=EDGE_CURVE('',#2703,#2704,#621,.T.);
#3326=EDGE_CURVE('',#2689,#2704,#622,.T.);
#3327=EDGE_CURVE('',#2703,#2701,#219,.T.);
#3328=EDGE_CURVE('',#2704,#2700,#623,.T.);
#3329=EDGE_CURVE('',#2700,#2703,#220,.T.);
#3330=EDGE_CURVE('',#2695,#2705,#221,.T.);
#3331=EDGE_CURVE('',#2705,#2694,#624,.T.);
#3332=EDGE_CURVE('',#2696,#2706,#625,.T.);
#3333=EDGE_CURVE('',#2706,#2707,#626,.T.);
#3334=EDGE_CURVE('',#2691,#2707,#627,.T.);
#3335=EDGE_CURVE('',#2706,#2695,#222,.T.);
#3336=EDGE_CURVE('',#2707,#2708,#628,.T.);
#3337=EDGE_CURVE('',#2708,#2706,#223,.T.);
#3338=EDGE_CURVE('',#2690,#2709,#629,.T.);
#3339=EDGE_CURVE('',#2709,#2705,#630,.T.);
#3340=EDGE_CURVE('',#2708,#2709,#631,.T.);
#3341=EDGE_CURVE('',#2705,#2708,#224,.T.);
#3342=EDGE_CURVE('',#2710,#2710,#225,.T.);
#3343=EDGE_CURVE('',#2710,#2708,#632,.T.);
#3344=EDGE_CURVE('',#2711,#2711,#226,.T.);
#3345=EDGE_CURVE('',#2711,#2703,#633,.T.);
#3346=EDGE_CURVE('',#2643,#2647,#227,.T.);
#3347=EDGE_CURVE('',#2712,#2612,#634,.T.);
#3348=EDGE_CURVE('',#2713,#2712,#635,.T.);
#3349=EDGE_CURVE('',#2714,#2713,#636,.T.);
#3350=EDGE_CURVE('',#2609,#2714,#637,.T.);
#3351=EDGE_CURVE('',#2714,#2603,#638,.T.);
#3352=EDGE_CURVE('',#2713,#2601,#639,.T.);
#3353=EDGE_CURVE('',#2712,#2597,#640,.T.);
#3354=EDGE_CURVE('',#2715,#2568,#641,.T.);
#3355=EDGE_CURVE('',#2716,#2715,#642,.T.);
#3356=EDGE_CURVE('',#2717,#2716,#643,.T.);
#3357=EDGE_CURVE('',#2565,#2717,#644,.T.);
#3358=EDGE_CURVE('',#2717,#2562,#645,.T.);
#3359=EDGE_CURVE('',#2716,#2560,#646,.T.);
#3360=EDGE_CURVE('',#2684,#2615,#647,.T.);
#3361=EDGE_CURVE('',#2685,#2614,#648,.T.);
#3362=EDGE_CURVE('',#2715,#2559,#649,.T.);
#3363=EDGE_CURVE('',#2718,#2718,#228,.T.);
#3364=EDGE_CURVE('',#2718,#2719,#650,.T.);
#3365=EDGE_CURVE('',#2719,#2719,#229,.T.);
#3366=EDGE_CURVE('',#2718,#2720,#651,.T.);
#3367=EDGE_CURVE('',#2720,#2720,#230,.T.);
#3368=EDGE_CURVE('',#2721,#2721,#231,.T.);
#3369=EDGE_CURVE('',#2722,#2723,#232,.T.);
#3370=EDGE_CURVE('',#2724,#2722,#233,.T.);
#3371=EDGE_CURVE('',#2725,#2724,#234,.T.);
#3372=EDGE_CURVE('',#2726,#2725,#235,.T.);
#3373=EDGE_CURVE('',#2727,#2726,#236,.T.);
#3374=EDGE_CURVE('',#2723,#2727,#237,.T.);
#3375=EDGE_CURVE('',#2728,#2729,#652,.T.);
#3376=EDGE_CURVE('',#2729,#2730,#653,.T.);
#3377=EDGE_CURVE('',#2730,#2731,#654,.T.);
#3378=EDGE_CURVE('',#2731,#2732,#655,.T.);
#3379=EDGE_CURVE('',#2732,#2733,#656,.T.);
#3380=EDGE_CURVE('',#2733,#2728,#657,.T.);
#3381=EDGE_CURVE('',#2729,#2723,#658,.T.);
#3382=EDGE_CURVE('',#2723,#2727,#34,.T.);
#3383=EDGE_CURVE('',#2730,#2727,#659,.T.);
#3384=EDGE_CURVE('',#2727,#2726,#35,.T.);
#3385=EDGE_CURVE('',#2731,#2726,#660,.T.);
#3386=EDGE_CURVE('',#2726,#2725,#36,.T.);
#3387=EDGE_CURVE('',#2732,#2725,#661,.T.);
#3388=EDGE_CURVE('',#2725,#2724,#37,.T.);
#3389=EDGE_CURVE('',#2733,#2724,#662,.T.);
#3390=EDGE_CURVE('',#2724,#2722,#38,.F.);
#3391=EDGE_CURVE('',#2728,#2722,#663,.T.);
#3392=EDGE_CURVE('',#2722,#2723,#39,.T.);
#3393=EDGE_CURVE('',#2734,#2734,#238,.T.);
#3394=EDGE_CURVE('',#2735,#2735,#239,.T.);
#3395=EDGE_CURVE('',#2735,#2734,#664,.T.);
#3396=EDGE_CURVE('',#2735,#2721,#665,.T.);
#3397=EDGE_CURVE('',#2736,#2737,#666,.T.);
#3398=EDGE_CURVE('',#2738,#2736,#667,.T.);
#3399=EDGE_CURVE('',#2739,#2738,#668,.T.);
#3400=EDGE_CURVE('',#2737,#2739,#669,.T.);
#3401=EDGE_CURVE('',#2736,#2740,#670,.T.);
#3402=EDGE_CURVE('',#2740,#2738,#671,.T.);
#3403=EDGE_CURVE('',#2741,#2737,#672,.T.);
#3404=EDGE_CURVE('',#2741,#2740,#673,.T.);
#3405=EDGE_CURVE('',#2741,#2739,#674,.T.);
#3406=EDGE_CURVE('',#2742,#2743,#675,.T.);
#3407=EDGE_CURVE('',#2744,#2743,#676,.T.);
#3408=EDGE_CURVE('',#2744,#2745,#677,.T.);
#3409=EDGE_CURVE('',#2742,#2745,#678,.T.);
#3410=EDGE_CURVE('',#2746,#2743,#679,.T.);
#3411=EDGE_CURVE('',#2747,#2746,#680,.T.);
#3412=EDGE_CURVE('',#2744,#2747,#681,.T.);
#3413=EDGE_CURVE('',#2748,#2749,#682,.T.);
#3414=EDGE_CURVE('',#2748,#2750,#683,.T.);
#3415=EDGE_CURVE('',#2751,#2750,#684,.T.);
#3416=EDGE_CURVE('',#2751,#2752,#685,.T.);
#3417=EDGE_CURVE('',#2752,#2753,#686,.T.);
#3418=EDGE_CURVE('',#2753,#2749,#687,.T.);
#3419=EDGE_CURVE('',#2754,#2755,#688,.T.);
#3420=EDGE_CURVE('',#2755,#2756,#689,.T.);
#3421=EDGE_CURVE('',#2756,#2757,#151,.T.);
#3422=EDGE_CURVE('',#2757,#2754,#690,.T.);
#3423=EDGE_CURVE('',#2757,#2758,#691,.T.);
#3424=EDGE_CURVE('',#2758,#2754,#692,.T.);
#3425=EDGE_CURVE('',#2755,#2759,#693,.T.);
#3426=EDGE_CURVE('',#2756,#2759,#694,.T.);
#3427=EDGE_CURVE('',#2759,#2758,#240,.T.);
#3428=EDGE_CURVE('',#2760,#2760,#241,.T.);
#3429=EDGE_CURVE('',#2760,#2761,#695,.T.);
#3430=EDGE_CURVE('',#2761,#2761,#242,.T.);
#3431=EDGE_CURVE('',#2762,#2763,#152,.T.);
#3432=EDGE_CURVE('',#2764,#2762,#696,.T.);
#3433=EDGE_CURVE('',#2765,#2764,#153,.T.);
#3434=EDGE_CURVE('',#2766,#2765,#697,.T.);
#3435=EDGE_CURVE('',#2763,#2766,#2436,.T.);
#3436=EDGE_CURVE('',#2767,#2768,#154,.T.);
#3437=EDGE_CURVE('',#2769,#2767,#698,.T.);
#3438=EDGE_CURVE('',#2769,#2770,#243,.T.);
#3439=EDGE_CURVE('',#2768,#2770,#699,.T.);
#3440=EDGE_CURVE('',#2763,#2771,#155,.T.);
#3441=EDGE_CURVE('',#2770,#2766,#2437,.T.);
#3442=EDGE_CURVE('',#2769,#2771,#700,.T.);
#3443=EDGE_CURVE('',#2768,#2765,#701,.T.);
#3444=EDGE_CURVE('',#2767,#2744,#702,.T.);
#3445=EDGE_CURVE('',#2764,#2745,#703,.T.);
#3446=EDGE_CURVE('',#2772,#2773,#704,.T.);
#3447=EDGE_CURVE('',#2773,#2774,#705,.T.);
#3448=EDGE_CURVE('',#2774,#2775,#706,.T.);
#3449=EDGE_CURVE('',#2772,#2775,#707,.T.);
#3450=EDGE_CURVE('',#2776,#2777,#708,.T.);
#3451=EDGE_CURVE('',#2775,#2777,#244,.T.);
#3452=EDGE_CURVE('',#2774,#2776,#245,.T.);
#3453=EDGE_CURVE('',#2778,#2779,#709,.T.);
#3454=EDGE_CURVE('',#2779,#2773,#246,.T.);
#3455=EDGE_CURVE('',#2778,#2772,#247,.T.);
#3456=EDGE_CURVE('',#2780,#2781,#710,.T.);
#3457=EDGE_CURVE('',#2777,#2781,#711,.T.);
#3458=EDGE_CURVE('',#2776,#2780,#712,.T.);
#3459=EDGE_CURVE('',#2782,#2783,#713,.T.);
#3460=EDGE_CURVE('',#2783,#2779,#714,.T.);
#3461=EDGE_CURVE('',#2782,#2778,#715,.T.);
#3462=EDGE_CURVE('',#2784,#2785,#716,.T.);
#3463=EDGE_CURVE('',#2781,#2785,#248,.T.);
#3464=EDGE_CURVE('',#2780,#2784,#249,.T.);
#3465=EDGE_CURVE('',#2786,#2787,#717,.T.);
#3466=EDGE_CURVE('',#2787,#2783,#250,.T.);
#3467=EDGE_CURVE('',#2786,#2782,#251,.T.);
#3468=EDGE_CURVE('',#2788,#2789,#718,.T.);
#3469=EDGE_CURVE('',#2785,#2789,#719,.T.);
#3470=EDGE_CURVE('',#2784,#2788,#720,.T.);
#3471=EDGE_CURVE('',#2790,#2791,#721,.T.);
#3472=EDGE_CURVE('',#2791,#2787,#722,.T.);
#3473=EDGE_CURVE('',#2790,#2786,#723,.T.);
#3474=EDGE_CURVE('',#2792,#2793,#724,.T.);
#3475=EDGE_CURVE('',#2789,#2793,#252,.T.);
#3476=EDGE_CURVE('',#2788,#2792,#253,.T.);
#3477=EDGE_CURVE('',#2794,#2795,#725,.T.);
#3478=EDGE_CURVE('',#2795,#2791,#254,.T.);
#3479=EDGE_CURVE('',#2794,#2790,#255,.T.);
#3480=EDGE_CURVE('',#2792,#2795,#726,.T.);
#3481=EDGE_CURVE('',#2793,#2794,#727,.T.);
#3482=EDGE_CURVE('',#2796,#2797,#728,.T.);
#3483=EDGE_CURVE('',#2796,#2798,#729,.T.);
#3484=EDGE_CURVE('',#2797,#2798,#730,.T.);
#3485=EDGE_CURVE('',#2799,#2800,#731,.T.);
#3486=EDGE_CURVE('',#2801,#2799,#156,.T.);
#3487=EDGE_CURVE('',#2802,#2801,#732,.T.);
#3488=EDGE_CURVE('',#2800,#2802,#157,.T.);
#3489=EDGE_CURVE('',#2803,#2804,#733,.T.);
#3490=EDGE_CURVE('',#2805,#2804,#734,.T.);
#3491=EDGE_CURVE('',#2806,#2805,#735,.T.);
#3492=EDGE_CURVE('',#2803,#2806,#736,.T.);
#3493=EDGE_CURVE('',#2807,#2808,#737,.T.);
#3494=EDGE_CURVE('',#2804,#2808,#738,.T.);
#3495=EDGE_CURVE('',#2807,#2803,#739,.T.);
#3496=EDGE_CURVE('',#2809,#2807,#740,.T.);
#3497=EDGE_CURVE('',#2809,#2810,#741,.T.);
#3498=EDGE_CURVE('',#2808,#2810,#742,.T.);
#3499=EDGE_CURVE('',#2811,#2812,#743,.T.);
#3500=EDGE_CURVE('',#2813,#2811,#744,.T.);
#3501=EDGE_CURVE('',#2814,#2813,#745,.T.);
#3502=EDGE_CURVE('',#2814,#2812,#746,.T.);
#3503=EDGE_CURVE('',#2815,#2814,#747,.T.);
#3504=EDGE_CURVE('',#2815,#2816,#748,.T.);
#3505=EDGE_CURVE('',#2812,#2816,#749,.T.);
#3506=EDGE_CURVE('',#2817,#2818,#750,.T.);
#3507=EDGE_CURVE('',#2816,#2817,#751,.T.);
#3508=EDGE_CURVE('',#2818,#2815,#752,.T.);
#3509=EDGE_CURVE('',#2819,#2820,#753,.T.);
#3510=EDGE_CURVE('',#2821,#2820,#754,.T.);
#3511=EDGE_CURVE('',#2821,#2822,#755,.T.);
#3512=EDGE_CURVE('',#2819,#2822,#756,.T.);
#3513=EDGE_CURVE('',#2823,#2824,#757,.T.);
#3514=EDGE_CURVE('',#2822,#2824,#758,.T.);
#3515=EDGE_CURVE('',#2823,#2821,#759,.T.);
#3516=EDGE_CURVE('',#2825,#2826,#760,.T.);
#3517=EDGE_CURVE('',#2820,#2826,#761,.T.);
#3518=EDGE_CURVE('',#2825,#2819,#762,.T.);
#3519=EDGE_CURVE('',#2827,#2828,#763,.T.);
#3520=EDGE_CURVE('',#2824,#2828,#764,.T.);
#3521=EDGE_CURVE('',#2827,#2823,#765,.T.);
#3522=EDGE_CURVE('',#2829,#2830,#766,.T.);
#3523=EDGE_CURVE('',#2826,#2830,#767,.T.);
#3524=EDGE_CURVE('',#2829,#2825,#768,.T.);
#3525=EDGE_CURVE('',#2831,#2832,#769,.T.);
#3526=EDGE_CURVE('',#2828,#2832,#770,.T.);
#3527=EDGE_CURVE('',#2831,#2827,#771,.T.);
#3528=EDGE_CURVE('',#2833,#2834,#772,.T.);
#3529=EDGE_CURVE('',#2830,#2834,#773,.T.);
#3530=EDGE_CURVE('',#2833,#2829,#774,.T.);
#3531=EDGE_CURVE('',#2834,#2831,#775,.T.);
#3532=EDGE_CURVE('',#2832,#2833,#776,.T.);
#3533=EDGE_CURVE('',#2835,#2836,#777,.T.);
#3534=EDGE_CURVE('',#2837,#2836,#778,.T.);
#3535=EDGE_CURVE('',#2837,#2838,#779,.T.);
#3536=EDGE_CURVE('',#2835,#2838,#780,.T.);
#3537=EDGE_CURVE('',#2839,#2840,#781,.T.);
#3538=EDGE_CURVE('',#2838,#2840,#782,.T.);
#3539=EDGE_CURVE('',#2839,#2837,#783,.T.);
#3540=EDGE_CURVE('',#2841,#2842,#784,.T.);
#3541=EDGE_CURVE('',#2836,#2842,#785,.T.);
#3542=EDGE_CURVE('',#2841,#2835,#786,.T.);
#3543=EDGE_CURVE('',#2843,#2844,#787,.T.);
#3544=EDGE_CURVE('',#2840,#2844,#788,.T.);
#3545=EDGE_CURVE('',#2843,#2839,#789,.T.);
#3546=EDGE_CURVE('',#2845,#2846,#790,.T.);
#3547=EDGE_CURVE('',#2842,#2846,#791,.T.);
#3548=EDGE_CURVE('',#2845,#2841,#792,.T.);
#3549=EDGE_CURVE('',#2847,#2848,#793,.T.);
#3550=EDGE_CURVE('',#2844,#2848,#794,.T.);
#3551=EDGE_CURVE('',#2847,#2843,#795,.T.);
#3552=EDGE_CURVE('',#2849,#2850,#796,.T.);
#3553=EDGE_CURVE('',#2846,#2850,#797,.T.);
#3554=EDGE_CURVE('',#2849,#2845,#798,.T.);
#3555=EDGE_CURVE('',#2850,#2847,#799,.T.);
#3556=EDGE_CURVE('',#2848,#2849,#800,.T.);
#3557=EDGE_CURVE('',#2834,#2818,#801,.T.);
#3558=EDGE_CURVE('',#2851,#2831,#802,.T.);
#3559=EDGE_CURVE('',#2817,#2851,#803,.T.);
#3560=EDGE_CURVE('',#2827,#2852,#804,.T.);
#3561=EDGE_CURVE('',#2806,#2823,#805,.T.);
#3562=EDGE_CURVE('',#2852,#2805,#806,.T.);
#3563=EDGE_CURVE('',#2850,#2853,#807,.T.);
#3564=EDGE_CURVE('',#2854,#2847,#808,.T.);
#3565=EDGE_CURVE('',#2853,#2854,#809,.T.);
#3566=EDGE_CURVE('',#2843,#2855,#810,.T.);
#3567=EDGE_CURVE('',#2856,#2839,#811,.T.);
#3568=EDGE_CURVE('',#2855,#2856,#812,.T.);
#3569=EDGE_CURVE('',#2842,#2857,#813,.T.);
#3570=EDGE_CURVE('',#2858,#2846,#814,.T.);
#3571=EDGE_CURVE('',#2857,#2858,#815,.T.);
#3572=EDGE_CURVE('',#2821,#2753,#816,.T.);
#3573=EDGE_CURVE('',#2749,#2820,#817,.T.);
#3574=EDGE_CURVE('',#2826,#2748,#818,.T.);
#3575=EDGE_CURVE('',#2750,#2830,#819,.T.);
#3576=EDGE_CURVE('',#2837,#2859,#820,.T.);
#3577=EDGE_CURVE('',#2860,#2836,#821,.T.);
#3578=EDGE_CURVE('',#2859,#2860,#822,.T.);
#3579=EDGE_CURVE('',#2861,#2862,#823,.T.);
#3580=EDGE_CURVE('',#2863,#2862,#824,.T.);
#3581=EDGE_CURVE('',#2863,#2864,#825,.T.);
#3582=EDGE_CURVE('',#2861,#2864,#826,.T.);
#3583=EDGE_CURVE('',#2865,#2866,#827,.T.);
#3584=EDGE_CURVE('',#2864,#2866,#256,.T.);
#3585=EDGE_CURVE('',#2865,#2863,#257,.T.);
#3586=EDGE_CURVE('',#2867,#2868,#828,.T.);
#3587=EDGE_CURVE('',#2862,#2868,#258,.T.);
#3588=EDGE_CURVE('',#2867,#2861,#259,.T.);
#3589=EDGE_CURVE('',#2868,#2865,#829,.T.);
#3590=EDGE_CURVE('',#2866,#2867,#830,.T.);
#3591=EDGE_CURVE('',#2869,#2870,#831,.T.);
#3592=EDGE_CURVE('',#2871,#2870,#832,.T.);
#3593=EDGE_CURVE('',#2871,#2872,#833,.T.);
#3594=EDGE_CURVE('',#2869,#2872,#834,.T.);
#3595=EDGE_CURVE('',#2873,#2874,#835,.T.);
#3596=EDGE_CURVE('',#2872,#2874,#260,.T.);
#3597=EDGE_CURVE('',#2873,#2871,#261,.T.);
#3598=EDGE_CURVE('',#2875,#2876,#836,.T.);
#3599=EDGE_CURVE('',#2870,#2876,#262,.T.);
#3600=EDGE_CURVE('',#2875,#2869,#263,.T.);
#3601=EDGE_CURVE('',#2876,#2873,#837,.T.);
#3602=EDGE_CURVE('',#2874,#2875,#838,.T.);
#3603=EDGE_CURVE('',#2771,#2877,#839,.T.);
#3604=EDGE_CURVE('',#2859,#2769,#840,.T.);
#3605=EDGE_CURVE('',#2877,#2859,#841,.T.);
#3606=EDGE_CURVE('',#2878,#2879,#842,.T.);
#3607=EDGE_CURVE('',#2879,#2858,#843,.T.);
#3608=EDGE_CURVE('',#2858,#2878,#844,.T.);
#3609=EDGE_CURVE('',#2880,#2802,#845,.T.);
#3610=EDGE_CURVE('',#2801,#2751,#846,.T.);
#3611=EDGE_CURVE('',#2750,#2880,#847,.T.);
#3612=EDGE_CURVE('',#2797,#2799,#848,.T.);
#3613=EDGE_CURVE('',#2800,#2881,#849,.T.);
#3614=EDGE_CURVE('',#2881,#2796,#850,.T.);
#3615=EDGE_CURVE('',#2882,#2752,#851,.T.);
#3616=EDGE_CURVE('',#2753,#2882,#852,.T.);
#3617=EDGE_CURVE('',#2860,#2857,#853,.T.);
#3618=EDGE_CURVE('',#2877,#2879,#854,.T.);
#3619=EDGE_CURVE('',#2855,#2854,#855,.T.);
#3620=EDGE_CURVE('',#2852,#2851,#856,.T.);
#3621=EDGE_CURVE('',#2883,#2883,#264,.T.);
#3622=EDGE_CURVE('',#2884,#2885,#857,.T.);
#3623=EDGE_CURVE('',#2886,#2884,#265,.T.);
#3624=EDGE_CURVE('',#2887,#2886,#858,.T.);
#3625=EDGE_CURVE('',#2885,#2887,#266,.T.);
#3626=EDGE_CURVE('',#2888,#2888,#267,.T.);
#3627=EDGE_CURVE('',#2868,#2886,#859,.T.);
#3628=EDGE_CURVE('',#2865,#2887,#860,.T.);
#3629=EDGE_CURVE('',#2862,#2884,#861,.T.);
#3630=EDGE_CURVE('',#2863,#2885,#862,.T.);
#3631=EDGE_CURVE('',#2889,#2889,#268,.T.);
#3632=EDGE_CURVE('',#2890,#2891,#863,.T.);
#3633=EDGE_CURVE('',#2891,#2892,#269,.T.);
#3634=EDGE_CURVE('',#2893,#2892,#864,.T.);
#3635=EDGE_CURVE('',#2893,#2890,#270,.T.);
#3636=EDGE_CURVE('',#2894,#2894,#271,.T.);
#3637=EDGE_CURVE('',#2874,#2892,#865,.T.);
#3638=EDGE_CURVE('',#2875,#2893,#866,.T.);
#3639=EDGE_CURVE('',#2869,#2890,#867,.T.);
#3640=EDGE_CURVE('',#2872,#2891,#868,.T.);
#3641=EDGE_CURVE('',#2815,#2880,#869,.T.);
#3642=EDGE_CURVE('',#2895,#2896,#870,.T.);
#3643=EDGE_CURVE('',#2895,#2813,#871,.T.);
#3644=EDGE_CURVE('',#2813,#2809,#872,.T.);
#3645=EDGE_CURVE('',#2809,#2896,#873,.T.);
#3646=EDGE_CURVE('',#2897,#2764,#874,.T.);
#3647=EDGE_CURVE('',#2897,#2762,#875,.T.);
#3648=EDGE_CURVE('',#2810,#2811,#876,.T.);
#3649=EDGE_CURVE('',#2856,#2747,#877,.T.);
#3650=EDGE_CURVE('',#2853,#2746,#878,.T.);
#3651=EDGE_CURVE('',#2742,#2803,#879,.T.);
#3652=EDGE_CURVE('',#2878,#2882,#880,.T.);
#3653=EDGE_CURVE('',#2898,#2899,#881,.T.);
#3654=EDGE_CURVE('',#2881,#2898,#882,.T.);
#3655=EDGE_CURVE('',#2814,#2899,#883,.T.);
#3656=EDGE_CURVE('',#2745,#2807,#884,.T.);
#3657=EDGE_CURVE('',#2894,#2889,#885,.T.);
#3658=EDGE_CURVE('',#2888,#2883,#886,.T.);
#3659=EDGE_CURVE('',#2798,#2898,#887,.T.);
#3660=EDGE_CURVE('',#2899,#2895,#888,.T.);
#3661=EDGE_CURVE('',#2896,#2897,#889,.T.);
#3662=ORIENTED_EDGE('',*,*,#2900,.T.);
#3663=ORIENTED_EDGE('',*,*,#2901,.T.);
#3664=ORIENTED_EDGE('',*,*,#2902,.T.);
#3665=ORIENTED_EDGE('',*,*,#2903,.T.);
#3666=ORIENTED_EDGE('',*,*,#2904,.T.);
#3667=ORIENTED_EDGE('',*,*,#2905,.T.);
#3668=ORIENTED_EDGE('',*,*,#2906,.T.);
#3669=ORIENTED_EDGE('',*,*,#2907,.T.);
#3670=ORIENTED_EDGE('',*,*,#2908,.T.);
#3671=ORIENTED_EDGE('',*,*,#2909,.T.);
#3672=ORIENTED_EDGE('',*,*,#2910,.T.);
#3673=ORIENTED_EDGE('',*,*,#2911,.T.);
#3674=ORIENTED_EDGE('',*,*,#2904,.F.);
#3675=ORIENTED_EDGE('',*,*,#2912,.T.);
#3676=ORIENTED_EDGE('',*,*,#2910,.F.);
#3677=ORIENTED_EDGE('',*,*,#2913,.T.);
#3678=ORIENTED_EDGE('',*,*,#2914,.T.);
#3679=ORIENTED_EDGE('',*,*,#2915,.T.);
#3680=ORIENTED_EDGE('',*,*,#2916,.T.);
#3681=ORIENTED_EDGE('',*,*,#2917,.T.);
#3682=ORIENTED_EDGE('',*,*,#2918,.T.);
#3683=ORIENTED_EDGE('',*,*,#2919,.T.);
#3684=ORIENTED_EDGE('',*,*,#2908,.F.);
#3685=ORIENTED_EDGE('',*,*,#2920,.T.);
#3686=ORIENTED_EDGE('',*,*,#2921,.T.);
#3687=ORIENTED_EDGE('',*,*,#2922,.T.);
#3688=ORIENTED_EDGE('',*,*,#2915,.F.);
#3689=ORIENTED_EDGE('',*,*,#2923,.T.);
#3690=ORIENTED_EDGE('',*,*,#2924,.T.);
#3691=ORIENTED_EDGE('',*,*,#2925,.T.);
#3692=ORIENTED_EDGE('',*,*,#2926,.T.);
#3693=ORIENTED_EDGE('',*,*,#2921,.F.);
#3694=ORIENTED_EDGE('',*,*,#2927,.T.);
#3695=ORIENTED_EDGE('',*,*,#2928,.T.);
#3696=ORIENTED_EDGE('',*,*,#2929,.T.);
#3697=ORIENTED_EDGE('',*,*,#2930,.T.);
#3698=ORIENTED_EDGE('',*,*,#2931,.T.);
#3699=ORIENTED_EDGE('',*,*,#2932,.T.);
#3700=ORIENTED_EDGE('',*,*,#2933,.T.);
#3701=ORIENTED_EDGE('',*,*,#2934,.T.);
#3702=ORIENTED_EDGE('',*,*,#2935,.T.);
#3703=ORIENTED_EDGE('',*,*,#2936,.T.);
#3704=ORIENTED_EDGE('',*,*,#2937,.T.);
#3705=ORIENTED_EDGE('',*,*,#2938,.T.);
#3706=ORIENTED_EDGE('',*,*,#2939,.T.);
#3707=ORIENTED_EDGE('',*,*,#2940,.T.);
#3708=ORIENTED_EDGE('',*,*,#2941,.T.);
#3709=ORIENTED_EDGE('',*,*,#2942,.T.);
#3710=ORIENTED_EDGE('',*,*,#2943,.T.);
#3711=ORIENTED_EDGE('',*,*,#2940,.F.);
#3712=ORIENTED_EDGE('',*,*,#2944,.T.);
#3713=ORIENTED_EDGE('',*,*,#2936,.F.);
#3714=ORIENTED_EDGE('',*,*,#2945,.T.);
#3715=ORIENTED_EDGE('',*,*,#2942,.F.);
#3716=ORIENTED_EDGE('',*,*,#2946,.T.);
#3717=ORIENTED_EDGE('',*,*,#2932,.F.);
#3718=ORIENTED_EDGE('',*,*,#2947,.T.);
#3719=ORIENTED_EDGE('',*,*,#2938,.F.);
#3720=ORIENTED_EDGE('',*,*,#2948,.T.);
#3721=ORIENTED_EDGE('',*,*,#2928,.F.);
#3722=ORIENTED_EDGE('',*,*,#2949,.T.);
#3723=ORIENTED_EDGE('',*,*,#2934,.F.);
#3724=ORIENTED_EDGE('',*,*,#2950,.T.);
#3725=ORIENTED_EDGE('',*,*,#2924,.F.);
#3726=ORIENTED_EDGE('',*,*,#2951,.T.);
#3727=ORIENTED_EDGE('',*,*,#2930,.F.);
#3728=ORIENTED_EDGE('',*,*,#2952,.T.);
#3729=ORIENTED_EDGE('',*,*,#2953,.T.);
#3730=ORIENTED_EDGE('',*,*,#2954,.T.);
#3731=ORIENTED_EDGE('',*,*,#2953,.F.);
#3732=ORIENTED_EDGE('',*,*,#2955,.T.);
#3733=ORIENTED_EDGE('',*,*,#2917,.F.);
#3734=ORIENTED_EDGE('',*,*,#2925,.F.);
#3735=ORIENTED_EDGE('',*,*,#2950,.F.);
#3736=ORIENTED_EDGE('',*,*,#2933,.F.);
#3737=ORIENTED_EDGE('',*,*,#2946,.F.);
#3738=ORIENTED_EDGE('',*,*,#2941,.F.);
#3739=ORIENTED_EDGE('',*,*,#2943,.F.);
#3740=ORIENTED_EDGE('',*,*,#2935,.F.);
#3741=ORIENTED_EDGE('',*,*,#2947,.F.);
#3742=ORIENTED_EDGE('',*,*,#2927,.F.);
#3743=ORIENTED_EDGE('',*,*,#2951,.F.);
#3744=ORIENTED_EDGE('',*,*,#2954,.F.);
#3745=ORIENTED_EDGE('',*,*,#2956,.F.);
#3746=ORIENTED_EDGE('',*,*,#2957,.F.);
#3747=ORIENTED_EDGE('',*,*,#2958,.F.);
#3748=ORIENTED_EDGE('',*,*,#2959,.F.);
#3749=ORIENTED_EDGE('',*,*,#2960,.F.);
#3750=ORIENTED_EDGE('',*,*,#2961,.F.);
#3751=ORIENTED_EDGE('',*,*,#2962,.F.);
#3752=ORIENTED_EDGE('',*,*,#2963,.F.);
#3753=ORIENTED_EDGE('',*,*,#2964,.F.);
#3754=ORIENTED_EDGE('',*,*,#2905,.F.);
#3755=ORIENTED_EDGE('',*,*,#2919,.F.);
#3756=ORIENTED_EDGE('',*,*,#2965,.F.);
#3757=ORIENTED_EDGE('',*,*,#2966,.F.);
#3758=ORIENTED_EDGE('',*,*,#2967,.F.);
#3759=ORIENTED_EDGE('',*,*,#2918,.F.);
#3760=ORIENTED_EDGE('',*,*,#2955,.F.);
#3761=ORIENTED_EDGE('',*,*,#2968,.T.);
#3762=ORIENTED_EDGE('',*,*,#2969,.T.);
#3763=ORIENTED_EDGE('',*,*,#2970,.F.);
#3764=ORIENTED_EDGE('',*,*,#2965,.T.);
#3765=ORIENTED_EDGE('',*,*,#2952,.F.);
#3766=ORIENTED_EDGE('',*,*,#2971,.F.);
#3767=ORIENTED_EDGE('',*,*,#2972,.T.);
#3768=ORIENTED_EDGE('',*,*,#2968,.F.);
#3769=ORIENTED_EDGE('',*,*,#2929,.F.);
#3770=ORIENTED_EDGE('',*,*,#2973,.T.);
#3771=ORIENTED_EDGE('',*,*,#2974,.T.);
#3772=ORIENTED_EDGE('',*,*,#2975,.F.);
#3773=ORIENTED_EDGE('',*,*,#2971,.T.);
#3774=ORIENTED_EDGE('',*,*,#2948,.F.);
#3775=ORIENTED_EDGE('',*,*,#2976,.F.);
#3776=ORIENTED_EDGE('',*,*,#2977,.F.);
#3777=ORIENTED_EDGE('',*,*,#2973,.F.);
#3778=ORIENTED_EDGE('',*,*,#2937,.F.);
#3779=ORIENTED_EDGE('',*,*,#2978,.T.);
#3780=ORIENTED_EDGE('',*,*,#2979,.T.);
#3781=ORIENTED_EDGE('',*,*,#2980,.T.);
#3782=ORIENTED_EDGE('',*,*,#2976,.T.);
#3783=ORIENTED_EDGE('',*,*,#2944,.F.);
#3784=ORIENTED_EDGE('',*,*,#2981,.F.);
#3785=ORIENTED_EDGE('',*,*,#2982,.T.);
#3786=ORIENTED_EDGE('',*,*,#2983,.T.);
#3787=ORIENTED_EDGE('',*,*,#2984,.F.);
#3788=ORIENTED_EDGE('',*,*,#2978,.F.);
#3789=ORIENTED_EDGE('',*,*,#2939,.F.);
#3790=ORIENTED_EDGE('',*,*,#2985,.T.);
#3791=ORIENTED_EDGE('',*,*,#2986,.T.);
#3792=ORIENTED_EDGE('',*,*,#2987,.T.);
#3793=ORIENTED_EDGE('',*,*,#2981,.T.);
#3794=ORIENTED_EDGE('',*,*,#2988,.T.);
#3795=ORIENTED_EDGE('',*,*,#2989,.T.);
#3796=ORIENTED_EDGE('',*,*,#2990,.T.);
#3797=ORIENTED_EDGE('',*,*,#2989,.F.);
#3798=ORIENTED_EDGE('',*,*,#2990,.F.);
#3799=ORIENTED_EDGE('',*,*,#2991,.F.);
#3800=ORIENTED_EDGE('',*,*,#2992,.T.);
#3801=ORIENTED_EDGE('',*,*,#2988,.F.);
#3802=ORIENTED_EDGE('',*,*,#2992,.F.);
#3803=ORIENTED_EDGE('',*,*,#2993,.T.);
#3804=ORIENTED_EDGE('',*,*,#2994,.T.);
#3805=ORIENTED_EDGE('',*,*,#2995,.T.);
#3806=ORIENTED_EDGE('',*,*,#2996,.T.);
#3807=ORIENTED_EDGE('',*,*,#2997,.T.);
#3808=ORIENTED_EDGE('',*,*,#2998,.T.);
#3809=ORIENTED_EDGE('',*,*,#2995,.F.);
#3810=ORIENTED_EDGE('',*,*,#2999,.T.);
#3811=ORIENTED_EDGE('',*,*,#3000,.T.);
#3812=ORIENTED_EDGE('',*,*,#3001,.T.);
#3813=ORIENTED_EDGE('',*,*,#2997,.F.);
#3814=ORIENTED_EDGE('',*,*,#3002,.T.);
#3815=ORIENTED_EDGE('',*,*,#3002,.F.);
#3816=ORIENTED_EDGE('',*,*,#3003,.F.);
#3817=ORIENTED_EDGE('',*,*,#3004,.T.);
#3818=ORIENTED_EDGE('',*,*,#2999,.F.);
#3819=ORIENTED_EDGE('',*,*,#3005,.F.);
#3820=ORIENTED_EDGE('',*,*,#3006,.T.);
#3821=ORIENTED_EDGE('',*,*,#3003,.T.);
#3822=ORIENTED_EDGE('',*,*,#2994,.F.);
#3823=ORIENTED_EDGE('',*,*,#3007,.T.);
#3824=ORIENTED_EDGE('',*,*,#3005,.T.);
#3825=ORIENTED_EDGE('',*,*,#3008,.T.);
#3826=ORIENTED_EDGE('',*,*,#3009,.T.);
#3827=ORIENTED_EDGE('',*,*,#3010,.T.);
#3828=ORIENTED_EDGE('',*,*,#3011,.T.);
#3829=ORIENTED_EDGE('',*,*,#3012,.T.);
#3830=ORIENTED_EDGE('',*,*,#3013,.T.);
#3831=ORIENTED_EDGE('',*,*,#3008,.F.);
#3832=ORIENTED_EDGE('',*,*,#3014,.T.);
#3833=ORIENTED_EDGE('',*,*,#3015,.T.);
#3834=ORIENTED_EDGE('',*,*,#3016,.T.);
#3835=ORIENTED_EDGE('',*,*,#3012,.F.);
#3836=ORIENTED_EDGE('',*,*,#3017,.T.);
#3837=ORIENTED_EDGE('',*,*,#3018,.T.);
#3838=ORIENTED_EDGE('',*,*,#3019,.T.);
#3839=ORIENTED_EDGE('',*,*,#3015,.F.);
#3840=ORIENTED_EDGE('',*,*,#3020,.T.);
#3841=ORIENTED_EDGE('',*,*,#3021,.T.);
#3842=ORIENTED_EDGE('',*,*,#3022,.T.);
#3843=ORIENTED_EDGE('',*,*,#3018,.F.);
#3844=ORIENTED_EDGE('',*,*,#3023,.T.);
#3845=ORIENTED_EDGE('',*,*,#3024,.T.);
#3846=ORIENTED_EDGE('',*,*,#3025,.T.);
#3847=ORIENTED_EDGE('',*,*,#3021,.F.);
#3848=ORIENTED_EDGE('',*,*,#3026,.T.);
#3849=ORIENTED_EDGE('',*,*,#3027,.T.);
#3850=ORIENTED_EDGE('',*,*,#3028,.T.);
#3851=ORIENTED_EDGE('',*,*,#3024,.F.);
#3852=ORIENTED_EDGE('',*,*,#3029,.T.);
#3853=ORIENTED_EDGE('',*,*,#3010,.F.);
#3854=ORIENTED_EDGE('',*,*,#3030,.T.);
#3855=ORIENTED_EDGE('',*,*,#3027,.F.);
#3856=ORIENTED_EDGE('',*,*,#3031,.T.);
#3857=ORIENTED_EDGE('',*,*,#3025,.F.);
#3858=ORIENTED_EDGE('',*,*,#3032,.T.);
#3859=ORIENTED_EDGE('',*,*,#2959,.T.);
#3860=ORIENTED_EDGE('',*,*,#3033,.T.);
#3861=ORIENTED_EDGE('',*,*,#3028,.F.);
#3862=ORIENTED_EDGE('',*,*,#3034,.F.);
#3863=ORIENTED_EDGE('',*,*,#2960,.T.);
#3864=ORIENTED_EDGE('',*,*,#3032,.F.);
#3865=ORIENTED_EDGE('',*,*,#3030,.F.);
#3866=ORIENTED_EDGE('',*,*,#3035,.T.);
#3867=ORIENTED_EDGE('',*,*,#2961,.T.);
#3868=ORIENTED_EDGE('',*,*,#3034,.T.);
#3869=ORIENTED_EDGE('',*,*,#3009,.F.);
#3870=ORIENTED_EDGE('',*,*,#3036,.F.);
#3871=ORIENTED_EDGE('',*,*,#2962,.T.);
#3872=ORIENTED_EDGE('',*,*,#3035,.F.);
#3873=ORIENTED_EDGE('',*,*,#3011,.F.);
#3874=ORIENTED_EDGE('',*,*,#3031,.F.);
#3875=ORIENTED_EDGE('',*,*,#3029,.F.);
#3876=ORIENTED_EDGE('',*,*,#3026,.F.);
#3877=ORIENTED_EDGE('',*,*,#3023,.F.);
#3878=ORIENTED_EDGE('',*,*,#3020,.F.);
#3879=ORIENTED_EDGE('',*,*,#3017,.F.);
#3880=ORIENTED_EDGE('',*,*,#3014,.F.);
#3881=ORIENTED_EDGE('',*,*,#3019,.F.);
#3882=ORIENTED_EDGE('',*,*,#3037,.T.);
#3883=ORIENTED_EDGE('',*,*,#2957,.T.);
#3884=ORIENTED_EDGE('',*,*,#3038,.T.);
#3885=ORIENTED_EDGE('',*,*,#2926,.F.);
#3886=ORIENTED_EDGE('',*,*,#2964,.T.);
#3887=ORIENTED_EDGE('',*,*,#3039,.F.);
#3888=ORIENTED_EDGE('',*,*,#3016,.F.);
#3889=ORIENTED_EDGE('',*,*,#3038,.F.);
#3890=ORIENTED_EDGE('',*,*,#2956,.T.);
#3891=ORIENTED_EDGE('',*,*,#2916,.F.);
#3892=ORIENTED_EDGE('',*,*,#2907,.F.);
#3893=ORIENTED_EDGE('',*,*,#3040,.T.);
#3894=ORIENTED_EDGE('',*,*,#2900,.F.);
#3895=ORIENTED_EDGE('',*,*,#2911,.F.);
#3896=ORIENTED_EDGE('',*,*,#2912,.F.);
#3897=ORIENTED_EDGE('',*,*,#2922,.F.);
#3898=ORIENTED_EDGE('',*,*,#3013,.F.);
#3899=ORIENTED_EDGE('',*,*,#3039,.T.);
#3900=ORIENTED_EDGE('',*,*,#2963,.T.);
#3901=ORIENTED_EDGE('',*,*,#3036,.T.);
#3902=ORIENTED_EDGE('',*,*,#2970,.T.);
#3903=ORIENTED_EDGE('',*,*,#3041,.T.);
#3904=ORIENTED_EDGE('',*,*,#3042,.T.);
#3905=ORIENTED_EDGE('',*,*,#2966,.T.);
#3906=ORIENTED_EDGE('',*,*,#3041,.F.);
#3907=ORIENTED_EDGE('',*,*,#2969,.F.);
#3908=ORIENTED_EDGE('',*,*,#2972,.F.);
#3909=ORIENTED_EDGE('',*,*,#2975,.T.);
#3910=ORIENTED_EDGE('',*,*,#3043,.F.);
#3911=ORIENTED_EDGE('',*,*,#3044,.F.);
#3912=ORIENTED_EDGE('',*,*,#2967,.T.);
#3913=ORIENTED_EDGE('',*,*,#3042,.F.);
#3914=ORIENTED_EDGE('',*,*,#3044,.T.);
#3915=ORIENTED_EDGE('',*,*,#3045,.T.);
#3916=ORIENTED_EDGE('',*,*,#3046,.F.);
#3917=ORIENTED_EDGE('',*,*,#2983,.F.);
#3918=ORIENTED_EDGE('',*,*,#3047,.T.);
#3919=ORIENTED_EDGE('',*,*,#3048,.F.);
#3920=ORIENTED_EDGE('',*,*,#3049,.F.);
#3921=ORIENTED_EDGE('',*,*,#3050,.F.);
#3922=ORIENTED_EDGE('',*,*,#3051,.F.);
#3923=ORIENTED_EDGE('',*,*,#2901,.F.);
#3924=ORIENTED_EDGE('',*,*,#3040,.F.);
#3925=ORIENTED_EDGE('',*,*,#2906,.F.);
#3926=ORIENTED_EDGE('',*,*,#2991,.T.);
#3927=ORIENTED_EDGE('',*,*,#3022,.F.);
#3928=ORIENTED_EDGE('',*,*,#3033,.F.);
#3929=ORIENTED_EDGE('',*,*,#2958,.T.);
#3930=ORIENTED_EDGE('',*,*,#3037,.F.);
#3931=ORIENTED_EDGE('',*,*,#2949,.F.);
#3932=ORIENTED_EDGE('',*,*,#3052,.F.);
#3933=ORIENTED_EDGE('',*,*,#3053,.F.);
#3934=ORIENTED_EDGE('',*,*,#3054,.F.);
#3935=ORIENTED_EDGE('',*,*,#3055,.F.);
#3936=ORIENTED_EDGE('',*,*,#3048,.T.);
#3937=ORIENTED_EDGE('',*,*,#3056,.T.);
#3938=ORIENTED_EDGE('',*,*,#2986,.F.);
#3939=ORIENTED_EDGE('',*,*,#3057,.F.);
#3940=ORIENTED_EDGE('',*,*,#3058,.F.);
#3941=ORIENTED_EDGE('',*,*,#3059,.F.);
#3942=ORIENTED_EDGE('',*,*,#3046,.T.);
#3943=ORIENTED_EDGE('',*,*,#3060,.T.);
#3944=ORIENTED_EDGE('',*,*,#2979,.F.);
#3945=ORIENTED_EDGE('',*,*,#2984,.T.);
#3946=ORIENTED_EDGE('',*,*,#3047,.F.);
#3947=ORIENTED_EDGE('',*,*,#2982,.F.);
#3948=ORIENTED_EDGE('',*,*,#2987,.F.);
#3949=ORIENTED_EDGE('',*,*,#3056,.F.);
#3950=ORIENTED_EDGE('',*,*,#3049,.T.);
#3951=ORIENTED_EDGE('',*,*,#3059,.T.);
#3952=ORIENTED_EDGE('',*,*,#3061,.T.);
#3953=ORIENTED_EDGE('',*,*,#3054,.T.);
#3954=ORIENTED_EDGE('',*,*,#3062,.T.);
#3955=ORIENTED_EDGE('',*,*,#2931,.F.);
#3956=ORIENTED_EDGE('',*,*,#3055,.T.);
#3957=ORIENTED_EDGE('',*,*,#3061,.F.);
#3958=ORIENTED_EDGE('',*,*,#3058,.T.);
#3959=ORIENTED_EDGE('',*,*,#3063,.T.);
#3960=ORIENTED_EDGE('',*,*,#2920,.F.);
#3961=ORIENTED_EDGE('',*,*,#2914,.F.);
#3962=ORIENTED_EDGE('',*,*,#3064,.F.);
#3963=ORIENTED_EDGE('',*,*,#3052,.T.);
#3964=ORIENTED_EDGE('',*,*,#2923,.F.);
#3965=ORIENTED_EDGE('',*,*,#2903,.F.);
#3966=ORIENTED_EDGE('',*,*,#3065,.F.);
#3967=ORIENTED_EDGE('',*,*,#3050,.T.);
#3968=ORIENTED_EDGE('',*,*,#3062,.F.);
#3969=ORIENTED_EDGE('',*,*,#3066,.T.);
#3970=ORIENTED_EDGE('',*,*,#2909,.F.);
#3971=ORIENTED_EDGE('',*,*,#2913,.F.);
#3972=ORIENTED_EDGE('',*,*,#3066,.F.);
#3973=ORIENTED_EDGE('',*,*,#3053,.T.);
#3974=ORIENTED_EDGE('',*,*,#3064,.T.);
#3975=ORIENTED_EDGE('',*,*,#2902,.F.);
#3976=ORIENTED_EDGE('',*,*,#3051,.T.);
#3977=ORIENTED_EDGE('',*,*,#3065,.T.);
#3978=ORIENTED_EDGE('',*,*,#3001,.F.);
#3979=ORIENTED_EDGE('',*,*,#3067,.T.);
#3980=ORIENTED_EDGE('',*,*,#2996,.F.);
#3981=ORIENTED_EDGE('',*,*,#2998,.F.);
#3982=ORIENTED_EDGE('',*,*,#2977,.T.);
#3983=ORIENTED_EDGE('',*,*,#2980,.F.);
#3984=ORIENTED_EDGE('',*,*,#3060,.F.);
#3985=ORIENTED_EDGE('',*,*,#3045,.F.);
#3986=ORIENTED_EDGE('',*,*,#3043,.T.);
#3987=ORIENTED_EDGE('',*,*,#2974,.F.);
#3988=ORIENTED_EDGE('',*,*,#3004,.F.);
#3989=ORIENTED_EDGE('',*,*,#3006,.F.);
#3990=ORIENTED_EDGE('',*,*,#3007,.F.);
#3991=ORIENTED_EDGE('',*,*,#2993,.F.);
#3992=ORIENTED_EDGE('',*,*,#3067,.F.);
#3993=ORIENTED_EDGE('',*,*,#3000,.F.);
#3994=ORIENTED_EDGE('',*,*,#2945,.F.);
#3995=ORIENTED_EDGE('',*,*,#3063,.F.);
#3996=ORIENTED_EDGE('',*,*,#3057,.T.);
#3997=ORIENTED_EDGE('',*,*,#2985,.F.);
#3998=ORIENTED_EDGE('',*,*,#3068,.T.);
#3999=ORIENTED_EDGE('',*,*,#3069,.T.);
#4000=ORIENTED_EDGE('',*,*,#3070,.T.);
#4001=ORIENTED_EDGE('',*,*,#3071,.T.);
#4002=ORIENTED_EDGE('',*,*,#3069,.F.);
#4003=ORIENTED_EDGE('',*,*,#3072,.F.);
#4004=ORIENTED_EDGE('',*,*,#3073,.F.);
#4005=ORIENTED_EDGE('',*,*,#3074,.F.);
#4006=ORIENTED_EDGE('',*,*,#3075,.T.);
#4007=ORIENTED_EDGE('',*,*,#3076,.T.);
#4008=ORIENTED_EDGE('',*,*,#3077,.T.);
#4009=ORIENTED_EDGE('',*,*,#3078,.F.);
#4010=ORIENTED_EDGE('',*,*,#3079,.T.);
#4011=ORIENTED_EDGE('',*,*,#3080,.T.);
#4012=ORIENTED_EDGE('',*,*,#3081,.T.);
#4013=ORIENTED_EDGE('',*,*,#3076,.F.);
#4014=ORIENTED_EDGE('',*,*,#3082,.T.);
#4015=ORIENTED_EDGE('',*,*,#3083,.T.);
#4016=ORIENTED_EDGE('',*,*,#3084,.T.);
#4017=ORIENTED_EDGE('',*,*,#3085,.T.);
#4018=ORIENTED_EDGE('',*,*,#3086,.T.);
#4019=ORIENTED_EDGE('',*,*,#3087,.T.);
#4020=ORIENTED_EDGE('',*,*,#3088,.T.);
#4021=ORIENTED_EDGE('',*,*,#3083,.F.);
#4022=ORIENTED_EDGE('',*,*,#3089,.T.);
#4023=ORIENTED_EDGE('',*,*,#3087,.F.);
#4024=ORIENTED_EDGE('',*,*,#3090,.T.);
#4025=ORIENTED_EDGE('',*,*,#3091,.T.);
#4026=ORIENTED_EDGE('',*,*,#3092,.T.);
#4027=ORIENTED_EDGE('',*,*,#3091,.F.);
#4028=ORIENTED_EDGE('',*,*,#3093,.T.);
#4029=ORIENTED_EDGE('',*,*,#3094,.T.);
#4030=ORIENTED_EDGE('',*,*,#3095,.T.);
#4031=ORIENTED_EDGE('',*,*,#3085,.F.);
#4032=ORIENTED_EDGE('',*,*,#3096,.T.);
#4033=ORIENTED_EDGE('',*,*,#3080,.F.);
#4034=ORIENTED_EDGE('',*,*,#3097,.T.);
#4035=ORIENTED_EDGE('',*,*,#3094,.F.);
#4036=ORIENTED_EDGE('',*,*,#3098,.T.);
#4037=ORIENTED_EDGE('',*,*,#3078,.T.);
#4038=ORIENTED_EDGE('',*,*,#3077,.F.);
#4039=ORIENTED_EDGE('',*,*,#3099,.F.);
#4040=ORIENTED_EDGE('',*,*,#3100,.T.);
#4041=ORIENTED_EDGE('',*,*,#3101,.T.);
#4042=ORIENTED_EDGE('',*,*,#3081,.F.);
#4043=ORIENTED_EDGE('',*,*,#3102,.F.);
#4044=ORIENTED_EDGE('',*,*,#3103,.T.);
#4045=ORIENTED_EDGE('',*,*,#3099,.T.);
#4046=ORIENTED_EDGE('',*,*,#3096,.F.);
#4047=ORIENTED_EDGE('',*,*,#3104,.F.);
#4048=ORIENTED_EDGE('',*,*,#3105,.T.);
#4049=ORIENTED_EDGE('',*,*,#3102,.T.);
#4050=ORIENTED_EDGE('',*,*,#3084,.F.);
#4051=ORIENTED_EDGE('',*,*,#3106,.F.);
#4052=ORIENTED_EDGE('',*,*,#3107,.T.);
#4053=ORIENTED_EDGE('',*,*,#3104,.T.);
#4054=ORIENTED_EDGE('',*,*,#3108,.F.);
#4055=ORIENTED_EDGE('',*,*,#3109,.T.);
#4056=ORIENTED_EDGE('',*,*,#3110,.T.);
#4057=ORIENTED_EDGE('',*,*,#3111,.T.);
#4058=ORIENTED_EDGE('',*,*,#3112,.T.);
#4059=ORIENTED_EDGE('',*,*,#3113,.T.);
#4060=ORIENTED_EDGE('',*,*,#3114,.F.);
#4061=ORIENTED_EDGE('',*,*,#3071,.F.);
#4062=ORIENTED_EDGE('',*,*,#3082,.F.);
#4063=ORIENTED_EDGE('',*,*,#3095,.F.);
#4064=ORIENTED_EDGE('',*,*,#3079,.F.);
#4065=ORIENTED_EDGE('',*,*,#3075,.F.);
#4066=ORIENTED_EDGE('',*,*,#3098,.F.);
#4067=ORIENTED_EDGE('',*,*,#3093,.F.);
#4068=ORIENTED_EDGE('',*,*,#3090,.F.);
#4069=ORIENTED_EDGE('',*,*,#3086,.F.);
#4070=ORIENTED_EDGE('',*,*,#3115,.F.);
#4071=ORIENTED_EDGE('',*,*,#3116,.F.);
#4072=ORIENTED_EDGE('',*,*,#3117,.F.);
#4073=ORIENTED_EDGE('',*,*,#3118,.F.);
#4074=ORIENTED_EDGE('',*,*,#3119,.F.);
#4075=ORIENTED_EDGE('',*,*,#3120,.F.);
#4076=ORIENTED_EDGE('',*,*,#3119,.T.);
#4077=ORIENTED_EDGE('',*,*,#3121,.T.);
#4078=ORIENTED_EDGE('',*,*,#3117,.T.);
#4079=ORIENTED_EDGE('',*,*,#3122,.T.);
#4080=ORIENTED_EDGE('',*,*,#3123,.F.);
#4081=ORIENTED_EDGE('',*,*,#3124,.F.);
#4082=ORIENTED_EDGE('',*,*,#3125,.F.);
#4083=ORIENTED_EDGE('',*,*,#3126,.F.);
#4084=ORIENTED_EDGE('',*,*,#3127,.F.);
#4085=ORIENTED_EDGE('',*,*,#3128,.F.);
#4086=ORIENTED_EDGE('',*,*,#3124,.T.);
#4087=ORIENTED_EDGE('',*,*,#3073,.T.);
#4088=ORIENTED_EDGE('',*,*,#3127,.T.);
#4089=ORIENTED_EDGE('',*,*,#3129,.T.);
#4090=ORIENTED_EDGE('',*,*,#3114,.T.);
#4091=ORIENTED_EDGE('',*,*,#3130,.T.);
#4092=ORIENTED_EDGE('',*,*,#3128,.T.);
#4093=ORIENTED_EDGE('',*,*,#3072,.T.);
#4094=ORIENTED_EDGE('',*,*,#3068,.F.);
#4095=ORIENTED_EDGE('',*,*,#3126,.T.);
#4096=ORIENTED_EDGE('',*,*,#3131,.T.);
#4097=ORIENTED_EDGE('',*,*,#3120,.T.);
#4098=ORIENTED_EDGE('',*,*,#3132,.T.);
#4099=ORIENTED_EDGE('',*,*,#3116,.T.);
#4100=ORIENTED_EDGE('',*,*,#3133,.T.);
#4101=ORIENTED_EDGE('',*,*,#3125,.T.);
#4102=ORIENTED_EDGE('',*,*,#3134,.T.);
#4103=ORIENTED_EDGE('',*,*,#3108,.T.);
#4104=ORIENTED_EDGE('',*,*,#3070,.F.);
#4105=ORIENTED_EDGE('',*,*,#3074,.T.);
#4106=ORIENTED_EDGE('',*,*,#3123,.T.);
#4107=ORIENTED_EDGE('',*,*,#3135,.T.);
#4108=ORIENTED_EDGE('',*,*,#3136,.T.);
#4109=ORIENTED_EDGE('',*,*,#3137,.T.);
#4110=ORIENTED_EDGE('',*,*,#3118,.T.);
#4111=ORIENTED_EDGE('',*,*,#3138,.T.);
#4112=ORIENTED_EDGE('',*,*,#3139,.T.);
#4113=ORIENTED_EDGE('',*,*,#3140,.T.);
#4114=ORIENTED_EDGE('',*,*,#3115,.T.);
#4115=ORIENTED_EDGE('',*,*,#3141,.T.);
#4116=ORIENTED_EDGE('',*,*,#3109,.F.);
#4117=ORIENTED_EDGE('',*,*,#3135,.F.);
#4118=ORIENTED_EDGE('',*,*,#3133,.F.);
#4119=ORIENTED_EDGE('',*,*,#3140,.F.);
#4120=ORIENTED_EDGE('',*,*,#3142,.F.);
#4121=ORIENTED_EDGE('',*,*,#3143,.F.);
#4122=ORIENTED_EDGE('',*,*,#3144,.F.);
#4123=ORIENTED_EDGE('',*,*,#3145,.T.);
#4124=ORIENTED_EDGE('',*,*,#3129,.F.);
#4125=ORIENTED_EDGE('',*,*,#3132,.F.);
#4126=ORIENTED_EDGE('',*,*,#3122,.F.);
#4127=ORIENTED_EDGE('',*,*,#3134,.F.);
#4128=ORIENTED_EDGE('',*,*,#3146,.T.);
#4129=ORIENTED_EDGE('',*,*,#3147,.T.);
#4130=ORIENTED_EDGE('',*,*,#3148,.T.);
#4131=ORIENTED_EDGE('',*,*,#3149,.F.);
#4132=ORIENTED_EDGE('',*,*,#3150,.T.);
#4133=ORIENTED_EDGE('',*,*,#3151,.T.);
#4134=ORIENTED_EDGE('',*,*,#3152,.T.);
#4135=ORIENTED_EDGE('',*,*,#3147,.F.);
#4136=ORIENTED_EDGE('',*,*,#3153,.T.);
#4137=ORIENTED_EDGE('',*,*,#3154,.T.);
#4138=ORIENTED_EDGE('',*,*,#3155,.T.);
#4139=ORIENTED_EDGE('',*,*,#3149,.T.);
#4140=ORIENTED_EDGE('',*,*,#3156,.T.);
#4141=ORIENTED_EDGE('',*,*,#3157,.T.);
#4142=ORIENTED_EDGE('',*,*,#3158,.T.);
#4143=ORIENTED_EDGE('',*,*,#3151,.F.);
#4144=ORIENTED_EDGE('',*,*,#3159,.T.);
#4145=ORIENTED_EDGE('',*,*,#3160,.T.);
#4146=ORIENTED_EDGE('',*,*,#3161,.T.);
#4147=ORIENTED_EDGE('',*,*,#3157,.F.);
#4148=ORIENTED_EDGE('',*,*,#3162,.T.);
#4149=ORIENTED_EDGE('',*,*,#3163,.T.);
#4150=ORIENTED_EDGE('',*,*,#3164,.T.);
#4151=ORIENTED_EDGE('',*,*,#3160,.F.);
#4152=ORIENTED_EDGE('',*,*,#3165,.T.);
#4153=ORIENTED_EDGE('',*,*,#3163,.F.);
#4154=ORIENTED_EDGE('',*,*,#3166,.T.);
#4155=ORIENTED_EDGE('',*,*,#3167,.T.);
#4156=ORIENTED_EDGE('',*,*,#3168,.T.);
#4157=ORIENTED_EDGE('',*,*,#3167,.F.);
#4158=ORIENTED_EDGE('',*,*,#3169,.T.);
#4159=ORIENTED_EDGE('',*,*,#3154,.F.);
#4160=ORIENTED_EDGE('',*,*,#3165,.F.);
#4161=ORIENTED_EDGE('',*,*,#3170,.F.);
#4162=ORIENTED_EDGE('',*,*,#3171,.T.);
#4163=ORIENTED_EDGE('',*,*,#3172,.T.);
#4164=ORIENTED_EDGE('',*,*,#3168,.F.);
#4165=ORIENTED_EDGE('',*,*,#3173,.F.);
#4166=ORIENTED_EDGE('',*,*,#3174,.T.);
#4167=ORIENTED_EDGE('',*,*,#3170,.T.);
#4168=ORIENTED_EDGE('',*,*,#3153,.F.);
#4169=ORIENTED_EDGE('',*,*,#3175,.F.);
#4170=ORIENTED_EDGE('',*,*,#3176,.T.);
#4171=ORIENTED_EDGE('',*,*,#3173,.T.);
#4172=ORIENTED_EDGE('',*,*,#3148,.F.);
#4173=ORIENTED_EDGE('',*,*,#3177,.F.);
#4174=ORIENTED_EDGE('',*,*,#3178,.T.);
#4175=ORIENTED_EDGE('',*,*,#3175,.T.);
#4176=ORIENTED_EDGE('',*,*,#3179,.T.);
#4177=ORIENTED_EDGE('',*,*,#3136,.F.);
#4178=ORIENTED_EDGE('',*,*,#3180,.T.);
#4179=ORIENTED_EDGE('',*,*,#3181,.T.);
#4180=ORIENTED_EDGE('',*,*,#3182,.T.);
#4181=ORIENTED_EDGE('',*,*,#3183,.T.);
#4182=ORIENTED_EDGE('',*,*,#3142,.T.);
#4183=ORIENTED_EDGE('',*,*,#3139,.F.);
#4184=ORIENTED_EDGE('',*,*,#3146,.F.);
#4185=ORIENTED_EDGE('',*,*,#3155,.F.);
#4186=ORIENTED_EDGE('',*,*,#3169,.F.);
#4187=ORIENTED_EDGE('',*,*,#3166,.F.);
#4188=ORIENTED_EDGE('',*,*,#3162,.F.);
#4189=ORIENTED_EDGE('',*,*,#3159,.F.);
#4190=ORIENTED_EDGE('',*,*,#3156,.F.);
#4191=ORIENTED_EDGE('',*,*,#3150,.F.);
#4192=ORIENTED_EDGE('',*,*,#3184,.T.);
#4193=ORIENTED_EDGE('',*,*,#3185,.T.);
#4194=ORIENTED_EDGE('',*,*,#3186,.T.);
#4195=ORIENTED_EDGE('',*,*,#3187,.T.);
#4196=ORIENTED_EDGE('',*,*,#3188,.T.);
#4197=ORIENTED_EDGE('',*,*,#3189,.T.);
#4198=ORIENTED_EDGE('',*,*,#3190,.T.);
#4199=ORIENTED_EDGE('',*,*,#3191,.T.);
#4200=ORIENTED_EDGE('',*,*,#3192,.T.);
#4201=ORIENTED_EDGE('',*,*,#3193,.T.);
#4202=ORIENTED_EDGE('',*,*,#3188,.F.);
#4203=ORIENTED_EDGE('',*,*,#3194,.T.);
#4204=ORIENTED_EDGE('',*,*,#3190,.F.);
#4205=ORIENTED_EDGE('',*,*,#3195,.T.);
#4206=ORIENTED_EDGE('',*,*,#3196,.T.);
#4207=ORIENTED_EDGE('',*,*,#3197,.T.);
#4208=ORIENTED_EDGE('',*,*,#3192,.F.);
#4209=ORIENTED_EDGE('',*,*,#3198,.T.);
#4210=ORIENTED_EDGE('',*,*,#3186,.F.);
#4211=ORIENTED_EDGE('',*,*,#3184,.F.);
#4212=ORIENTED_EDGE('',*,*,#3199,.T.);
#4213=ORIENTED_EDGE('',*,*,#3196,.F.);
#4214=ORIENTED_EDGE('',*,*,#3198,.F.);
#4215=ORIENTED_EDGE('',*,*,#3200,.T.);
#4216=ORIENTED_EDGE('',*,*,#3201,.T.);
#4217=ORIENTED_EDGE('',*,*,#3202,.T.);
#4218=ORIENTED_EDGE('',*,*,#3194,.F.);
#4219=ORIENTED_EDGE('',*,*,#3203,.F.);
#4220=ORIENTED_EDGE('',*,*,#3204,.T.);
#4221=ORIENTED_EDGE('',*,*,#3200,.F.);
#4222=ORIENTED_EDGE('',*,*,#3191,.F.);
#4223=ORIENTED_EDGE('',*,*,#3205,.F.);
#4224=ORIENTED_EDGE('',*,*,#3206,.F.);
#4225=ORIENTED_EDGE('',*,*,#3203,.T.);
#4226=ORIENTED_EDGE('',*,*,#3189,.F.);
#4227=ORIENTED_EDGE('',*,*,#3193,.F.);
#4228=ORIENTED_EDGE('',*,*,#3185,.F.);
#4229=ORIENTED_EDGE('',*,*,#3195,.F.);
#4230=ORIENTED_EDGE('',*,*,#3207,.T.);
#4231=ORIENTED_EDGE('',*,*,#3208,.T.);
#4232=ORIENTED_EDGE('',*,*,#3209,.T.);
#4233=ORIENTED_EDGE('',*,*,#3210,.T.);
#4234=ORIENTED_EDGE('',*,*,#3211,.T.);
#4235=ORIENTED_EDGE('',*,*,#3212,.T.);
#4236=ORIENTED_EDGE('',*,*,#3213,.T.);
#4237=ORIENTED_EDGE('',*,*,#3214,.T.);
#4238=ORIENTED_EDGE('',*,*,#3215,.T.);
#4239=ORIENTED_EDGE('',*,*,#3216,.T.);
#4240=ORIENTED_EDGE('',*,*,#3217,.T.);
#4241=ORIENTED_EDGE('',*,*,#3218,.T.);
#4242=ORIENTED_EDGE('',*,*,#3217,.F.);
#4243=ORIENTED_EDGE('',*,*,#3219,.T.);
#4244=ORIENTED_EDGE('',*,*,#3211,.F.);
#4245=ORIENTED_EDGE('',*,*,#3220,.T.);
#4246=ORIENTED_EDGE('',*,*,#3215,.F.);
#4247=ORIENTED_EDGE('',*,*,#3221,.T.);
#4248=ORIENTED_EDGE('',*,*,#3209,.F.);
#4249=ORIENTED_EDGE('',*,*,#3207,.F.);
#4250=ORIENTED_EDGE('',*,*,#3222,.T.);
#4251=ORIENTED_EDGE('',*,*,#3213,.F.);
#4252=ORIENTED_EDGE('',*,*,#3210,.F.);
#4253=ORIENTED_EDGE('',*,*,#3223,.F.);
#4254=ORIENTED_EDGE('',*,*,#3224,.T.);
#4255=ORIENTED_EDGE('',*,*,#3225,.F.);
#4256=ORIENTED_EDGE('',*,*,#3221,.F.);
#4257=ORIENTED_EDGE('',*,*,#3226,.T.);
#4258=ORIENTED_EDGE('',*,*,#3227,.T.);
#4259=ORIENTED_EDGE('',*,*,#3223,.T.);
#4260=ORIENTED_EDGE('',*,*,#3218,.F.);
#4261=ORIENTED_EDGE('',*,*,#3228,.F.);
#4262=ORIENTED_EDGE('',*,*,#3229,.T.);
#4263=ORIENTED_EDGE('',*,*,#3226,.F.);
#4264=ORIENTED_EDGE('',*,*,#3208,.F.);
#4265=ORIENTED_EDGE('',*,*,#3212,.F.);
#4266=ORIENTED_EDGE('',*,*,#3219,.F.);
#4267=ORIENTED_EDGE('',*,*,#3216,.F.);
#4268=ORIENTED_EDGE('',*,*,#3187,.F.);
#4269=ORIENTED_EDGE('',*,*,#3202,.F.);
#4270=ORIENTED_EDGE('',*,*,#3230,.T.);
#4271=ORIENTED_EDGE('',*,*,#3231,.F.);
#4272=ORIENTED_EDGE('',*,*,#3199,.F.);
#4273=ORIENTED_EDGE('',*,*,#3231,.T.);
#4274=ORIENTED_EDGE('',*,*,#3232,.T.);
#4275=ORIENTED_EDGE('',*,*,#3233,.T.);
#4276=ORIENTED_EDGE('',*,*,#3197,.F.);
#4277=ORIENTED_EDGE('',*,*,#3233,.F.);
#4278=ORIENTED_EDGE('',*,*,#3234,.T.);
#4279=ORIENTED_EDGE('',*,*,#3205,.T.);
#4280=ORIENTED_EDGE('',*,*,#3222,.F.);
#4281=ORIENTED_EDGE('',*,*,#3225,.T.);
#4282=ORIENTED_EDGE('',*,*,#3235,.T.);
#4283=ORIENTED_EDGE('',*,*,#3236,.T.);
#4284=ORIENTED_EDGE('',*,*,#3214,.F.);
#4285=ORIENTED_EDGE('',*,*,#3236,.F.);
#4286=ORIENTED_EDGE('',*,*,#3237,.T.);
#4287=ORIENTED_EDGE('',*,*,#3238,.T.);
#4288=ORIENTED_EDGE('',*,*,#3239,.T.);
#4289=ORIENTED_EDGE('',*,*,#3240,.T.);
#4290=ORIENTED_EDGE('',*,*,#3241,.T.);
#4291=ORIENTED_EDGE('',*,*,#3242,.T.);
#4292=ORIENTED_EDGE('',*,*,#3240,.F.);
#4293=ORIENTED_EDGE('',*,*,#3243,.F.);
#4294=ORIENTED_EDGE('',*,*,#3244,.F.);
#4295=ORIENTED_EDGE('',*,*,#3245,.F.);
#4296=ORIENTED_EDGE('',*,*,#3246,.F.);
#4297=ORIENTED_EDGE('',*,*,#3247,.F.);
#4298=ORIENTED_EDGE('',*,*,#3248,.F.);
#4299=ORIENTED_EDGE('',*,*,#3249,.F.);
#4300=ORIENTED_EDGE('',*,*,#3250,.F.);
#4301=ORIENTED_EDGE('',*,*,#3251,.F.);
#4302=ORIENTED_EDGE('',*,*,#3239,.F.);
#4303=ORIENTED_EDGE('',*,*,#3252,.T.);
#4304=ORIENTED_EDGE('',*,*,#3253,.T.);
#4305=ORIENTED_EDGE('',*,*,#3254,.T.);
#4306=ORIENTED_EDGE('',*,*,#3255,.T.);
#4307=ORIENTED_EDGE('',*,*,#3241,.F.);
#4308=ORIENTED_EDGE('',*,*,#3242,.F.);
#4309=ORIENTED_EDGE('',*,*,#3255,.F.);
#4310=ORIENTED_EDGE('',*,*,#3256,.T.);
#4311=ORIENTED_EDGE('',*,*,#3257,.F.);
#4312=ORIENTED_EDGE('',*,*,#3258,.T.);
#4313=ORIENTED_EDGE('',*,*,#3259,.T.);
#4314=ORIENTED_EDGE('',*,*,#3260,.T.);
#4315=ORIENTED_EDGE('',*,*,#3261,.F.);
#4316=ORIENTED_EDGE('',*,*,#3251,.T.);
#4317=ORIENTED_EDGE('',*,*,#3262,.T.);
#4318=ORIENTED_EDGE('',*,*,#3263,.T.);
#4319=ORIENTED_EDGE('',*,*,#3264,.T.);
#4320=ORIENTED_EDGE('',*,*,#3262,.F.);
#4321=ORIENTED_EDGE('',*,*,#3265,.T.);
#4322=ORIENTED_EDGE('',*,*,#3266,.T.);
#4323=ORIENTED_EDGE('',*,*,#3267,.T.);
#4324=ORIENTED_EDGE('',*,*,#3268,.T.);
#4325=ORIENTED_EDGE('',*,*,#3263,.F.);
#4326=ORIENTED_EDGE('',*,*,#3264,.F.);
#4327=ORIENTED_EDGE('',*,*,#3268,.F.);
#4328=ORIENTED_EDGE('',*,*,#3269,.T.);
#4329=ORIENTED_EDGE('',*,*,#3270,.F.);
#4330=ORIENTED_EDGE('',*,*,#3271,.T.);
#4331=ORIENTED_EDGE('',*,*,#3272,.T.);
#4332=ORIENTED_EDGE('',*,*,#3273,.T.);
#4333=ORIENTED_EDGE('',*,*,#3274,.F.);
#4334=ORIENTED_EDGE('',*,*,#3275,.T.);
#4335=ORIENTED_EDGE('',*,*,#3243,.T.);
#4336=ORIENTED_EDGE('',*,*,#3276,.T.);
#4337=ORIENTED_EDGE('',*,*,#3277,.T.);
#4338=ORIENTED_EDGE('',*,*,#3278,.T.);
#4339=ORIENTED_EDGE('',*,*,#3244,.T.);
#4340=ORIENTED_EDGE('',*,*,#3275,.F.);
#4341=ORIENTED_EDGE('',*,*,#3279,.T.);
#4342=ORIENTED_EDGE('',*,*,#3278,.F.);
#4343=ORIENTED_EDGE('',*,*,#3280,.T.);
#4344=ORIENTED_EDGE('',*,*,#3281,.T.);
#4345=ORIENTED_EDGE('',*,*,#3245,.T.);
#4346=ORIENTED_EDGE('',*,*,#3282,.T.);
#4347=ORIENTED_EDGE('',*,*,#3246,.T.);
#4348=ORIENTED_EDGE('',*,*,#3281,.F.);
#4349=ORIENTED_EDGE('',*,*,#3283,.T.);
#4350=ORIENTED_EDGE('',*,*,#3282,.F.);
#4351=ORIENTED_EDGE('',*,*,#3144,.T.);
#4352=ORIENTED_EDGE('',*,*,#3284,.T.);
#4353=ORIENTED_EDGE('',*,*,#3247,.T.);
#4354=ORIENTED_EDGE('',*,*,#3285,.T.);
#4355=ORIENTED_EDGE('',*,*,#3248,.T.);
#4356=ORIENTED_EDGE('',*,*,#3284,.F.);
#4357=ORIENTED_EDGE('',*,*,#3286,.T.);
#4358=ORIENTED_EDGE('',*,*,#3285,.F.);
#4359=ORIENTED_EDGE('',*,*,#3287,.T.);
#4360=ORIENTED_EDGE('',*,*,#3288,.T.);
#4361=ORIENTED_EDGE('',*,*,#3249,.T.);
#4362=ORIENTED_EDGE('',*,*,#3276,.F.);
#4363=ORIENTED_EDGE('',*,*,#3250,.T.);
#4364=ORIENTED_EDGE('',*,*,#3288,.F.);
#4365=ORIENTED_EDGE('',*,*,#3289,.T.);
#4366=ORIENTED_EDGE('',*,*,#3283,.F.);
#4367=ORIENTED_EDGE('',*,*,#3290,.T.);
#4368=ORIENTED_EDGE('',*,*,#3110,.F.);
#4369=ORIENTED_EDGE('',*,*,#3145,.F.);
#4370=ORIENTED_EDGE('',*,*,#3280,.F.);
#4371=ORIENTED_EDGE('',*,*,#3291,.T.);
#4372=ORIENTED_EDGE('',*,*,#3111,.F.);
#4373=ORIENTED_EDGE('',*,*,#3290,.F.);
#4374=ORIENTED_EDGE('',*,*,#3279,.F.);
#4375=ORIENTED_EDGE('',*,*,#3292,.T.);
#4376=ORIENTED_EDGE('',*,*,#3112,.F.);
#4377=ORIENTED_EDGE('',*,*,#3291,.F.);
#4378=ORIENTED_EDGE('',*,*,#3113,.F.);
#4379=ORIENTED_EDGE('',*,*,#3292,.F.);
#4380=ORIENTED_EDGE('',*,*,#3277,.F.);
#4381=ORIENTED_EDGE('',*,*,#3293,.T.);
#4382=ORIENTED_EDGE('',*,*,#3180,.F.);
#4383=ORIENTED_EDGE('',*,*,#3138,.F.);
#4384=ORIENTED_EDGE('',*,*,#3131,.F.);
#4385=ORIENTED_EDGE('',*,*,#3130,.F.);
#4386=ORIENTED_EDGE('',*,*,#3294,.F.);
#4387=ORIENTED_EDGE('',*,*,#3295,.F.);
#4388=ORIENTED_EDGE('',*,*,#3260,.F.);
#4389=ORIENTED_EDGE('',*,*,#3296,.F.);
#4390=ORIENTED_EDGE('',*,*,#3267,.F.);
#4391=ORIENTED_EDGE('',*,*,#3297,.F.);
#4392=ORIENTED_EDGE('',*,*,#3298,.F.);
#4393=ORIENTED_EDGE('',*,*,#3299,.F.);
#4394=ORIENTED_EDGE('',*,*,#3269,.F.);
#4395=ORIENTED_EDGE('',*,*,#3300,.F.);
#4396=ORIENTED_EDGE('',*,*,#3256,.F.);
#4397=ORIENTED_EDGE('',*,*,#3254,.F.);
#4398=ORIENTED_EDGE('',*,*,#3301,.F.);
#4399=ORIENTED_EDGE('',*,*,#3302,.F.);
#4400=ORIENTED_EDGE('',*,*,#3273,.F.);
#4401=ORIENTED_EDGE('',*,*,#3303,.F.);
#4402=ORIENTED_EDGE('',*,*,#3304,.F.);
#4403=ORIENTED_EDGE('',*,*,#3305,.F.);
#4404=ORIENTED_EDGE('',*,*,#3294,.T.);
#4405=ORIENTED_EDGE('',*,*,#3306,.T.);
#4406=ORIENTED_EDGE('',*,*,#3307,.T.);
#4407=ORIENTED_EDGE('',*,*,#3308,.T.);
#4408=ORIENTED_EDGE('',*,*,#3309,.F.);
#4409=ORIENTED_EDGE('',*,*,#3310,.T.);
#4410=ORIENTED_EDGE('',*,*,#3258,.F.);
#4411=ORIENTED_EDGE('',*,*,#3311,.T.);
#4412=ORIENTED_EDGE('',*,*,#3252,.F.);
#4413=ORIENTED_EDGE('',*,*,#3312,.T.);
#4414=ORIENTED_EDGE('',*,*,#3271,.F.);
#4415=ORIENTED_EDGE('',*,*,#3304,.T.);
#4416=ORIENTED_EDGE('',*,*,#3313,.T.);
#4417=ORIENTED_EDGE('',*,*,#3314,.T.);
#4418=ORIENTED_EDGE('',*,*,#3315,.T.);
#4419=ORIENTED_EDGE('',*,*,#3316,.F.);
#4420=ORIENTED_EDGE('',*,*,#3317,.F.);
#4421=ORIENTED_EDGE('',*,*,#3318,.F.);
#4422=ORIENTED_EDGE('',*,*,#3314,.F.);
#4423=ORIENTED_EDGE('',*,*,#3319,.F.);
#4424=ORIENTED_EDGE('',*,*,#3274,.T.);
#4425=ORIENTED_EDGE('',*,*,#3305,.T.);
#4426=ORIENTED_EDGE('',*,*,#3316,.T.);
#4427=ORIENTED_EDGE('',*,*,#3320,.T.);
#4428=ORIENTED_EDGE('',*,*,#3321,.T.);
#4429=ORIENTED_EDGE('',*,*,#3322,.F.);
#4430=ORIENTED_EDGE('',*,*,#3297,.T.);
#4431=ORIENTED_EDGE('',*,*,#3266,.F.);
#4432=ORIENTED_EDGE('',*,*,#3320,.F.);
#4433=ORIENTED_EDGE('',*,*,#3315,.F.);
#4434=ORIENTED_EDGE('',*,*,#3323,.F.);
#4435=ORIENTED_EDGE('',*,*,#3298,.T.);
#4436=ORIENTED_EDGE('',*,*,#3322,.T.);
#4437=ORIENTED_EDGE('',*,*,#3324,.T.);
#4438=ORIENTED_EDGE('',*,*,#3325,.T.);
#4439=ORIENTED_EDGE('',*,*,#3326,.F.);
#4440=ORIENTED_EDGE('',*,*,#3324,.F.);
#4441=ORIENTED_EDGE('',*,*,#3321,.F.);
#4442=ORIENTED_EDGE('',*,*,#3327,.F.);
#4443=ORIENTED_EDGE('',*,*,#3312,.F.);
#4444=ORIENTED_EDGE('',*,*,#3270,.T.);
#4445=ORIENTED_EDGE('',*,*,#3299,.T.);
#4446=ORIENTED_EDGE('',*,*,#3326,.T.);
#4447=ORIENTED_EDGE('',*,*,#3328,.T.);
#4448=ORIENTED_EDGE('',*,*,#3317,.T.);
#4449=ORIENTED_EDGE('',*,*,#3313,.F.);
#4450=ORIENTED_EDGE('',*,*,#3303,.T.);
#4451=ORIENTED_EDGE('',*,*,#3272,.F.);
#4452=ORIENTED_EDGE('',*,*,#3328,.F.);
#4453=ORIENTED_EDGE('',*,*,#3325,.F.);
#4454=ORIENTED_EDGE('',*,*,#3329,.F.);
#4455=ORIENTED_EDGE('',*,*,#3330,.F.);
#4456=ORIENTED_EDGE('',*,*,#3307,.F.);
#4457=ORIENTED_EDGE('',*,*,#3331,.F.);
#4458=ORIENTED_EDGE('',*,*,#3311,.F.);
#4459=ORIENTED_EDGE('',*,*,#3261,.T.);
#4460=ORIENTED_EDGE('',*,*,#3295,.T.);
#4461=ORIENTED_EDGE('',*,*,#3309,.T.);
#4462=ORIENTED_EDGE('',*,*,#3332,.T.);
#4463=ORIENTED_EDGE('',*,*,#3333,.T.);
#4464=ORIENTED_EDGE('',*,*,#3334,.F.);
#4465=ORIENTED_EDGE('',*,*,#3301,.T.);
#4466=ORIENTED_EDGE('',*,*,#3253,.F.);
#4467=ORIENTED_EDGE('',*,*,#3335,.F.);
#4468=ORIENTED_EDGE('',*,*,#3332,.F.);
#4469=ORIENTED_EDGE('',*,*,#3308,.F.);
#4470=ORIENTED_EDGE('',*,*,#3336,.F.);
#4471=ORIENTED_EDGE('',*,*,#3333,.F.);
#4472=ORIENTED_EDGE('',*,*,#3337,.F.);
#4473=ORIENTED_EDGE('',*,*,#3310,.F.);
#4474=ORIENTED_EDGE('',*,*,#3257,.T.);
#4475=ORIENTED_EDGE('',*,*,#3300,.T.);
#4476=ORIENTED_EDGE('',*,*,#3338,.T.);
#4477=ORIENTED_EDGE('',*,*,#3339,.T.);
#4478=ORIENTED_EDGE('',*,*,#3331,.T.);
#4479=ORIENTED_EDGE('',*,*,#3306,.F.);
#4480=ORIENTED_EDGE('',*,*,#3296,.T.);
#4481=ORIENTED_EDGE('',*,*,#3259,.F.);
#4482=ORIENTED_EDGE('',*,*,#3302,.T.);
#4483=ORIENTED_EDGE('',*,*,#3334,.T.);
#4484=ORIENTED_EDGE('',*,*,#3336,.T.);
#4485=ORIENTED_EDGE('',*,*,#3340,.T.);
#4486=ORIENTED_EDGE('',*,*,#3338,.F.);
#4487=ORIENTED_EDGE('',*,*,#3340,.F.);
#4488=ORIENTED_EDGE('',*,*,#3341,.F.);
#4489=ORIENTED_EDGE('',*,*,#3339,.F.);
#4490=ORIENTED_EDGE('',*,*,#3137,.F.);
#4491=ORIENTED_EDGE('',*,*,#3179,.F.);
#4492=ORIENTED_EDGE('',*,*,#3141,.F.);
#4493=ORIENTED_EDGE('',*,*,#3121,.F.);
#4494=ORIENTED_EDGE('',*,*,#3342,.F.);
#4495=ORIENTED_EDGE('',*,*,#3343,.T.);
#4496=ORIENTED_EDGE('',*,*,#3337,.T.);
#4497=ORIENTED_EDGE('',*,*,#3335,.T.);
#4498=ORIENTED_EDGE('',*,*,#3330,.T.);
#4499=ORIENTED_EDGE('',*,*,#3341,.T.);
#4500=ORIENTED_EDGE('',*,*,#3343,.F.);
#4501=ORIENTED_EDGE('',*,*,#3344,.F.);
#4502=ORIENTED_EDGE('',*,*,#3345,.T.);
#4503=ORIENTED_EDGE('',*,*,#3327,.T.);
#4504=ORIENTED_EDGE('',*,*,#3323,.T.);
#4505=ORIENTED_EDGE('',*,*,#3318,.T.);
#4506=ORIENTED_EDGE('',*,*,#3329,.T.);
#4507=ORIENTED_EDGE('',*,*,#3345,.F.);
#4508=ORIENTED_EDGE('',*,*,#3319,.T.);
#4509=ORIENTED_EDGE('',*,*,#3265,.F.);
#4510=ORIENTED_EDGE('',*,*,#3220,.F.);
#4511=ORIENTED_EDGE('',*,*,#3238,.F.);
#4512=ORIENTED_EDGE('',*,*,#3346,.F.);
#4513=ORIENTED_EDGE('',*,*,#3228,.T.);
#4514=ORIENTED_EDGE('',*,*,#3171,.F.);
#4515=ORIENTED_EDGE('',*,*,#3174,.F.);
#4516=ORIENTED_EDGE('',*,*,#3176,.F.);
#4517=ORIENTED_EDGE('',*,*,#3178,.F.);
#4518=ORIENTED_EDGE('',*,*,#3347,.F.);
#4519=ORIENTED_EDGE('',*,*,#3348,.F.);
#4520=ORIENTED_EDGE('',*,*,#3349,.F.);
#4521=ORIENTED_EDGE('',*,*,#3350,.F.);
#4522=ORIENTED_EDGE('',*,*,#3342,.T.);
#4523=ORIENTED_EDGE('',*,*,#3206,.T.);
#4524=ORIENTED_EDGE('',*,*,#3234,.F.);
#4525=ORIENTED_EDGE('',*,*,#3232,.F.);
#4526=ORIENTED_EDGE('',*,*,#3230,.F.);
#4527=ORIENTED_EDGE('',*,*,#3201,.F.);
#4528=ORIENTED_EDGE('',*,*,#3204,.F.);
#4529=ORIENTED_EDGE('',*,*,#3164,.F.);
#4530=ORIENTED_EDGE('',*,*,#3172,.F.);
#4531=ORIENTED_EDGE('',*,*,#3350,.T.);
#4532=ORIENTED_EDGE('',*,*,#3351,.T.);
#4533=ORIENTED_EDGE('',*,*,#3161,.F.);
#4534=ORIENTED_EDGE('',*,*,#3351,.F.);
#4535=ORIENTED_EDGE('',*,*,#3349,.T.);
#4536=ORIENTED_EDGE('',*,*,#3352,.T.);
#4537=ORIENTED_EDGE('',*,*,#3158,.F.);
#4538=ORIENTED_EDGE('',*,*,#3352,.F.);
#4539=ORIENTED_EDGE('',*,*,#3348,.T.);
#4540=ORIENTED_EDGE('',*,*,#3353,.T.);
#4541=ORIENTED_EDGE('',*,*,#3103,.F.);
#4542=ORIENTED_EDGE('',*,*,#3105,.F.);
#4543=ORIENTED_EDGE('',*,*,#3107,.F.);
#4544=ORIENTED_EDGE('',*,*,#3354,.F.);
#4545=ORIENTED_EDGE('',*,*,#3355,.F.);
#4546=ORIENTED_EDGE('',*,*,#3356,.F.);
#4547=ORIENTED_EDGE('',*,*,#3357,.F.);
#4548=ORIENTED_EDGE('',*,*,#3100,.F.);
#4549=ORIENTED_EDGE('',*,*,#3344,.T.);
#4550=ORIENTED_EDGE('',*,*,#3346,.T.);
#4551=ORIENTED_EDGE('',*,*,#3237,.F.);
#4552=ORIENTED_EDGE('',*,*,#3235,.F.);
#4553=ORIENTED_EDGE('',*,*,#3224,.F.);
#4554=ORIENTED_EDGE('',*,*,#3227,.F.);
#4555=ORIENTED_EDGE('',*,*,#3229,.F.);
#4556=ORIENTED_EDGE('',*,*,#3097,.F.);
#4557=ORIENTED_EDGE('',*,*,#3101,.F.);
#4558=ORIENTED_EDGE('',*,*,#3357,.T.);
#4559=ORIENTED_EDGE('',*,*,#3358,.T.);
#4560=ORIENTED_EDGE('',*,*,#3092,.F.);
#4561=ORIENTED_EDGE('',*,*,#3358,.F.);
#4562=ORIENTED_EDGE('',*,*,#3356,.T.);
#4563=ORIENTED_EDGE('',*,*,#3359,.T.);
#4564=ORIENTED_EDGE('',*,*,#3286,.F.);
#4565=ORIENTED_EDGE('',*,*,#3143,.T.);
#4566=ORIENTED_EDGE('',*,*,#3183,.F.);
#4567=ORIENTED_EDGE('',*,*,#3360,.F.);
#4568=ORIENTED_EDGE('',*,*,#3287,.F.);
#4569=ORIENTED_EDGE('',*,*,#3360,.T.);
#4570=ORIENTED_EDGE('',*,*,#3182,.F.);
#4571=ORIENTED_EDGE('',*,*,#3361,.F.);
#4572=ORIENTED_EDGE('',*,*,#3088,.F.);
#4573=ORIENTED_EDGE('',*,*,#3362,.F.);
#4574=ORIENTED_EDGE('',*,*,#3354,.T.);
#4575=ORIENTED_EDGE('',*,*,#3106,.T.);
#4576=ORIENTED_EDGE('',*,*,#3089,.F.);
#4577=ORIENTED_EDGE('',*,*,#3359,.F.);
#4578=ORIENTED_EDGE('',*,*,#3355,.T.);
#4579=ORIENTED_EDGE('',*,*,#3362,.T.);
#4580=ORIENTED_EDGE('',*,*,#3152,.F.);
#4581=ORIENTED_EDGE('',*,*,#3353,.F.);
#4582=ORIENTED_EDGE('',*,*,#3347,.T.);
#4583=ORIENTED_EDGE('',*,*,#3177,.T.);
#4584=ORIENTED_EDGE('',*,*,#3289,.F.);
#4585=ORIENTED_EDGE('',*,*,#3361,.T.);
#4586=ORIENTED_EDGE('',*,*,#3181,.F.);
#4587=ORIENTED_EDGE('',*,*,#3293,.F.);
#4588=ORIENTED_EDGE('',*,*,#3363,.T.);
#4589=ORIENTED_EDGE('',*,*,#3364,.T.);
#4590=ORIENTED_EDGE('',*,*,#3365,.T.);
#4591=ORIENTED_EDGE('',*,*,#3364,.F.);
#4592=ORIENTED_EDGE('',*,*,#3363,.F.);
#4593=ORIENTED_EDGE('',*,*,#3366,.T.);
#4594=ORIENTED_EDGE('',*,*,#3367,.F.);
#4595=ORIENTED_EDGE('',*,*,#3366,.F.);
#4596=ORIENTED_EDGE('',*,*,#3365,.F.);
#4597=ORIENTED_EDGE('',*,*,#3368,.F.);
#4598=ORIENTED_EDGE('',*,*,#3369,.F.);
#4599=ORIENTED_EDGE('',*,*,#3370,.F.);
#4600=ORIENTED_EDGE('',*,*,#3371,.F.);
#4601=ORIENTED_EDGE('',*,*,#3372,.F.);
#4602=ORIENTED_EDGE('',*,*,#3373,.F.);
#4603=ORIENTED_EDGE('',*,*,#3374,.F.);
#4604=ORIENTED_EDGE('',*,*,#3375,.T.);
#4605=ORIENTED_EDGE('',*,*,#3376,.T.);
#4606=ORIENTED_EDGE('',*,*,#3377,.T.);
#4607=ORIENTED_EDGE('',*,*,#3378,.T.);
#4608=ORIENTED_EDGE('',*,*,#3379,.T.);
#4609=ORIENTED_EDGE('',*,*,#3380,.T.);
#4610=ORIENTED_EDGE('',*,*,#3381,.T.);
#4611=ORIENTED_EDGE('',*,*,#3382,.T.);
#4612=ORIENTED_EDGE('',*,*,#3383,.F.);
#4613=ORIENTED_EDGE('',*,*,#3376,.F.);
#4614=ORIENTED_EDGE('',*,*,#3383,.T.);
#4615=ORIENTED_EDGE('',*,*,#3384,.T.);
#4616=ORIENTED_EDGE('',*,*,#3385,.F.);
#4617=ORIENTED_EDGE('',*,*,#3377,.F.);
#4618=ORIENTED_EDGE('',*,*,#3385,.T.);
#4619=ORIENTED_EDGE('',*,*,#3386,.T.);
#4620=ORIENTED_EDGE('',*,*,#3387,.F.);
#4621=ORIENTED_EDGE('',*,*,#3378,.F.);
#4622=ORIENTED_EDGE('',*,*,#3387,.T.);
#4623=ORIENTED_EDGE('',*,*,#3388,.T.);
#4624=ORIENTED_EDGE('',*,*,#3389,.F.);
#4625=ORIENTED_EDGE('',*,*,#3379,.F.);
#4626=ORIENTED_EDGE('',*,*,#3389,.T.);
#4627=ORIENTED_EDGE('',*,*,#3390,.T.);
#4628=ORIENTED_EDGE('',*,*,#3391,.F.);
#4629=ORIENTED_EDGE('',*,*,#3380,.F.);
#4630=ORIENTED_EDGE('',*,*,#3391,.T.);
#4631=ORIENTED_EDGE('',*,*,#3392,.T.);
#4632=ORIENTED_EDGE('',*,*,#3381,.F.);
#4633=ORIENTED_EDGE('',*,*,#3375,.F.);
#4634=ORIENTED_EDGE('',*,*,#3393,.F.);
#4635=ORIENTED_EDGE('',*,*,#3367,.T.);
#4636=ORIENTED_EDGE('',*,*,#3374,.T.);
#4637=ORIENTED_EDGE('',*,*,#3382,.F.);
#4638=ORIENTED_EDGE('',*,*,#3373,.T.);
#4639=ORIENTED_EDGE('',*,*,#3384,.F.);
#4640=ORIENTED_EDGE('',*,*,#3372,.T.);
#4641=ORIENTED_EDGE('',*,*,#3386,.F.);
#4642=ORIENTED_EDGE('',*,*,#3371,.T.);
#4643=ORIENTED_EDGE('',*,*,#3388,.F.);
#4644=ORIENTED_EDGE('',*,*,#3390,.F.);
#4645=ORIENTED_EDGE('',*,*,#3370,.T.);
#4646=ORIENTED_EDGE('',*,*,#3369,.T.);
#4647=ORIENTED_EDGE('',*,*,#3392,.F.);
#4648=ORIENTED_EDGE('',*,*,#3394,.T.);
#4649=ORIENTED_EDGE('',*,*,#3395,.T.);
#4650=ORIENTED_EDGE('',*,*,#3393,.T.);
#4651=ORIENTED_EDGE('',*,*,#3395,.F.);
#4652=ORIENTED_EDGE('',*,*,#3394,.F.);
#4653=ORIENTED_EDGE('',*,*,#3396,.T.);
#4654=ORIENTED_EDGE('',*,*,#3368,.T.);
#4655=ORIENTED_EDGE('',*,*,#3396,.F.);
#4656=ORIENTED_EDGE('',*,*,#3397,.F.);
#4657=ORIENTED_EDGE('',*,*,#3398,.F.);
#4658=ORIENTED_EDGE('',*,*,#3399,.F.);
#4659=ORIENTED_EDGE('',*,*,#3400,.F.);
#4660=ORIENTED_EDGE('',*,*,#3398,.T.);
#4661=ORIENTED_EDGE('',*,*,#3401,.T.);
#4662=ORIENTED_EDGE('',*,*,#3402,.T.);
#4663=ORIENTED_EDGE('',*,*,#3397,.T.);
#4664=ORIENTED_EDGE('',*,*,#3403,.F.);
#4665=ORIENTED_EDGE('',*,*,#3404,.T.);
#4666=ORIENTED_EDGE('',*,*,#3401,.F.);
#4667=ORIENTED_EDGE('',*,*,#3400,.T.);
#4668=ORIENTED_EDGE('',*,*,#3405,.F.);
#4669=ORIENTED_EDGE('',*,*,#3403,.T.);
#4670=ORIENTED_EDGE('',*,*,#3404,.F.);
#4671=ORIENTED_EDGE('',*,*,#3405,.T.);
#4672=ORIENTED_EDGE('',*,*,#3399,.T.);
#4673=ORIENTED_EDGE('',*,*,#3402,.F.);
#4674=ORIENTED_EDGE('',*,*,#3406,.T.);
#4675=ORIENTED_EDGE('',*,*,#3407,.F.);
#4676=ORIENTED_EDGE('',*,*,#3408,.T.);
#4677=ORIENTED_EDGE('',*,*,#3409,.F.);
#4678=ORIENTED_EDGE('',*,*,#3407,.T.);
#4679=ORIENTED_EDGE('',*,*,#3410,.F.);
#4680=ORIENTED_EDGE('',*,*,#3411,.F.);
#4681=ORIENTED_EDGE('',*,*,#3412,.F.);
#4682=ORIENTED_EDGE('',*,*,#3413,.F.);
#4683=ORIENTED_EDGE('',*,*,#3414,.T.);
#4684=ORIENTED_EDGE('',*,*,#3415,.F.);
#4685=ORIENTED_EDGE('',*,*,#3416,.T.);
#4686=ORIENTED_EDGE('',*,*,#3417,.T.);
#4687=ORIENTED_EDGE('',*,*,#3418,.T.);
#4688=ORIENTED_EDGE('',*,*,#3419,.T.);
#4689=ORIENTED_EDGE('',*,*,#3420,.T.);
#4690=ORIENTED_EDGE('',*,*,#3421,.T.);
#4691=ORIENTED_EDGE('',*,*,#3422,.T.);
#4692=ORIENTED_EDGE('',*,*,#3422,.F.);
#4693=ORIENTED_EDGE('',*,*,#3423,.T.);
#4694=ORIENTED_EDGE('',*,*,#3424,.T.);
#4695=ORIENTED_EDGE('',*,*,#3420,.F.);
#4696=ORIENTED_EDGE('',*,*,#3425,.T.);
#4697=ORIENTED_EDGE('',*,*,#3426,.F.);
#4698=ORIENTED_EDGE('',*,*,#3424,.F.);
#4699=ORIENTED_EDGE('',*,*,#3427,.F.);
#4700=ORIENTED_EDGE('',*,*,#3425,.F.);
#4701=ORIENTED_EDGE('',*,*,#3419,.F.);
#4702=ORIENTED_EDGE('',*,*,#3427,.T.);
#4703=ORIENTED_EDGE('',*,*,#3423,.F.);
#4704=ORIENTED_EDGE('',*,*,#3421,.F.);
#4705=ORIENTED_EDGE('',*,*,#3426,.T.);
#4706=ORIENTED_EDGE('',*,*,#3428,.F.);
#4707=ORIENTED_EDGE('',*,*,#3429,.T.);
#4708=ORIENTED_EDGE('',*,*,#3430,.T.);
#4709=ORIENTED_EDGE('',*,*,#3429,.F.);
#4710=ORIENTED_EDGE('',*,*,#3431,.F.);
#4711=ORIENTED_EDGE('',*,*,#3432,.F.);
#4712=ORIENTED_EDGE('',*,*,#3433,.F.);
#4713=ORIENTED_EDGE('',*,*,#3434,.F.);
#4714=ORIENTED_EDGE('',*,*,#3435,.F.);
#4715=ORIENTED_EDGE('',*,*,#3436,.F.);
#4716=ORIENTED_EDGE('',*,*,#3437,.F.);
#4717=ORIENTED_EDGE('',*,*,#3438,.T.);
#4718=ORIENTED_EDGE('',*,*,#3439,.F.);
#4719=ORIENTED_EDGE('',*,*,#3440,.F.);
#4720=ORIENTED_EDGE('',*,*,#3435,.T.);
#4721=ORIENTED_EDGE('',*,*,#3441,.F.);
#4722=ORIENTED_EDGE('',*,*,#3438,.F.);
#4723=ORIENTED_EDGE('',*,*,#3442,.T.);
#4724=ORIENTED_EDGE('',*,*,#3441,.T.);
#4725=ORIENTED_EDGE('',*,*,#3434,.T.);
#4726=ORIENTED_EDGE('',*,*,#3443,.F.);
#4727=ORIENTED_EDGE('',*,*,#3439,.T.);
#4728=ORIENTED_EDGE('',*,*,#3444,.F.);
#4729=ORIENTED_EDGE('',*,*,#3436,.T.);
#4730=ORIENTED_EDGE('',*,*,#3443,.T.);
#4731=ORIENTED_EDGE('',*,*,#3433,.T.);
#4732=ORIENTED_EDGE('',*,*,#3445,.T.);
#4733=ORIENTED_EDGE('',*,*,#3408,.F.);
#4734=ORIENTED_EDGE('',*,*,#3428,.T.);
#4735=ORIENTED_EDGE('',*,*,#3446,.T.);
#4736=ORIENTED_EDGE('',*,*,#3447,.T.);
#4737=ORIENTED_EDGE('',*,*,#3448,.T.);
#4738=ORIENTED_EDGE('',*,*,#3449,.F.);
#4739=ORIENTED_EDGE('',*,*,#3450,.T.);
#4740=ORIENTED_EDGE('',*,*,#3451,.F.);
#4741=ORIENTED_EDGE('',*,*,#3448,.F.);
#4742=ORIENTED_EDGE('',*,*,#3452,.T.);
#4743=ORIENTED_EDGE('',*,*,#3453,.T.);
#4744=ORIENTED_EDGE('',*,*,#3454,.T.);
#4745=ORIENTED_EDGE('',*,*,#3446,.F.);
#4746=ORIENTED_EDGE('',*,*,#3455,.F.);
#4747=ORIENTED_EDGE('',*,*,#3456,.T.);
#4748=ORIENTED_EDGE('',*,*,#3457,.F.);
#4749=ORIENTED_EDGE('',*,*,#3450,.F.);
#4750=ORIENTED_EDGE('',*,*,#3458,.T.);
#4751=ORIENTED_EDGE('',*,*,#3459,.T.);
#4752=ORIENTED_EDGE('',*,*,#3460,.T.);
#4753=ORIENTED_EDGE('',*,*,#3453,.F.);
#4754=ORIENTED_EDGE('',*,*,#3461,.F.);
#4755=ORIENTED_EDGE('',*,*,#3462,.T.);
#4756=ORIENTED_EDGE('',*,*,#3463,.F.);
#4757=ORIENTED_EDGE('',*,*,#3456,.F.);
#4758=ORIENTED_EDGE('',*,*,#3464,.T.);
#4759=ORIENTED_EDGE('',*,*,#3465,.T.);
#4760=ORIENTED_EDGE('',*,*,#3466,.T.);
#4761=ORIENTED_EDGE('',*,*,#3459,.F.);
#4762=ORIENTED_EDGE('',*,*,#3467,.F.);
#4763=ORIENTED_EDGE('',*,*,#3468,.T.);
#4764=ORIENTED_EDGE('',*,*,#3469,.F.);
#4765=ORIENTED_EDGE('',*,*,#3462,.F.);
#4766=ORIENTED_EDGE('',*,*,#3470,.T.);
#4767=ORIENTED_EDGE('',*,*,#3471,.T.);
#4768=ORIENTED_EDGE('',*,*,#3472,.T.);
#4769=ORIENTED_EDGE('',*,*,#3465,.F.);
#4770=ORIENTED_EDGE('',*,*,#3473,.F.);
#4771=ORIENTED_EDGE('',*,*,#3474,.T.);
#4772=ORIENTED_EDGE('',*,*,#3475,.F.);
#4773=ORIENTED_EDGE('',*,*,#3468,.F.);
#4774=ORIENTED_EDGE('',*,*,#3476,.T.);
#4775=ORIENTED_EDGE('',*,*,#3477,.T.);
#4776=ORIENTED_EDGE('',*,*,#3478,.T.);
#4777=ORIENTED_EDGE('',*,*,#3471,.F.);
#4778=ORIENTED_EDGE('',*,*,#3479,.F.);
#4779=ORIENTED_EDGE('',*,*,#3474,.F.);
#4780=ORIENTED_EDGE('',*,*,#3480,.T.);
#4781=ORIENTED_EDGE('',*,*,#3477,.F.);
#4782=ORIENTED_EDGE('',*,*,#3481,.F.);
#4783=ORIENTED_EDGE('',*,*,#3455,.T.);
#4784=ORIENTED_EDGE('',*,*,#3449,.T.);
#4785=ORIENTED_EDGE('',*,*,#3451,.T.);
#4786=ORIENTED_EDGE('',*,*,#3457,.T.);
#4787=ORIENTED_EDGE('',*,*,#3463,.T.);
#4788=ORIENTED_EDGE('',*,*,#3469,.T.);
#4789=ORIENTED_EDGE('',*,*,#3475,.T.);
#4790=ORIENTED_EDGE('',*,*,#3481,.T.);
#4791=ORIENTED_EDGE('',*,*,#3479,.T.);
#4792=ORIENTED_EDGE('',*,*,#3473,.T.);
#4793=ORIENTED_EDGE('',*,*,#3467,.T.);
#4794=ORIENTED_EDGE('',*,*,#3461,.T.);
#4795=ORIENTED_EDGE('',*,*,#3482,.F.);
#4796=ORIENTED_EDGE('',*,*,#3483,.T.);
#4797=ORIENTED_EDGE('',*,*,#3484,.F.);
#4798=ORIENTED_EDGE('',*,*,#3485,.F.);
#4799=ORIENTED_EDGE('',*,*,#3486,.F.);
#4800=ORIENTED_EDGE('',*,*,#3487,.F.);
#4801=ORIENTED_EDGE('',*,*,#3488,.F.);
#4802=ORIENTED_EDGE('',*,*,#3489,.T.);
#4803=ORIENTED_EDGE('',*,*,#3490,.F.);
#4804=ORIENTED_EDGE('',*,*,#3491,.F.);
#4805=ORIENTED_EDGE('',*,*,#3492,.F.);
#4806=ORIENTED_EDGE('',*,*,#3493,.T.);
#4807=ORIENTED_EDGE('',*,*,#3494,.F.);
#4808=ORIENTED_EDGE('',*,*,#3489,.F.);
#4809=ORIENTED_EDGE('',*,*,#3495,.F.);
#4810=ORIENTED_EDGE('',*,*,#3496,.F.);
#4811=ORIENTED_EDGE('',*,*,#3497,.T.);
#4812=ORIENTED_EDGE('',*,*,#3498,.F.);
#4813=ORIENTED_EDGE('',*,*,#3493,.F.);
#4814=ORIENTED_EDGE('',*,*,#3499,.F.);
#4815=ORIENTED_EDGE('',*,*,#3500,.F.);
#4816=ORIENTED_EDGE('',*,*,#3501,.F.);
#4817=ORIENTED_EDGE('',*,*,#3502,.T.);
#4818=ORIENTED_EDGE('',*,*,#3503,.F.);
#4819=ORIENTED_EDGE('',*,*,#3504,.T.);
#4820=ORIENTED_EDGE('',*,*,#3505,.F.);
#4821=ORIENTED_EDGE('',*,*,#3502,.F.);
#4822=ORIENTED_EDGE('',*,*,#3506,.F.);
#4823=ORIENTED_EDGE('',*,*,#3507,.F.);
#4824=ORIENTED_EDGE('',*,*,#3504,.F.);
#4825=ORIENTED_EDGE('',*,*,#3508,.F.);
#4826=ORIENTED_EDGE('',*,*,#3509,.T.);
#4827=ORIENTED_EDGE('',*,*,#3510,.F.);
#4828=ORIENTED_EDGE('',*,*,#3511,.T.);
#4829=ORIENTED_EDGE('',*,*,#3512,.F.);
#4830=ORIENTED_EDGE('',*,*,#3513,.T.);
#4831=ORIENTED_EDGE('',*,*,#3514,.F.);
#4832=ORIENTED_EDGE('',*,*,#3511,.F.);
#4833=ORIENTED_EDGE('',*,*,#3515,.F.);
#4834=ORIENTED_EDGE('',*,*,#3516,.T.);
#4835=ORIENTED_EDGE('',*,*,#3517,.F.);
#4836=ORIENTED_EDGE('',*,*,#3509,.F.);
#4837=ORIENTED_EDGE('',*,*,#3518,.F.);
#4838=ORIENTED_EDGE('',*,*,#3519,.T.);
#4839=ORIENTED_EDGE('',*,*,#3520,.F.);
#4840=ORIENTED_EDGE('',*,*,#3513,.F.);
#4841=ORIENTED_EDGE('',*,*,#3521,.F.);
#4842=ORIENTED_EDGE('',*,*,#3522,.T.);
#4843=ORIENTED_EDGE('',*,*,#3523,.F.);
#4844=ORIENTED_EDGE('',*,*,#3516,.F.);
#4845=ORIENTED_EDGE('',*,*,#3524,.F.);
#4846=ORIENTED_EDGE('',*,*,#3525,.T.);
#4847=ORIENTED_EDGE('',*,*,#3526,.F.);
#4848=ORIENTED_EDGE('',*,*,#3519,.F.);
#4849=ORIENTED_EDGE('',*,*,#3527,.F.);
#4850=ORIENTED_EDGE('',*,*,#3528,.T.);
#4851=ORIENTED_EDGE('',*,*,#3529,.F.);
#4852=ORIENTED_EDGE('',*,*,#3522,.F.);
#4853=ORIENTED_EDGE('',*,*,#3530,.F.);
#4854=ORIENTED_EDGE('',*,*,#3525,.F.);
#4855=ORIENTED_EDGE('',*,*,#3531,.F.);
#4856=ORIENTED_EDGE('',*,*,#3528,.F.);
#4857=ORIENTED_EDGE('',*,*,#3532,.F.);
#4858=ORIENTED_EDGE('',*,*,#3533,.T.);
#4859=ORIENTED_EDGE('',*,*,#3534,.F.);
#4860=ORIENTED_EDGE('',*,*,#3535,.T.);
#4861=ORIENTED_EDGE('',*,*,#3536,.F.);
#4862=ORIENTED_EDGE('',*,*,#3537,.T.);
#4863=ORIENTED_EDGE('',*,*,#3538,.F.);
#4864=ORIENTED_EDGE('',*,*,#3535,.F.);
#4865=ORIENTED_EDGE('',*,*,#3539,.F.);
#4866=ORIENTED_EDGE('',*,*,#3540,.T.);
#4867=ORIENTED_EDGE('',*,*,#3541,.F.);
#4868=ORIENTED_EDGE('',*,*,#3533,.F.);
#4869=ORIENTED_EDGE('',*,*,#3542,.F.);
#4870=ORIENTED_EDGE('',*,*,#3543,.T.);
#4871=ORIENTED_EDGE('',*,*,#3544,.F.);
#4872=ORIENTED_EDGE('',*,*,#3537,.F.);
#4873=ORIENTED_EDGE('',*,*,#3545,.F.);
#4874=ORIENTED_EDGE('',*,*,#3546,.T.);
#4875=ORIENTED_EDGE('',*,*,#3547,.F.);
#4876=ORIENTED_EDGE('',*,*,#3540,.F.);
#4877=ORIENTED_EDGE('',*,*,#3548,.F.);
#4878=ORIENTED_EDGE('',*,*,#3549,.T.);
#4879=ORIENTED_EDGE('',*,*,#3550,.F.);
#4880=ORIENTED_EDGE('',*,*,#3543,.F.);
#4881=ORIENTED_EDGE('',*,*,#3551,.F.);
#4882=ORIENTED_EDGE('',*,*,#3552,.T.);
#4883=ORIENTED_EDGE('',*,*,#3553,.F.);
#4884=ORIENTED_EDGE('',*,*,#3546,.F.);
#4885=ORIENTED_EDGE('',*,*,#3554,.F.);
#4886=ORIENTED_EDGE('',*,*,#3549,.F.);
#4887=ORIENTED_EDGE('',*,*,#3555,.F.);
#4888=ORIENTED_EDGE('',*,*,#3552,.F.);
#4889=ORIENTED_EDGE('',*,*,#3556,.F.);
#4890=ORIENTED_EDGE('',*,*,#3557,.F.);
#4891=ORIENTED_EDGE('',*,*,#3531,.T.);
#4892=ORIENTED_EDGE('',*,*,#3558,.F.);
#4893=ORIENTED_EDGE('',*,*,#3559,.F.);
#4894=ORIENTED_EDGE('',*,*,#3506,.T.);
#4895=ORIENTED_EDGE('',*,*,#3560,.F.);
#4896=ORIENTED_EDGE('',*,*,#3521,.T.);
#4897=ORIENTED_EDGE('',*,*,#3561,.F.);
#4898=ORIENTED_EDGE('',*,*,#3491,.T.);
#4899=ORIENTED_EDGE('',*,*,#3562,.F.);
#4900=ORIENTED_EDGE('',*,*,#3563,.F.);
#4901=ORIENTED_EDGE('',*,*,#3555,.T.);
#4902=ORIENTED_EDGE('',*,*,#3564,.F.);
#4903=ORIENTED_EDGE('',*,*,#3565,.F.);
#4904=ORIENTED_EDGE('',*,*,#3566,.F.);
#4905=ORIENTED_EDGE('',*,*,#3545,.T.);
#4906=ORIENTED_EDGE('',*,*,#3567,.F.);
#4907=ORIENTED_EDGE('',*,*,#3568,.F.);
#4908=ORIENTED_EDGE('',*,*,#3569,.F.);
#4909=ORIENTED_EDGE('',*,*,#3547,.T.);
#4910=ORIENTED_EDGE('',*,*,#3570,.F.);
#4911=ORIENTED_EDGE('',*,*,#3571,.F.);
#4912=ORIENTED_EDGE('',*,*,#3572,.F.);
#4913=ORIENTED_EDGE('',*,*,#3510,.T.);
#4914=ORIENTED_EDGE('',*,*,#3573,.F.);
#4915=ORIENTED_EDGE('',*,*,#3418,.F.);
#4916=ORIENTED_EDGE('',*,*,#3574,.F.);
#4917=ORIENTED_EDGE('',*,*,#3523,.T.);
#4918=ORIENTED_EDGE('',*,*,#3575,.F.);
#4919=ORIENTED_EDGE('',*,*,#3414,.F.);
#4920=ORIENTED_EDGE('',*,*,#3576,.F.);
#4921=ORIENTED_EDGE('',*,*,#3534,.T.);
#4922=ORIENTED_EDGE('',*,*,#3577,.F.);
#4923=ORIENTED_EDGE('',*,*,#3578,.F.);
#4924=ORIENTED_EDGE('',*,*,#3579,.T.);
#4925=ORIENTED_EDGE('',*,*,#3580,.F.);
#4926=ORIENTED_EDGE('',*,*,#3581,.T.);
#4927=ORIENTED_EDGE('',*,*,#3582,.F.);
#4928=ORIENTED_EDGE('',*,*,#3583,.T.);
#4929=ORIENTED_EDGE('',*,*,#3584,.F.);
#4930=ORIENTED_EDGE('',*,*,#3581,.F.);
#4931=ORIENTED_EDGE('',*,*,#3585,.F.);
#4932=ORIENTED_EDGE('',*,*,#3586,.T.);
#4933=ORIENTED_EDGE('',*,*,#3587,.F.);
#4934=ORIENTED_EDGE('',*,*,#3579,.F.);
#4935=ORIENTED_EDGE('',*,*,#3588,.F.);
#4936=ORIENTED_EDGE('',*,*,#3583,.F.);
#4937=ORIENTED_EDGE('',*,*,#3589,.F.);
#4938=ORIENTED_EDGE('',*,*,#3586,.F.);
#4939=ORIENTED_EDGE('',*,*,#3590,.F.);
#4940=ORIENTED_EDGE('',*,*,#3591,.T.);
#4941=ORIENTED_EDGE('',*,*,#3592,.F.);
#4942=ORIENTED_EDGE('',*,*,#3593,.T.);
#4943=ORIENTED_EDGE('',*,*,#3594,.F.);
#4944=ORIENTED_EDGE('',*,*,#3595,.T.);
#4945=ORIENTED_EDGE('',*,*,#3596,.F.);
#4946=ORIENTED_EDGE('',*,*,#3593,.F.);
#4947=ORIENTED_EDGE('',*,*,#3597,.F.);
#4948=ORIENTED_EDGE('',*,*,#3598,.T.);
#4949=ORIENTED_EDGE('',*,*,#3599,.F.);
#4950=ORIENTED_EDGE('',*,*,#3591,.F.);
#4951=ORIENTED_EDGE('',*,*,#3600,.F.);
#4952=ORIENTED_EDGE('',*,*,#3595,.F.);
#4953=ORIENTED_EDGE('',*,*,#3601,.F.);
#4954=ORIENTED_EDGE('',*,*,#3598,.F.);
#4955=ORIENTED_EDGE('',*,*,#3602,.F.);
#4956=ORIENTED_EDGE('',*,*,#3603,.F.);
#4957=ORIENTED_EDGE('',*,*,#3442,.F.);
#4958=ORIENTED_EDGE('',*,*,#3604,.F.);
#4959=ORIENTED_EDGE('',*,*,#3605,.F.);
#4960=ORIENTED_EDGE('',*,*,#3606,.T.);
#4961=ORIENTED_EDGE('',*,*,#3607,.T.);
#4962=ORIENTED_EDGE('',*,*,#3608,.T.);
#4963=ORIENTED_EDGE('',*,*,#3609,.T.);
#4964=ORIENTED_EDGE('',*,*,#3487,.T.);
#4965=ORIENTED_EDGE('',*,*,#3610,.T.);
#4966=ORIENTED_EDGE('',*,*,#3415,.T.);
#4967=ORIENTED_EDGE('',*,*,#3611,.T.);
#4968=ORIENTED_EDGE('',*,*,#3612,.T.);
#4969=ORIENTED_EDGE('',*,*,#3485,.T.);
#4970=ORIENTED_EDGE('',*,*,#3613,.T.);
#4971=ORIENTED_EDGE('',*,*,#3614,.T.);
#4972=ORIENTED_EDGE('',*,*,#3482,.T.);
#4973=ORIENTED_EDGE('',*,*,#3615,.F.);
#4974=ORIENTED_EDGE('',*,*,#3616,.F.);
#4975=ORIENTED_EDGE('',*,*,#3417,.F.);
#4976=ORIENTED_EDGE('',*,*,#3605,.T.);
#4977=ORIENTED_EDGE('',*,*,#3578,.T.);
#4978=ORIENTED_EDGE('',*,*,#3617,.T.);
#4979=ORIENTED_EDGE('',*,*,#3571,.T.);
#4980=ORIENTED_EDGE('',*,*,#3607,.F.);
#4981=ORIENTED_EDGE('',*,*,#3618,.F.);
#4982=ORIENTED_EDGE('',*,*,#3564,.T.);
#4983=ORIENTED_EDGE('',*,*,#3551,.T.);
#4984=ORIENTED_EDGE('',*,*,#3566,.T.);
#4985=ORIENTED_EDGE('',*,*,#3619,.T.);
#4986=ORIENTED_EDGE('',*,*,#3558,.T.);
#4987=ORIENTED_EDGE('',*,*,#3527,.T.);
#4988=ORIENTED_EDGE('',*,*,#3560,.T.);
#4989=ORIENTED_EDGE('',*,*,#3620,.T.);
#4990=ORIENTED_EDGE('',*,*,#3621,.T.);
#4991=ORIENTED_EDGE('',*,*,#3622,.F.);
#4992=ORIENTED_EDGE('',*,*,#3623,.F.);
#4993=ORIENTED_EDGE('',*,*,#3624,.F.);
#4994=ORIENTED_EDGE('',*,*,#3625,.F.);
#4995=ORIENTED_EDGE('',*,*,#3626,.F.);
#4996=ORIENTED_EDGE('',*,*,#3627,.F.);
#4997=ORIENTED_EDGE('',*,*,#3589,.T.);
#4998=ORIENTED_EDGE('',*,*,#3628,.T.);
#4999=ORIENTED_EDGE('',*,*,#3624,.T.);
#5000=ORIENTED_EDGE('',*,*,#3629,.F.);
#5001=ORIENTED_EDGE('',*,*,#3587,.T.);
#5002=ORIENTED_EDGE('',*,*,#3627,.T.);
#5003=ORIENTED_EDGE('',*,*,#3623,.T.);
#5004=ORIENTED_EDGE('',*,*,#3630,.F.);
#5005=ORIENTED_EDGE('',*,*,#3580,.T.);
#5006=ORIENTED_EDGE('',*,*,#3629,.T.);
#5007=ORIENTED_EDGE('',*,*,#3622,.T.);
#5008=ORIENTED_EDGE('',*,*,#3628,.F.);
#5009=ORIENTED_EDGE('',*,*,#3585,.T.);
#5010=ORIENTED_EDGE('',*,*,#3630,.T.);
#5011=ORIENTED_EDGE('',*,*,#3625,.T.);
#5012=ORIENTED_EDGE('',*,*,#3573,.T.);
#5013=ORIENTED_EDGE('',*,*,#3517,.T.);
#5014=ORIENTED_EDGE('',*,*,#3574,.T.);
#5015=ORIENTED_EDGE('',*,*,#3413,.T.);
#5016=ORIENTED_EDGE('',*,*,#3631,.T.);
#5017=ORIENTED_EDGE('',*,*,#3632,.T.);
#5018=ORIENTED_EDGE('',*,*,#3633,.T.);
#5019=ORIENTED_EDGE('',*,*,#3634,.F.);
#5020=ORIENTED_EDGE('',*,*,#3635,.T.);
#5021=ORIENTED_EDGE('',*,*,#3636,.F.);
#5022=ORIENTED_EDGE('',*,*,#3542,.T.);
#5023=ORIENTED_EDGE('',*,*,#3536,.T.);
#5024=ORIENTED_EDGE('',*,*,#3538,.T.);
#5025=ORIENTED_EDGE('',*,*,#3544,.T.);
#5026=ORIENTED_EDGE('',*,*,#3550,.T.);
#5027=ORIENTED_EDGE('',*,*,#3556,.T.);
#5028=ORIENTED_EDGE('',*,*,#3554,.T.);
#5029=ORIENTED_EDGE('',*,*,#3548,.T.);
#5030=ORIENTED_EDGE('',*,*,#3597,.T.);
#5031=ORIENTED_EDGE('',*,*,#3592,.T.);
#5032=ORIENTED_EDGE('',*,*,#3599,.T.);
#5033=ORIENTED_EDGE('',*,*,#3601,.T.);
#5034=ORIENTED_EDGE('',*,*,#3637,.F.);
#5035=ORIENTED_EDGE('',*,*,#3602,.T.);
#5036=ORIENTED_EDGE('',*,*,#3638,.T.);
#5037=ORIENTED_EDGE('',*,*,#3634,.T.);
#5038=ORIENTED_EDGE('',*,*,#3638,.F.);
#5039=ORIENTED_EDGE('',*,*,#3600,.T.);
#5040=ORIENTED_EDGE('',*,*,#3639,.T.);
#5041=ORIENTED_EDGE('',*,*,#3635,.F.);
#5042=ORIENTED_EDGE('',*,*,#3639,.F.);
#5043=ORIENTED_EDGE('',*,*,#3594,.T.);
#5044=ORIENTED_EDGE('',*,*,#3640,.T.);
#5045=ORIENTED_EDGE('',*,*,#3632,.F.);
#5046=ORIENTED_EDGE('',*,*,#3640,.F.);
#5047=ORIENTED_EDGE('',*,*,#3596,.T.);
#5048=ORIENTED_EDGE('',*,*,#3637,.T.);
#5049=ORIENTED_EDGE('',*,*,#3633,.F.);
#5050=ORIENTED_EDGE('',*,*,#3575,.T.);
#5051=ORIENTED_EDGE('',*,*,#3529,.T.);
#5052=ORIENTED_EDGE('',*,*,#3557,.T.);
#5053=ORIENTED_EDGE('',*,*,#3508,.T.);
#5054=ORIENTED_EDGE('',*,*,#3641,.T.);
#5055=ORIENTED_EDGE('',*,*,#3611,.F.);
#5056=ORIENTED_EDGE('',*,*,#3577,.T.);
#5057=ORIENTED_EDGE('',*,*,#3541,.T.);
#5058=ORIENTED_EDGE('',*,*,#3569,.T.);
#5059=ORIENTED_EDGE('',*,*,#3617,.F.);
#5060=ORIENTED_EDGE('',*,*,#3642,.F.);
#5061=ORIENTED_EDGE('',*,*,#3643,.T.);
#5062=ORIENTED_EDGE('',*,*,#3644,.T.);
#5063=ORIENTED_EDGE('',*,*,#3645,.T.);
#5064=ORIENTED_EDGE('',*,*,#3646,.T.);
#5065=ORIENTED_EDGE('',*,*,#3432,.T.);
#5066=ORIENTED_EDGE('',*,*,#3647,.F.);
#5067=ORIENTED_EDGE('',*,*,#3518,.T.);
#5068=ORIENTED_EDGE('',*,*,#3512,.T.);
#5069=ORIENTED_EDGE('',*,*,#3514,.T.);
#5070=ORIENTED_EDGE('',*,*,#3520,.T.);
#5071=ORIENTED_EDGE('',*,*,#3526,.T.);
#5072=ORIENTED_EDGE('',*,*,#3532,.T.);
#5073=ORIENTED_EDGE('',*,*,#3530,.T.);
#5074=ORIENTED_EDGE('',*,*,#3524,.T.);
#5075=ORIENTED_EDGE('',*,*,#3588,.T.);
#5076=ORIENTED_EDGE('',*,*,#3582,.T.);
#5077=ORIENTED_EDGE('',*,*,#3584,.T.);
#5078=ORIENTED_EDGE('',*,*,#3590,.T.);
#5079=ORIENTED_EDGE('',*,*,#3499,.T.);
#5080=ORIENTED_EDGE('',*,*,#3505,.T.);
#5081=ORIENTED_EDGE('',*,*,#3507,.T.);
#5082=ORIENTED_EDGE('',*,*,#3559,.T.);
#5083=ORIENTED_EDGE('',*,*,#3620,.F.);
#5084=ORIENTED_EDGE('',*,*,#3562,.T.);
#5085=ORIENTED_EDGE('',*,*,#3490,.T.);
#5086=ORIENTED_EDGE('',*,*,#3494,.T.);
#5087=ORIENTED_EDGE('',*,*,#3498,.T.);
#5088=ORIENTED_EDGE('',*,*,#3648,.T.);
#5089=ORIENTED_EDGE('',*,*,#3452,.F.);
#5090=ORIENTED_EDGE('',*,*,#3447,.F.);
#5091=ORIENTED_EDGE('',*,*,#3454,.F.);
#5092=ORIENTED_EDGE('',*,*,#3460,.F.);
#5093=ORIENTED_EDGE('',*,*,#3466,.F.);
#5094=ORIENTED_EDGE('',*,*,#3472,.F.);
#5095=ORIENTED_EDGE('',*,*,#3478,.F.);
#5096=ORIENTED_EDGE('',*,*,#3480,.F.);
#5097=ORIENTED_EDGE('',*,*,#3476,.F.);
#5098=ORIENTED_EDGE('',*,*,#3470,.F.);
#5099=ORIENTED_EDGE('',*,*,#3464,.F.);
#5100=ORIENTED_EDGE('',*,*,#3458,.F.);
#5101=ORIENTED_EDGE('',*,*,#3649,.T.);
#5102=ORIENTED_EDGE('',*,*,#3411,.T.);
#5103=ORIENTED_EDGE('',*,*,#3650,.F.);
#5104=ORIENTED_EDGE('',*,*,#3565,.T.);
#5105=ORIENTED_EDGE('',*,*,#3619,.F.);
#5106=ORIENTED_EDGE('',*,*,#3568,.T.);
#5107=ORIENTED_EDGE('',*,*,#3570,.T.);
#5108=ORIENTED_EDGE('',*,*,#3553,.T.);
#5109=ORIENTED_EDGE('',*,*,#3563,.T.);
#5110=ORIENTED_EDGE('',*,*,#3650,.T.);
#5111=ORIENTED_EDGE('',*,*,#3410,.T.);
#5112=ORIENTED_EDGE('',*,*,#3406,.F.);
#5113=ORIENTED_EDGE('',*,*,#3651,.T.);
#5114=ORIENTED_EDGE('',*,*,#3492,.T.);
#5115=ORIENTED_EDGE('',*,*,#3561,.T.);
#5116=ORIENTED_EDGE('',*,*,#3515,.T.);
#5117=ORIENTED_EDGE('',*,*,#3572,.T.);
#5118=ORIENTED_EDGE('',*,*,#3616,.T.);
#5119=ORIENTED_EDGE('',*,*,#3652,.F.);
#5120=ORIENTED_EDGE('',*,*,#3608,.F.);
#5121=ORIENTED_EDGE('',*,*,#3604,.T.);
#5122=ORIENTED_EDGE('',*,*,#3437,.T.);
#5123=ORIENTED_EDGE('',*,*,#3444,.T.);
#5124=ORIENTED_EDGE('',*,*,#3412,.T.);
#5125=ORIENTED_EDGE('',*,*,#3649,.F.);
#5126=ORIENTED_EDGE('',*,*,#3567,.T.);
#5127=ORIENTED_EDGE('',*,*,#3539,.T.);
#5128=ORIENTED_EDGE('',*,*,#3576,.T.);
#5129=ORIENTED_EDGE('',*,*,#3653,.F.);
#5130=ORIENTED_EDGE('',*,*,#3654,.F.);
#5131=ORIENTED_EDGE('',*,*,#3613,.F.);
#5132=ORIENTED_EDGE('',*,*,#3488,.T.);
#5133=ORIENTED_EDGE('',*,*,#3609,.F.);
#5134=ORIENTED_EDGE('',*,*,#3641,.F.);
#5135=ORIENTED_EDGE('',*,*,#3503,.T.);
#5136=ORIENTED_EDGE('',*,*,#3655,.T.);
#5137=ORIENTED_EDGE('',*,*,#3409,.T.);
#5138=ORIENTED_EDGE('',*,*,#3656,.T.);
#5139=ORIENTED_EDGE('',*,*,#3495,.T.);
#5140=ORIENTED_EDGE('',*,*,#3651,.F.);
#5141=ORIENTED_EDGE('',*,*,#3636,.T.);
#5142=ORIENTED_EDGE('',*,*,#3657,.T.);
#5143=ORIENTED_EDGE('',*,*,#3631,.F.);
#5144=ORIENTED_EDGE('',*,*,#3657,.F.);
#5145=ORIENTED_EDGE('',*,*,#3626,.T.);
#5146=ORIENTED_EDGE('',*,*,#3658,.T.);
#5147=ORIENTED_EDGE('',*,*,#3621,.F.);
#5148=ORIENTED_EDGE('',*,*,#3658,.F.);
#5149=ORIENTED_EDGE('',*,*,#3612,.F.);
#5150=ORIENTED_EDGE('',*,*,#3484,.T.);
#5151=ORIENTED_EDGE('',*,*,#3659,.T.);
#5152=ORIENTED_EDGE('',*,*,#3653,.T.);
#5153=ORIENTED_EDGE('',*,*,#3660,.T.);
#5154=ORIENTED_EDGE('',*,*,#3642,.T.);
#5155=ORIENTED_EDGE('',*,*,#3661,.T.);
#5156=ORIENTED_EDGE('',*,*,#3647,.T.);
#5157=ORIENTED_EDGE('',*,*,#3431,.T.);
#5158=ORIENTED_EDGE('',*,*,#3440,.T.);
#5159=ORIENTED_EDGE('',*,*,#3603,.T.);
#5160=ORIENTED_EDGE('',*,*,#3618,.T.);
#5161=ORIENTED_EDGE('',*,*,#3606,.F.);
#5162=ORIENTED_EDGE('',*,*,#3652,.T.);
#5163=ORIENTED_EDGE('',*,*,#3615,.T.);
#5164=ORIENTED_EDGE('',*,*,#3416,.F.);
#5165=ORIENTED_EDGE('',*,*,#3610,.F.);
#5166=ORIENTED_EDGE('',*,*,#3486,.T.);
#5167=ORIENTED_EDGE('',*,*,#3430,.F.);
#5168=ORIENTED_EDGE('',*,*,#3614,.F.);
#5169=ORIENTED_EDGE('',*,*,#3654,.T.);
#5170=ORIENTED_EDGE('',*,*,#3659,.F.);
#5171=ORIENTED_EDGE('',*,*,#3483,.F.);
#5172=ORIENTED_EDGE('',*,*,#3644,.F.);
#5173=ORIENTED_EDGE('',*,*,#3500,.T.);
#5174=ORIENTED_EDGE('',*,*,#3648,.F.);
#5175=ORIENTED_EDGE('',*,*,#3497,.F.);
#5176=ORIENTED_EDGE('',*,*,#3501,.T.);
#5177=ORIENTED_EDGE('',*,*,#3643,.F.);
#5178=ORIENTED_EDGE('',*,*,#3660,.F.);
#5179=ORIENTED_EDGE('',*,*,#3655,.F.);
#5180=ORIENTED_EDGE('',*,*,#3661,.F.);
#5181=ORIENTED_EDGE('',*,*,#3645,.F.);
#5182=ORIENTED_EDGE('',*,*,#3496,.T.);
#5183=ORIENTED_EDGE('',*,*,#3656,.F.);
#5184=ORIENTED_EDGE('',*,*,#3445,.F.);
#5185=ORIENTED_EDGE('',*,*,#3646,.F.);
#5186=B_SPLINE_SURFACE_WITH_KNOTS('',3,3,((#7544,#7545,#7546,#7547),(#7548,
#7549,#7550,#7551),(#7552,#7553,#7554,#7555),(#7556,#7557,#7558,#7559)),
 .UNSPECIFIED.,.F.,.F.,.F.,(4,4),(4,4),(0.,1.),(-1.07246191579176,-0.681620593476434),
 .UNSPECIFIED.);
#5187=B_SPLINE_SURFACE_WITH_KNOTS('',3,3,((#7600,#7601,#7602,#7603,#7604,
#7605,#7606,#7607,#7608,#7609,#7610,#7611,#7612,#7613,#7614,#7615,#7616),
(#7617,#7618,#7619,#7620,#7621,#7622,#7623,#7624,#7625,#7626,#7627,#7628,
#7629,#7630,#7631,#7632,#7633),(#7634,#7635,#7636,#7637,#7638,#7639,#7640,
#7641,#7642,#7643,#7644,#7645,#7646,#7647,#7648,#7649,#7650),(#7651,#7652,
#7653,#7654,#7655,#7656,#7657,#7658,#7659,#7660,#7661,#7662,#7663,#7664,
#7665,#7666,#7667)),.UNSPECIFIED.,.F.,.F.,.F.,(4,4),(4,1,1,1,1,1,3,2,1,
1,1,4),(0.,1.),(-1.20271917527012,-1.13585099250614,-1.06898280974216,-1.00211462697818,
-0.935246444214195,-0.801510078686235,-0.734641895922255,-0.732637313135481,
-0.586109849246845,-0.293054921469573,-0.146527457580937,6.30769851793625E-9),
 .UNSPECIFIED.);
#5188=B_SPLINE_SURFACE_WITH_KNOTS('',3,3,((#8016,#8017,#8018,#8019,#8020,
#8021,#8022,#8023),(#8024,#8025,#8026,#8027,#8028,#8029,#8030,#8031),(#8032,
#8033,#8034,#8035,#8036,#8037,#8038,#8039),(#8040,#8041,#8042,#8043,#8044,
#8045,#8046,#8047),(#8048,#8049,#8050,#8051,#8052,#8053,#8054,#8055),(#8056,
#8057,#8058,#8059,#8060,#8061,#8062,#8063)),.UNSPECIFIED.,.F.,.F.,.F.,(4,
2,4),(4,2,1,1,4),(0.216741579427247,0.288773333820764,0.361310380610947),
(-0.00360802593108185,0.,0.284894857949766,0.42734228692465,0.712237144874416),
 .UNSPECIFIED.);
#5189=ADVANCED_FACE('',(#1757),#5186,.T.);
#5190=ADVANCED_FACE('',(#1758),#1508,.T.);
#5191=ADVANCED_FACE('',(#1759),#5187,.T.);
#5192=ADVANCED_FACE('',(#1760),#1509,.T.);
#5193=ADVANCED_FACE('',(#1761),#1510,.T.);
#5194=ADVANCED_FACE('',(#1762),#1511,.T.);
#5195=ADVANCED_FACE('',(#1763),#1512,.T.);
#5196=ADVANCED_FACE('',(#1764),#1513,.T.);
#5197=ADVANCED_FACE('',(#1765),#1514,.T.);
#5198=ADVANCED_FACE('',(#1766),#1515,.T.);
#5199=ADVANCED_FACE('',(#1767),#1516,.T.);
#5200=ADVANCED_FACE('',(#1768),#1517,.T.);
#5201=ADVANCED_FACE('',(#1769),#1518,.T.);
#5202=ADVANCED_FACE('',(#1770),#1519,.T.);
#5203=ADVANCED_FACE('',(#1771),#1520,.T.);
#5204=ADVANCED_FACE('',(#1772),#1521,.T.);
#5205=ADVANCED_FACE('',(#1773),#1522,.T.);
#5206=ADVANCED_FACE('',(#1774),#1523,.T.);
#5207=ADVANCED_FACE('',(#1775),#1524,.F.);
#5208=ADVANCED_FACE('',(#1776),#1525,.F.);
#5209=ADVANCED_FACE('',(#1777),#1526,.T.);
#5210=ADVANCED_FACE('',(#1778),#1527,.F.);
#5211=ADVANCED_FACE('',(#1779),#1528,.F.);
#5212=ADVANCED_FACE('',(#1780),#1529,.T.);
#5213=ADVANCED_FACE('',(#1781),#1530,.F.);
#5214=ADVANCED_FACE('',(#1782),#1531,.F.);
#5215=ADVANCED_FACE('',(#1783),#110,.T.);
#5216=ADVANCED_FACE('',(#1784),#1532,.F.);
#5217=ADVANCED_FACE('',(#1785),#74,.T.);
#5218=ADVANCED_FACE('',(#1786),#1533,.T.);
#5219=ADVANCED_FACE('',(#1787),#111,.T.);
#5220=ADVANCED_FACE('',(#1788),#1534,.T.);
#5221=ADVANCED_FACE('',(#1789),#1535,.F.);
#5222=ADVANCED_FACE('',(#1790),#75,.T.);
#5223=ADVANCED_FACE('',(#1791),#1536,.F.);
#5224=ADVANCED_FACE('',(#1792),#1537,.T.);
#5225=ADVANCED_FACE('',(#1793),#112,.T.);
#5226=ADVANCED_FACE('',(#1794),#1538,.T.);
#5227=ADVANCED_FACE('',(#1795),#113,.T.);
#5228=ADVANCED_FACE('',(#1796),#1539,.T.);
#5229=ADVANCED_FACE('',(#1797),#114,.T.);
#5230=ADVANCED_FACE('',(#1798),#1540,.T.);
#5231=ADVANCED_FACE('',(#1799),#115,.T.);
#5232=ADVANCED_FACE('',(#1800),#76,.T.);
#5233=ADVANCED_FACE('',(#1801),#1541,.T.);
#5234=ADVANCED_FACE('',(#1802),#77,.T.);
#5235=ADVANCED_FACE('',(#1803),#1542,.T.);
#5236=ADVANCED_FACE('',(#1804),#1543,.T.);
#5237=ADVANCED_FACE('',(#1805),#78,.T.);
#5238=ADVANCED_FACE('',(#1806),#1544,.T.);
#5239=ADVANCED_FACE('',(#1807),#79,.T.);
#5240=ADVANCED_FACE('',(#1808),#80,.T.);
#5241=ADVANCED_FACE('',(#1809),#1545,.T.);
#5242=ADVANCED_FACE('',(#1810,#55),#1546,.F.);
#5243=ADVANCED_FACE('',(#1811),#1547,.T.);
#5244=ADVANCED_FACE('',(#1812),#1548,.T.);
#5245=ADVANCED_FACE('',(#1813),#1549,.T.);
#5246=ADVANCED_FACE('',(#1814),#1550,.T.);
#5247=ADVANCED_FACE('',(#1815),#1551,.T.);
#5248=ADVANCED_FACE('',(#1816),#1552,.T.);
#5249=ADVANCED_FACE('',(#1817),#1553,.T.);
#5250=ADVANCED_FACE('',(#1818),#1554,.F.);
#5251=ADVANCED_FACE('',(#1819),#5188,.T.);
#5252=ADVANCED_FACE('',(#1820),#81,.T.);
#5253=ADVANCED_FACE('',(#1821),#82,.T.);
#5254=ADVANCED_FACE('',(#1822),#1555,.F.);
#5255=ADVANCED_FACE('',(#1823,#56),#1556,.T.);
#5256=ADVANCED_FACE('',(#1824),#1557,.T.);
#5257=ADVANCED_FACE('',(#1825),#1558,.T.);
#5258=ADVANCED_FACE('',(#1826),#1559,.T.);
#5259=ADVANCED_FACE('',(#1827),#1560,.T.);
#5260=ADVANCED_FACE('',(#1828),#1561,.T.);
#5261=ADVANCED_FACE('',(#1829),#1562,.T.);
#5262=ADVANCED_FACE('',(#1830),#1563,.T.);
#5263=ADVANCED_FACE('',(#1831),#1564,.T.);
#5264=ADVANCED_FACE('',(#1832),#1565,.T.);
#5265=ADVANCED_FACE('',(#1833),#1566,.T.);
#5266=ADVANCED_FACE('',(#1834),#1567,.T.);
#5267=ADVANCED_FACE('',(#1835),#1568,.T.);
#5268=ADVANCED_FACE('',(#1836),#1569,.T.);
#5269=ADVANCED_FACE('',(#1837),#1570,.T.);
#5270=ADVANCED_FACE('',(#1838),#1571,.T.);
#5271=ADVANCED_FACE('',(#1839,#57),#1572,.F.);
#5272=ADVANCED_FACE('',(#1840),#1573,.T.);
#5273=ADVANCED_FACE('',(#1841),#1574,.T.);
#5274=ADVANCED_FACE('',(#1842),#1575,.T.);
#5275=ADVANCED_FACE('',(#1843),#1576,.T.);
#5276=ADVANCED_FACE('',(#1844),#1577,.T.);
#5277=ADVANCED_FACE('',(#1845),#1578,.T.);
#5278=ADVANCED_FACE('',(#1846),#1579,.T.);
#5279=ADVANCED_FACE('',(#1847),#1580,.T.);
#5280=ADVANCED_FACE('',(#1848),#1581,.T.);
#5281=ADVANCED_FACE('',(#1849),#1582,.T.);
#5282=ADVANCED_FACE('',(#1850),#1583,.T.);
#5283=ADVANCED_FACE('',(#1851),#1584,.T.);
#5284=ADVANCED_FACE('',(#1852),#1585,.T.);
#5285=ADVANCED_FACE('',(#1853),#1586,.T.);
#5286=ADVANCED_FACE('',(#1854),#1587,.T.);
#5287=ADVANCED_FACE('',(#1855),#1588,.T.);
#5288=ADVANCED_FACE('',(#1856),#1589,.T.);
#5289=ADVANCED_FACE('',(#1857),#1590,.T.);
#5290=ADVANCED_FACE('',(#1858),#1591,.T.);
#5291=ADVANCED_FACE('',(#1859),#1592,.T.);
#5292=ADVANCED_FACE('',(#1860),#1593,.T.);
#5293=ADVANCED_FACE('',(#1861),#1594,.T.);
#5294=ADVANCED_FACE('',(#1862),#1595,.T.);
#5295=ADVANCED_FACE('',(#1863),#1596,.T.);
#5296=ADVANCED_FACE('',(#1864),#1597,.T.);
#5297=ADVANCED_FACE('',(#1865),#1598,.T.);
#5298=ADVANCED_FACE('',(#1866,#58),#1599,.F.);
#5299=ADVANCED_FACE('',(#1867),#1600,.T.);
#5300=ADVANCED_FACE('',(#1868),#116,.T.);
#5301=ADVANCED_FACE('',(#1869),#1601,.T.);
#5302=ADVANCED_FACE('',(#1870),#1602,.T.);
#5303=ADVANCED_FACE('',(#1871),#117,.T.);
#5304=ADVANCED_FACE('',(#1872),#118,.T.);
#5305=ADVANCED_FACE('',(#1873),#83,.T.);
#5306=ADVANCED_FACE('',(#1874),#1603,.T.);
#5307=ADVANCED_FACE('',(#1875),#84,.T.);
#5308=ADVANCED_FACE('',(#1876),#1604,.F.);
#5309=ADVANCED_FACE('',(#1877),#1605,.T.);
#5310=ADVANCED_FACE('',(#1878),#1606,.T.);
#5311=ADVANCED_FACE('',(#1879),#1607,.T.);
#5312=ADVANCED_FACE('',(#1880),#119,.T.);
#5313=ADVANCED_FACE('',(#1881),#120,.T.);
#5314=ADVANCED_FACE('',(#1882),#121,.T.);
#5315=ADVANCED_FACE('',(#1883),#1608,.T.);
#5316=ADVANCED_FACE('',(#1884),#85,.T.);
#5317=ADVANCED_FACE('',(#1885),#1609,.T.);
#5318=ADVANCED_FACE('',(#1886),#1610,.F.);
#5319=ADVANCED_FACE('',(#1887),#1611,.T.);
#5320=ADVANCED_FACE('',(#1888),#86,.T.);
#5321=ADVANCED_FACE('',(#1889),#1612,.T.);
#5322=ADVANCED_FACE('',(#1890),#87,.T.);
#5323=ADVANCED_FACE('',(#1891),#1613,.T.);
#5324=ADVANCED_FACE('',(#1892),#122,.F.);
#5325=ADVANCED_FACE('',(#1893,#59,#60),#1614,.T.);
#5326=ADVANCED_FACE('',(#1894),#88,.F.);
#5327=ADVANCED_FACE('',(#1895),#123,.F.);
#5328=ADVANCED_FACE('',(#1896),#89,.F.);
#5329=ADVANCED_FACE('',(#1897),#1615,.T.);
#5330=ADVANCED_FACE('',(#1898),#124,.T.);
#5331=ADVANCED_FACE('',(#1899),#1616,.T.);
#5332=ADVANCED_FACE('',(#1900),#125,.T.);
#5333=ADVANCED_FACE('',(#1901),#1617,.T.);
#5334=ADVANCED_FACE('',(#1902),#126,.T.);
#5335=ADVANCED_FACE('',(#1903),#1618,.T.);
#5336=ADVANCED_FACE('',(#1904),#127,.T.);
#5337=ADVANCED_FACE('',(#1905),#90,.T.);
#5338=ADVANCED_FACE('',(#1906),#1619,.T.);
#5339=ADVANCED_FACE('',(#1907),#91,.T.);
#5340=ADVANCED_FACE('',(#1908),#1620,.T.);
#5341=ADVANCED_FACE('',(#1909),#1621,.T.);
#5342=ADVANCED_FACE('',(#1910),#1622,.T.);
#5343=ADVANCED_FACE('',(#1911),#1623,.T.);
#5344=ADVANCED_FACE('',(#1912),#1624,.T.);
#5345=ADVANCED_FACE('',(#1913),#1625,.F.);
#5346=ADVANCED_FACE('',(#1914),#1626,.T.);
#5347=ADVANCED_FACE('',(#1915),#1627,.T.);
#5348=ADVANCED_FACE('',(#1916),#1628,.T.);
#5349=ADVANCED_FACE('',(#1917),#1629,.F.);
#5350=ADVANCED_FACE('',(#1918),#1630,.T.);
#5351=ADVANCED_FACE('',(#1919),#1631,.F.);
#5352=ADVANCED_FACE('',(#1920),#1632,.T.);
#5353=ADVANCED_FACE('',(#1921),#1633,.F.);
#5354=ADVANCED_FACE('',(#1922),#1634,.T.);
#5355=ADVANCED_FACE('',(#1923),#1635,.F.);
#5356=ADVANCED_FACE('',(#1924),#1636,.T.);
#5357=ADVANCED_FACE('',(#1925),#1637,.T.);
#5358=ADVANCED_FACE('',(#1926),#1638,.F.);
#5359=ADVANCED_FACE('',(#1927),#1639,.T.);
#5360=ADVANCED_FACE('',(#1928),#1640,.T.);
#5361=ADVANCED_FACE('',(#1929),#1641,.F.);
#5362=ADVANCED_FACE('',(#1930),#1642,.F.);
#5363=ADVANCED_FACE('',(#1931),#1643,.T.);
#5364=ADVANCED_FACE('',(#1932),#1644,.T.);
#5365=ADVANCED_FACE('',(#1933),#92,.F.);
#5366=ADVANCED_FACE('',(#1934),#93,.F.);
#5367=ADVANCED_FACE('',(#1935),#1645,.T.);
#5368=ADVANCED_FACE('',(#1936),#94,.T.);
#5369=ADVANCED_FACE('',(#1937,#61,#62),#1646,.F.);
#5370=ADVANCED_FACE('',(#1938),#1647,.T.);
#5371=ADVANCED_FACE('',(#1939),#1648,.T.);
#5372=ADVANCED_FACE('',(#1940),#1649,.T.);
#5373=ADVANCED_FACE('',(#1941,#63,#64),#1650,.F.);
#5374=ADVANCED_FACE('',(#1942),#1651,.T.);
#5375=ADVANCED_FACE('',(#1943),#1652,.T.);
#5376=ADVANCED_FACE('',(#1944),#95,.T.);
#5377=ADVANCED_FACE('',(#1945),#1653,.T.);
#5378=ADVANCED_FACE('',(#1946),#1654,.T.);
#5379=ADVANCED_FACE('',(#1947),#1655,.T.);
#5380=ADVANCED_FACE('',(#1948),#1656,.T.);
#5381=ADVANCED_FACE('',(#1949),#96,.T.);
#5382=ADVANCED_FACE('',(#1950),#128,.T.);
#5383=ADVANCED_FACE('',(#1951),#97,.T.);
#5384=ADVANCED_FACE('',(#1952),#1657,.T.);
#5385=ADVANCED_FACE('',(#1953,#65),#1658,.T.);
#5386=ADVANCED_FACE('',(#1954),#1659,.T.);
#5387=ADVANCED_FACE('',(#1955),#1660,.F.);
#5388=ADVANCED_FACE('',(#1956),#1661,.F.);
#5389=ADVANCED_FACE('',(#1957),#1662,.F.);
#5390=ADVANCED_FACE('',(#1958),#1663,.F.);
#5391=ADVANCED_FACE('',(#1959),#1664,.F.);
#5392=ADVANCED_FACE('',(#1960),#1665,.F.);
#5393=ADVANCED_FACE('',(#1961,#66),#1666,.F.);
#5394=ADVANCED_FACE('',(#1962),#129,.F.);
#5395=ADVANCED_FACE('',(#1963),#130,.F.);
#5396=ADVANCED_FACE('',(#1964),#131,.F.);
#5397=ADVANCED_FACE('',(#1965),#132,.F.);
#5398=ADVANCED_FACE('',(#1966),#133,.F.);
#5399=ADVANCED_FACE('',(#1967),#134,.F.);
#5400=ADVANCED_FACE('',(#1968),#135,.T.);
#5401=ADVANCED_FACE('',(#1969),#98,.T.);
#5402=ADVANCED_FACE('',(#1970),#1667,.T.);
#5403=ADVANCED_FACE('',(#1971),#1668,.F.);
#5404=ADVANCED_FACE('',(#1972),#1669,.F.);
#5405=ADVANCED_FACE('',(#1973),#1670,.T.);
#5406=ADVANCED_FACE('',(#1974),#1671,.T.);
#5407=ADVANCED_FACE('',(#1975),#1672,.T.);
#5408=ADVANCED_FACE('',(#1976),#1673,.F.);
#5409=ADVANCED_FACE('',(#1977,#67),#1674,.F.);
#5410=ADVANCED_FACE('',(#1978),#1675,.T.);
#5411=ADVANCED_FACE('',(#1979),#1676,.T.);
#5412=ADVANCED_FACE('',(#1980),#1677,.T.);
#5413=ADVANCED_FACE('',(#1981),#99,.F.);
#5414=ADVANCED_FACE('',(#1982),#100,.F.);
#5415=ADVANCED_FACE('',(#1983),#101,.F.);
#5416=ADVANCED_FACE('',(#1984),#102,.F.);
#5417=ADVANCED_FACE('',(#1985),#11,.F.);
#5418=ADVANCED_FACE('',(#1986),#1678,.T.);
#5419=ADVANCED_FACE('',(#1987),#1679,.T.);
#5420=ADVANCED_FACE('',(#1988),#1680,.T.);
#5421=ADVANCED_FACE('',(#1989),#1681,.F.);
#5422=ADVANCED_FACE('',(#1990),#136,.F.);
#5423=ADVANCED_FACE('',(#1991),#137,.T.);
#5424=ADVANCED_FACE('',(#1992),#1682,.F.);
#5425=ADVANCED_FACE('',(#1993),#1683,.F.);
#5426=ADVANCED_FACE('',(#1994),#138,.F.);
#5427=ADVANCED_FACE('',(#1995),#139,.F.);
#5428=ADVANCED_FACE('',(#1996),#1684,.F.);
#5429=ADVANCED_FACE('',(#1997),#1685,.F.);
#5430=ADVANCED_FACE('',(#1998),#140,.F.);
#5431=ADVANCED_FACE('',(#1999),#141,.F.);
#5432=ADVANCED_FACE('',(#2000),#1686,.F.);
#5433=ADVANCED_FACE('',(#2001),#1687,.T.);
#5434=ADVANCED_FACE('',(#2002),#1688,.T.);
#5435=ADVANCED_FACE('',(#2003),#103,.F.);
#5436=ADVANCED_FACE('',(#2004),#1689,.F.);
#5437=ADVANCED_FACE('',(#2005),#1690,.F.);
#5438=ADVANCED_FACE('',(#2006),#1691,.T.);
#5439=ADVANCED_FACE('',(#2007),#1692,.T.);
#5440=ADVANCED_FACE('',(#2008),#1693,.F.);
#5441=ADVANCED_FACE('',(#2009),#1694,.T.);
#5442=ADVANCED_FACE('',(#2010),#1695,.T.);
#5443=ADVANCED_FACE('',(#2011),#1696,.F.);
#5444=ADVANCED_FACE('',(#2012),#1697,.F.);
#5445=ADVANCED_FACE('',(#2013),#1698,.F.);
#5446=ADVANCED_FACE('',(#2014),#1699,.F.);
#5447=ADVANCED_FACE('',(#2015),#1700,.T.);
#5448=ADVANCED_FACE('',(#2016),#1701,.T.);
#5449=ADVANCED_FACE('',(#2017),#1702,.T.);
#5450=ADVANCED_FACE('',(#2018),#1703,.T.);
#5451=ADVANCED_FACE('',(#2019),#1704,.T.);
#5452=ADVANCED_FACE('',(#2020),#1705,.T.);
#5453=ADVANCED_FACE('',(#2021),#1706,.T.);
#5454=ADVANCED_FACE('',(#2022),#1707,.F.);
#5455=ADVANCED_FACE('',(#2023),#1708,.T.);
#5456=ADVANCED_FACE('',(#2024),#1709,.F.);
#5457=ADVANCED_FACE('',(#2025),#1710,.F.);
#5458=ADVANCED_FACE('',(#2026),#1711,.F.);
#5459=ADVANCED_FACE('',(#2027),#1712,.T.);
#5460=ADVANCED_FACE('',(#2028),#1713,.T.);
#5461=ADVANCED_FACE('',(#2029),#1714,.F.);
#5462=ADVANCED_FACE('',(#2030),#1715,.T.);
#5463=ADVANCED_FACE('',(#2031),#1716,.F.);
#5464=ADVANCED_FACE('',(#2032),#1717,.T.);
#5465=ADVANCED_FACE('',(#2033),#1718,.F.);
#5466=ADVANCED_FACE('',(#2034),#1719,.T.);
#5467=ADVANCED_FACE('',(#2035),#142,.F.);
#5468=ADVANCED_FACE('',(#2036),#143,.F.);
#5469=ADVANCED_FACE('',(#2037),#1720,.T.);
#5470=ADVANCED_FACE('',(#2038),#1721,.F.);
#5471=ADVANCED_FACE('',(#2039),#144,.F.);
#5472=ADVANCED_FACE('',(#2040),#145,.F.);
#5473=ADVANCED_FACE('',(#2041),#1722,.T.);
#5474=ADVANCED_FACE('',(#2042),#1723,.F.);
#5475=ADVANCED_FACE('',(#2043),#1724,.F.);
#5476=ADVANCED_FACE('',(#2044),#1725,.F.);
#5477=ADVANCED_FACE('',(#2045),#1726,.T.);
#5478=ADVANCED_FACE('',(#2046),#1727,.F.);
#5479=ADVANCED_FACE('',(#2047),#1728,.F.);
#5480=ADVANCED_FACE('',(#2048),#1729,.F.);
#5481=ADVANCED_FACE('',(#2049),#1730,.F.);
#5482=ADVANCED_FACE('',(#2050),#1731,.T.);
#5483=ADVANCED_FACE('',(#2051,#68),#1732,.F.);
#5484=ADVANCED_FACE('',(#2052),#1733,.F.);
#5485=ADVANCED_FACE('',(#2053),#104,.F.);
#5486=ADVANCED_FACE('',(#2054),#1734,.F.);
#5487=ADVANCED_FACE('',(#2055),#105,.F.);
#5488=ADVANCED_FACE('',(#2056),#1735,.T.);
#5489=ADVANCED_FACE('',(#2057),#1736,.T.);
#5490=ADVANCED_FACE('',(#2058,#69),#1737,.F.);
#5491=ADVANCED_FACE('',(#2059,#70),#1738,.T.);
#5492=ADVANCED_FACE('',(#2060),#1739,.F.);
#5493=ADVANCED_FACE('',(#2061),#106,.F.);
#5494=ADVANCED_FACE('',(#2062),#1740,.T.);
#5495=ADVANCED_FACE('',(#2063),#107,.F.);
#5496=ADVANCED_FACE('',(#2064),#1741,.F.);
#5497=ADVANCED_FACE('',(#2065),#1742,.F.);
#5498=ADVANCED_FACE('',(#2066),#1743,.T.);
#5499=ADVANCED_FACE('',(#2067),#1744,.T.);
#5500=ADVANCED_FACE('',(#2068,#71),#1745,.T.);
#5501=ADVANCED_FACE('',(#2069,#72),#1746,.T.);
#5502=ADVANCED_FACE('',(#2070),#1747,.T.);
#5503=ADVANCED_FACE('',(#2071),#1748,.T.);
#5504=ADVANCED_FACE('',(#2072),#1749,.F.);
#5505=ADVANCED_FACE('',(#2073),#1750,.T.);
#5506=ADVANCED_FACE('',(#2074),#1751,.T.);
#5507=ADVANCED_FACE('',(#2075),#108,.F.);
#5508=ADVANCED_FACE('',(#2076),#109,.F.);
#5509=ADVANCED_FACE('',(#2077,#73),#1752,.T.);
#5510=ADVANCED_FACE('',(#2078),#1753,.T.);
#5511=ADVANCED_FACE('',(#2079),#1754,.F.);
#5512=ADVANCED_FACE('',(#2080),#1755,.F.);
#5513=ADVANCED_FACE('',(#2081),#1756,.F.);
#5514=CLOSED_SHELL('',(#5189,#5190,#5191,#5192,#5193,#5194,#5195,#5196,
#5197,#5198,#5199,#5200,#5201,#5202,#5203,#5204,#5205,#5206,#5207,#5208,
#5209,#5210,#5211,#5212,#5213,#5214,#5215,#5216,#5217,#5218,#5219,#5220,
#5221,#5222,#5223,#5224,#5225,#5226,#5227,#5228,#5229,#5230,#5231,#5232,
#5233,#5234,#5235,#5236,#5237,#5238,#5239,#5240,#5241,#5242,#5243,#5244,
#5245,#5246,#5247,#5248,#5249,#5250,#5251,#5252,#5253,#5254,#5255,#5256));
#5515=CLOSED_SHELL('',(#5257,#5258,#5259,#5260,#5261,#5262,#5263,#5264,
#5265,#5266,#5267,#5268,#5269,#5270,#5271,#5272,#5273,#5274,#5275,#5276,
#5277,#5278,#5279,#5280,#5281,#5282,#5283,#5284,#5285,#5286,#5287,#5288,
#5289,#5290,#5291,#5292,#5293,#5294,#5295,#5296,#5297,#5298,#5299,#5300,
#5301,#5302,#5303,#5304,#5305,#5306,#5307,#5308,#5309,#5310,#5311,#5312,
#5313,#5314,#5315,#5316,#5317,#5318,#5319,#5320,#5321,#5322,#5323,#5324,
#5325,#5326,#5327,#5328,#5329,#5330,#5331,#5332,#5333,#5334,#5335,#5336,
#5337,#5338,#5339,#5340,#5341,#5342,#5343,#5344,#5345,#5346,#5347,#5348,
#5349,#5350,#5351,#5352,#5353,#5354,#5355,#5356,#5357,#5358,#5359,#5360,
#5361,#5362,#5363,#5364,#5365,#5366,#5367,#5368,#5369,#5370,#5371,#5372,
#5373,#5374,#5375,#5376,#5377,#5378,#5379,#5380,#5381));
#5516=CLOSED_SHELL('',(#5382,#5383,#5384,#5385,#5386,#5387,#5388,#5389,
#5390,#5391,#5392,#5393,#5394,#5395,#5396,#5397,#5398,#5399,#5400,#5401));
#5517=CLOSED_SHELL('',(#5402,#5403,#5404,#5405,#5406));
#5518=CLOSED_SHELL('',(#5407,#5408,#5409,#5410,#5411,#5412,#5413,#5414,
#5415,#5416,#5417,#5418,#5419,#5420,#5421,#5422,#5423,#5424,#5425,#5426,
#5427,#5428,#5429,#5430,#5431,#5432,#5433,#5434,#5435,#5436,#5437,#5438,
#5439,#5440,#5441,#5442,#5443,#5444,#5445,#5446,#5447,#5448,#5449,#5450,
#5451,#5452,#5453,#5454,#5455,#5456,#5457,#5458,#5459,#5460,#5461,#5462,
#5463,#5464,#5465,#5466,#5467,#5468,#5469,#5470,#5471,#5472,#5473,#5474,
#5475,#5476,#5477,#5478,#5479,#5480,#5481,#5482,#5483,#5484,#5485,#5486,
#5487,#5488,#5489,#5490,#5491,#5492,#5493,#5494,#5495,#5496,#5497,#5498,
#5499,#5500,#5501,#5502,#5503,#5504,#5505,#5506,#5507,#5508,#5509,#5510,
#5511,#5512,#5513));
#5519=DERIVED_UNIT_ELEMENT(#5525,1.);
#5520=DERIVED_UNIT_ELEMENT(#9382,-3.);
#5521=DERIVED_UNIT_ELEMENT(#5525,1.);
#5522=DERIVED_UNIT_ELEMENT(#9382,-3.);
#5523=DERIVED_UNIT_ELEMENT(#5525,1.);
#5524=DERIVED_UNIT_ELEMENT(#9382,-3.);
#5525=(
MASS_UNIT()
NAMED_UNIT(*)
SI_UNIT(.KILO.,.GRAM.)
);
#5526=DERIVED_UNIT((#5519,#5520));
#5527=DERIVED_UNIT((#5521,#5522));
#5528=DERIVED_UNIT((#5523,#5524));
#5529=MEASURE_REPRESENTATION_ITEM('density measure',
POSITIVE_RATIO_MEASURE(7850.),#5526);
#5530=MEASURE_REPRESENTATION_ITEM('density measure',
POSITIVE_RATIO_MEASURE(7850.),#5527);
#5531=MEASURE_REPRESENTATION_ITEM('density measure',
POSITIVE_RATIO_MEASURE(7850.),#5528);
#5532=PROPERTY_DEFINITION_REPRESENTATION(#5547,#5538);
#5533=PROPERTY_DEFINITION_REPRESENTATION(#5548,#5539);
#5534=PROPERTY_DEFINITION_REPRESENTATION(#5549,#5540);
#5535=PROPERTY_DEFINITION_REPRESENTATION(#5550,#5541);
#5536=PROPERTY_DEFINITION_REPRESENTATION(#5551,#5542);
#5537=PROPERTY_DEFINITION_REPRESENTATION(#5552,#5543);
#5538=REPRESENTATION('material name',(#5544),#9376);
#5539=REPRESENTATION('density',(#5529),#9376);
#5540=REPRESENTATION('material name',(#5545),#9377);
#5541=REPRESENTATION('density',(#5530),#9377);
#5542=REPRESENTATION('material name',(#5546),#9379);
#5543=REPRESENTATION('density',(#5531),#9379);
#5544=DESCRIPTIVE_REPRESENTATION_ITEM('Steel','Steel');
#5545=DESCRIPTIVE_REPRESENTATION_ITEM('Steel','Steel');
#5546=DESCRIPTIVE_REPRESENTATION_ITEM('Steel','Steel');
#5547=PROPERTY_DEFINITION('material property','material name',#9407);
#5548=PROPERTY_DEFINITION('material property','density of part',#9407);
#5549=PROPERTY_DEFINITION('material property','material name',#9408);
#5550=PROPERTY_DEFINITION('material property','density of part',#9408);
#5551=PROPERTY_DEFINITION('material property','material name',#9410);
#5552=PROPERTY_DEFINITION('material property','density of part',#9410);
#5553=AXIS2_PLACEMENT_3D('',#7542,#6010,#6011);
#5554=AXIS2_PLACEMENT_3D('',#7543,#6012,#6013);
#5555=AXIS2_PLACEMENT_3D('',#7591,#6014,#6015);
#5556=AXIS2_PLACEMENT_3D('',#7705,#6021,#6022);
#5557=AXIS2_PLACEMENT_3D('',#7713,#6027,#6028);
#5558=AXIS2_PLACEMENT_3D('',#7721,#6033,#6034);
#5559=AXIS2_PLACEMENT_3D('',#7727,#6038,#6039);
#5560=AXIS2_PLACEMENT_3D('',#7735,#6044,#6045);
#5561=AXIS2_PLACEMENT_3D('',#7744,#6050,#6051);
#5562=AXIS2_PLACEMENT_3D('',#7753,#6056,#6057);
#5563=AXIS2_PLACEMENT_3D('',#7762,#6062,#6063);
#5564=AXIS2_PLACEMENT_3D('',#7771,#6068,#6069);
#5565=AXIS2_PLACEMENT_3D('',#7774,#6072,#6073);
#5566=AXIS2_PLACEMENT_3D('',#7777,#6076,#6077);
#5567=AXIS2_PLACEMENT_3D('',#7780,#6080,#6081);
#5568=AXIS2_PLACEMENT_3D('',#7783,#6084,#6085);
#5569=AXIS2_PLACEMENT_3D('',#7789,#6089,#6090);
#5570=AXIS2_PLACEMENT_3D('',#7792,#6093,#6094);
#5571=AXIS2_PLACEMENT_3D('',#7796,#6096,#6097);
#5572=AXIS2_PLACEMENT_3D('',#7800,#6099,#6100);
#5573=AXIS2_PLACEMENT_3D('',#7804,#6102,#6103);
#5574=AXIS2_PLACEMENT_3D('',#7808,#6105,#6106);
#5575=AXIS2_PLACEMENT_3D('',#7810,#6108,#6109);
#5576=AXIS2_PLACEMENT_3D('',#7816,#6113,#6114);
#5577=AXIS2_PLACEMENT_3D('',#7821,#6117,#6118);
#5578=AXIS2_PLACEMENT_3D('',#7822,#6119,#6120);
#5579=AXIS2_PLACEMENT_3D('',#7826,#6123,#6124);
#5580=AXIS2_PLACEMENT_3D('',#7832,#6128,#6129);
#5581=AXIS2_PLACEMENT_3D('',#7836,#6132,#6133);
#5582=AXIS2_PLACEMENT_3D('',#7842,#6137,#6138);
#5583=AXIS2_PLACEMENT_3D('',#7850,#6143,#6144);
#5584=AXIS2_PLACEMENT_3D('',#7856,#6148,#6149);
#5585=AXIS2_PLACEMENT_3D('',#7858,#6150,#6151);
#5586=AXIS2_PLACEMENT_3D('',#7861,#6153,#6154);
#5587=AXIS2_PLACEMENT_3D('',#7862,#6155,#6156);
#5588=AXIS2_PLACEMENT_3D('',#7863,#6157,#6158);
#5589=AXIS2_PLACEMENT_3D('',#7865,#6159,#6160);
#5590=AXIS2_PLACEMENT_3D('',#7867,#6162,#6163);
#5591=AXIS2_PLACEMENT_3D('',#7876,#6168,#6169);
#5592=AXIS2_PLACEMENT_3D('',#7880,#6171,#6172);
#5593=AXIS2_PLACEMENT_3D('',#7881,#6173,#6174);
#5594=AXIS2_PLACEMENT_3D('',#7882,#6175,#6176);
#5595=AXIS2_PLACEMENT_3D('',#7888,#6180,#6181);
#5596=AXIS2_PLACEMENT_3D('',#7892,#6184,#6185);
#5597=AXIS2_PLACEMENT_3D('',#7895,#6187,#6188);
#5598=AXIS2_PLACEMENT_3D('',#7896,#6189,#6190);
#5599=AXIS2_PLACEMENT_3D('',#7898,#6192,#6193);
#5600=AXIS2_PLACEMENT_3D('',#7907,#6198,#6199);
#5601=AXIS2_PLACEMENT_3D('',#7911,#6201,#6202);
#5602=AXIS2_PLACEMENT_3D('',#7912,#6203,#6204);
#5603=AXIS2_PLACEMENT_3D('',#7913,#6205,#6206);
#5604=AXIS2_PLACEMENT_3D('',#7919,#6210,#6211);
#5605=AXIS2_PLACEMENT_3D('',#7923,#6213,#6214);
#5606=AXIS2_PLACEMENT_3D('',#7924,#6215,#6216);
#5607=AXIS2_PLACEMENT_3D('',#7925,#6217,#6218);
#5608=AXIS2_PLACEMENT_3D('',#7931,#6222,#6223);
#5609=AXIS2_PLACEMENT_3D('',#7935,#6225,#6226);
#5610=AXIS2_PLACEMENT_3D('',#7936,#6227,#6228);
#5611=AXIS2_PLACEMENT_3D('',#7937,#6229,#6230);
#5612=AXIS2_PLACEMENT_3D('',#7943,#6234,#6235);
#5613=AXIS2_PLACEMENT_3D('',#7944,#6236,#6237);
#5614=AXIS2_PLACEMENT_3D('',#7945,#6238,#6239);
#5615=AXIS2_PLACEMENT_3D('',#7946,#6240,#6241);
#5616=AXIS2_PLACEMENT_3D('',#7949,#6244,#6245);
#5617=AXIS2_PLACEMENT_3D('',#7951,#6247,#6248);
#5618=AXIS2_PLACEMENT_3D('',#7953,#6250,#6251);
#5619=AXIS2_PLACEMENT_3D('',#7955,#6253,#6254);
#5620=AXIS2_PLACEMENT_3D('',#7956,#6255,#6256);
#5621=AXIS2_PLACEMENT_3D('',#7959,#6259,#6260);
#5622=AXIS2_PLACEMENT_3D('',#7962,#6263,#6264);
#5623=AXIS2_PLACEMENT_3D('',#7963,#6265,#6266);
#5624=AXIS2_PLACEMENT_3D('',#7966,#6268,#6269);
#5625=AXIS2_PLACEMENT_3D('',#7967,#6270,#6271);
#5626=AXIS2_PLACEMENT_3D('',#7971,#6274,#6275);
#5627=AXIS2_PLACEMENT_3D('',#7986,#6281,#6282);
#5628=AXIS2_PLACEMENT_3D('',#7987,#6283,#6284);
#5629=AXIS2_PLACEMENT_3D('',#7988,#6285,#6286);
#5630=AXIS2_PLACEMENT_3D('',#7996,#6291,#6292);
#5631=AXIS2_PLACEMENT_3D('',#8003,#6297,#6298);
#5632=AXIS2_PLACEMENT_3D('',#8005,#6300,#6301);
#5633=AXIS2_PLACEMENT_3D('',#8006,#6302,#6303);
#5634=AXIS2_PLACEMENT_3D('',#8012,#6305,#6306);
#5635=AXIS2_PLACEMENT_3D('',#8014,#6308,#6309);
#5636=AXIS2_PLACEMENT_3D('',#8015,#6310,#6311);
#5637=AXIS2_PLACEMENT_3D('',#8070,#6312,#6313);
#5638=AXIS2_PLACEMENT_3D('',#8071,#6314,#6315);
#5639=AXIS2_PLACEMENT_3D('',#8072,#6316,#6317);
#5640=AXIS2_PLACEMENT_3D('',#8073,#6318,#6319);
#5641=AXIS2_PLACEMENT_3D('',#8075,#6321,#6322);
#5642=AXIS2_PLACEMENT_3D('',#8076,#6323,#6324);
#5643=AXIS2_PLACEMENT_3D('',#8077,#6325,#6326);
#5644=AXIS2_PLACEMENT_3D('',#8078,#6327,#6328);
#5645=AXIS2_PLACEMENT_3D('',#8087,#6333,#6334);
#5646=AXIS2_PLACEMENT_3D('',#8093,#6338,#6339);
#5647=AXIS2_PLACEMENT_3D('',#8102,#6344,#6345);
#5648=AXIS2_PLACEMENT_3D('',#8108,#6349,#6350);
#5649=AXIS2_PLACEMENT_3D('',#8117,#6355,#6356);
#5650=AXIS2_PLACEMENT_3D('',#8123,#6360,#6361);
#5651=AXIS2_PLACEMENT_3D('',#8129,#6365,#6366);
#5652=AXIS2_PLACEMENT_3D('',#8135,#6370,#6371);
#5653=AXIS2_PLACEMENT_3D('',#8138,#6374,#6375);
#5654=AXIS2_PLACEMENT_3D('',#8141,#6378,#6379);
#5655=AXIS2_PLACEMENT_3D('',#8147,#6383,#6384);
#5656=AXIS2_PLACEMENT_3D('',#8151,#6387,#6388);
#5657=AXIS2_PLACEMENT_3D('',#8155,#6391,#6392);
#5658=AXIS2_PLACEMENT_3D('',#8159,#6395,#6396);
#5659=AXIS2_PLACEMENT_3D('',#8165,#6399,#6400);
#5660=AXIS2_PLACEMENT_3D('',#8169,#6402,#6403);
#5661=AXIS2_PLACEMENT_3D('',#8173,#6406,#6407);
#5662=AXIS2_PLACEMENT_3D('',#8180,#6411,#6412);
#5663=AXIS2_PLACEMENT_3D('',#8187,#6416,#6417);
#5664=AXIS2_PLACEMENT_3D('',#8190,#6420,#6421);
#5665=AXIS2_PLACEMENT_3D('',#8196,#6425,#6426);
#5666=AXIS2_PLACEMENT_3D('',#8202,#6430,#6431);
#5667=AXIS2_PLACEMENT_3D('',#8204,#6433,#6434);
#5668=AXIS2_PLACEMENT_3D('',#8206,#6436,#6437);
#5669=AXIS2_PLACEMENT_3D('',#8209,#6440,#6441);
#5670=AXIS2_PLACEMENT_3D('',#8212,#6444,#6445);
#5671=AXIS2_PLACEMENT_3D('',#8214,#6447,#6448);
#5672=AXIS2_PLACEMENT_3D('',#8220,#6452,#6453);
#5673=AXIS2_PLACEMENT_3D('',#8226,#6457,#6458);
#5674=AXIS2_PLACEMENT_3D('',#8234,#6463,#6464);
#5675=AXIS2_PLACEMENT_3D('',#8235,#6465,#6466);
#5676=AXIS2_PLACEMENT_3D('',#8244,#6471,#6472);
#5677=AXIS2_PLACEMENT_3D('',#8250,#6476,#6477);
#5678=AXIS2_PLACEMENT_3D('',#8256,#6481,#6482);
#5679=AXIS2_PLACEMENT_3D('',#8262,#6486,#6487);
#5680=AXIS2_PLACEMENT_3D('',#8268,#6491,#6492);
#5681=AXIS2_PLACEMENT_3D('',#8274,#6496,#6497);
#5682=AXIS2_PLACEMENT_3D('',#8280,#6501,#6502);
#5683=AXIS2_PLACEMENT_3D('',#8283,#6505,#6506);
#5684=AXIS2_PLACEMENT_3D('',#8289,#6510,#6511);
#5685=AXIS2_PLACEMENT_3D('',#8293,#6514,#6515);
#5686=AXIS2_PLACEMENT_3D('',#8297,#6518,#6519);
#5687=AXIS2_PLACEMENT_3D('',#8301,#6522,#6523);
#5688=AXIS2_PLACEMENT_3D('',#8306,#6526,#6527);
#5689=AXIS2_PLACEMENT_3D('',#8309,#6529,#6530);
#5690=AXIS2_PLACEMENT_3D('',#8310,#6531,#6532);
#5691=AXIS2_PLACEMENT_3D('',#8319,#6537,#6538);
#5692=AXIS2_PLACEMENT_3D('',#8324,#6540,#6541);
#5693=AXIS2_PLACEMENT_3D('',#8327,#6543,#6544);
#5694=AXIS2_PLACEMENT_3D('',#8328,#6545,#6546);
#5695=AXIS2_PLACEMENT_3D('',#8333,#6550,#6551);
#5696=AXIS2_PLACEMENT_3D('',#8338,#6555,#6556);
#5697=AXIS2_PLACEMENT_3D('',#8339,#6557,#6558);
#5698=AXIS2_PLACEMENT_3D('',#8340,#6559,#6560);
#5699=AXIS2_PLACEMENT_3D('',#8341,#6561,#6562);
#5700=AXIS2_PLACEMENT_3D('',#8342,#6563,#6564);
#5701=AXIS2_PLACEMENT_3D('',#8346,#6566,#6567);
#5702=AXIS2_PLACEMENT_3D('',#8348,#6569,#6570);
#5703=AXIS2_PLACEMENT_3D('',#8352,#6573,#6574);
#5704=AXIS2_PLACEMENT_3D('',#8355,#6576,#6577);
#5705=AXIS2_PLACEMENT_3D('',#8356,#6578,#6579);
#5706=AXIS2_PLACEMENT_3D('',#8357,#6580,#6581);
#5707=AXIS2_PLACEMENT_3D('',#8366,#6586,#6587);
#5708=AXIS2_PLACEMENT_3D('',#8374,#6592,#6593);
#5709=AXIS2_PLACEMENT_3D('',#8382,#6598,#6599);
#5710=AXIS2_PLACEMENT_3D('',#8383,#6600,#6601);
#5711=AXIS2_PLACEMENT_3D('',#8384,#6602,#6603);
#5712=AXIS2_PLACEMENT_3D('',#8385,#6604,#6605);
#5713=AXIS2_PLACEMENT_3D('',#8386,#6606,#6607);
#5714=AXIS2_PLACEMENT_3D('',#8387,#6608,#6609);
#5715=AXIS2_PLACEMENT_3D('',#8388,#6610,#6611);
#5716=AXIS2_PLACEMENT_3D('',#8389,#6612,#6613);
#5717=AXIS2_PLACEMENT_3D('',#8395,#6617,#6618);
#5718=AXIS2_PLACEMENT_3D('',#8398,#6620,#6621);
#5719=AXIS2_PLACEMENT_3D('',#8399,#6622,#6623);
#5720=AXIS2_PLACEMENT_3D('',#8403,#6626,#6627);
#5721=AXIS2_PLACEMENT_3D('',#8404,#6628,#6629);
#5722=AXIS2_PLACEMENT_3D('',#8408,#6632,#6633);
#5723=AXIS2_PLACEMENT_3D('',#8410,#6634,#6635);
#5724=AXIS2_PLACEMENT_3D('',#8412,#6637,#6638);
#5725=AXIS2_PLACEMENT_3D('',#8414,#6640,#6641);
#5726=AXIS2_PLACEMENT_3D('',#8416,#6642,#6643);
#5727=AXIS2_PLACEMENT_3D('',#8418,#6645,#6646);
#5728=AXIS2_PLACEMENT_3D('',#8422,#6649,#6650);
#5729=AXIS2_PLACEMENT_3D('',#8424,#6651,#6652);
#5730=AXIS2_PLACEMENT_3D('',#8428,#6654,#6655);
#5731=AXIS2_PLACEMENT_3D('',#8429,#6656,#6657);
#5732=AXIS2_PLACEMENT_3D('',#8430,#6658,#6659);
#5733=AXIS2_PLACEMENT_3D('',#8435,#6661,#6662);
#5734=AXIS2_PLACEMENT_3D('',#8439,#6664,#6665);
#5735=AXIS2_PLACEMENT_3D('',#8443,#6667,#6668);
#5736=AXIS2_PLACEMENT_3D('',#8446,#6670,#6671);
#5737=AXIS2_PLACEMENT_3D('',#8448,#6672,#6673);
#5738=AXIS2_PLACEMENT_3D('',#8449,#6674,#6675);
#5739=AXIS2_PLACEMENT_3D('',#8452,#6676,#6677);
#5740=AXIS2_PLACEMENT_3D('',#8456,#6679,#6680);
#5741=AXIS2_PLACEMENT_3D('',#8459,#6682,#6683);
#5742=AXIS2_PLACEMENT_3D('',#8463,#6685,#6686);
#5743=AXIS2_PLACEMENT_3D('',#8467,#6688,#6689);
#5744=AXIS2_PLACEMENT_3D('',#8469,#6691,#6692);
#5745=AXIS2_PLACEMENT_3D('',#8473,#6694,#6695);
#5746=AXIS2_PLACEMENT_3D('',#8474,#6696,#6697);
#5747=AXIS2_PLACEMENT_3D('',#8475,#6698,#6699);
#5748=AXIS2_PLACEMENT_3D('',#8478,#6700,#6701);
#5749=AXIS2_PLACEMENT_3D('',#8482,#6703,#6704);
#5750=AXIS2_PLACEMENT_3D('',#8485,#6706,#6707);
#5751=AXIS2_PLACEMENT_3D('',#8489,#6709,#6710);
#5752=AXIS2_PLACEMENT_3D('',#8493,#6712,#6713);
#5753=AXIS2_PLACEMENT_3D('',#8495,#6715,#6716);
#5754=AXIS2_PLACEMENT_3D('',#8501,#6720,#6721);
#5755=AXIS2_PLACEMENT_3D('',#8504,#6723,#6724);
#5756=AXIS2_PLACEMENT_3D('',#8505,#6725,#6726);
#5757=AXIS2_PLACEMENT_3D('',#8509,#6729,#6730);
#5758=AXIS2_PLACEMENT_3D('',#8511,#6732,#6733);
#5759=AXIS2_PLACEMENT_3D('',#8512,#6734,#6735);
#5760=AXIS2_PLACEMENT_3D('',#8514,#6737,#6738);
#5761=AXIS2_PLACEMENT_3D('',#8517,#6740,#6741);
#5762=AXIS2_PLACEMENT_3D('',#8518,#6742,#6743);
#5763=AXIS2_PLACEMENT_3D('',#8522,#6746,#6747);
#5764=AXIS2_PLACEMENT_3D('',#8523,#6748,#6749);
#5765=AXIS2_PLACEMENT_3D('',#8524,#6750,#6751);
#5766=AXIS2_PLACEMENT_3D('',#8526,#6753,#6754);
#5767=AXIS2_PLACEMENT_3D('',#8528,#6756,#6757);
#5768=AXIS2_PLACEMENT_3D('',#8530,#6759,#6760);
#5769=AXIS2_PLACEMENT_3D('',#8532,#6762,#6763);
#5770=AXIS2_PLACEMENT_3D('',#8538,#6767,#6768);
#5771=AXIS2_PLACEMENT_3D('',#8544,#6772,#6773);
#5772=AXIS2_PLACEMENT_3D('',#8550,#6777,#6778);
#5773=AXIS2_PLACEMENT_3D('',#8556,#6782,#6783);
#5774=AXIS2_PLACEMENT_3D('',#8564,#6788,#6789);
#5775=AXIS2_PLACEMENT_3D('',#8566,#6791,#6792);
#5776=AXIS2_PLACEMENT_3D('',#8568,#6794,#6795);
#5777=AXIS2_PLACEMENT_3D('',#8570,#6797,#6798);
#5778=AXIS2_PLACEMENT_3D('',#8578,#6803,#6804);
#5779=AXIS2_PLACEMENT_3D('',#8581,#6806,#6807);
#5780=AXIS2_PLACEMENT_3D('',#8582,#6808,#6809);
#5781=AXIS2_PLACEMENT_3D('',#8589,#6814,#6815);
#5782=AXIS2_PLACEMENT_3D('',#8590,#6816,#6817);
#5783=AXIS2_PLACEMENT_3D('',#8591,#6818,#6819);
#5784=AXIS2_PLACEMENT_3D('',#8597,#6823,#6824);
#5785=AXIS2_PLACEMENT_3D('',#8598,#6825,#6826);
#5786=AXIS2_PLACEMENT_3D('',#8599,#6827,#6828);
#5787=AXIS2_PLACEMENT_3D('',#8601,#6830,#6831);
#5788=AXIS2_PLACEMENT_3D('',#8602,#6832,#6833);
#5789=AXIS2_PLACEMENT_3D('',#8603,#6834,#6835);
#5790=AXIS2_PLACEMENT_3D('',#8605,#6836,#6837);
#5791=AXIS2_PLACEMENT_3D('',#8607,#6839,#6840);
#5792=AXIS2_PLACEMENT_3D('',#8613,#6844,#6845);
#5793=AXIS2_PLACEMENT_3D('',#8614,#6846,#6847);
#5794=AXIS2_PLACEMENT_3D('',#8615,#6848,#6849);
#5795=AXIS2_PLACEMENT_3D('',#8618,#6851,#6852);
#5796=AXIS2_PLACEMENT_3D('',#8619,#6853,#6854);
#5797=AXIS2_PLACEMENT_3D('',#8623,#6857,#6858);
#5798=AXIS2_PLACEMENT_3D('',#8625,#6860,#6861);
#5799=AXIS2_PLACEMENT_3D('',#8626,#6862,#6863);
#5800=AXIS2_PLACEMENT_3D('',#8627,#6864,#6865);
#5801=AXIS2_PLACEMENT_3D('',#8628,#6866,#6867);
#5802=AXIS2_PLACEMENT_3D('',#8630,#6868,#6869);
#5803=AXIS2_PLACEMENT_3D('',#8632,#6871,#6872);
#5804=AXIS2_PLACEMENT_3D('',#8634,#6873,#6874);
#5805=AXIS2_PLACEMENT_3D('',#8636,#6876,#6877);
#5806=AXIS2_PLACEMENT_3D('',#8637,#6878,#6879);
#5807=AXIS2_PLACEMENT_3D('',#8638,#6880,#6881);
#5808=AXIS2_PLACEMENT_3D('',#8639,#6882,#6883);
#5809=AXIS2_PLACEMENT_3D('',#8647,#6888,#6889);
#5810=AXIS2_PLACEMENT_3D('',#8649,#6891,#6892);
#5811=AXIS2_PLACEMENT_3D('',#8651,#6894,#6895);
#5812=AXIS2_PLACEMENT_3D('',#8653,#6897,#6898);
#5813=AXIS2_PLACEMENT_3D('',#8661,#6903,#6904);
#5814=AXIS2_PLACEMENT_3D('',#8663,#6906,#6907);
#5815=AXIS2_PLACEMENT_3D('',#8665,#6909,#6910);
#5816=AXIS2_PLACEMENT_3D('',#8667,#6912,#6913);
#5817=AXIS2_PLACEMENT_3D('',#8669,#6915,#6916);
#5818=AXIS2_PLACEMENT_3D('',#8671,#6918,#6919);
#5819=AXIS2_PLACEMENT_3D('',#8672,#6920,#6921);
#5820=AXIS2_PLACEMENT_3D('',#8673,#6922,#6923);
#5821=AXIS2_PLACEMENT_3D('',#8674,#6924,#6925);
#5822=AXIS2_PLACEMENT_3D('',#8675,#6926,#6927);
#5823=AXIS2_PLACEMENT_3D('',#8676,#6928,#6929);
#5824=AXIS2_PLACEMENT_3D('',#8678,#6930,#6931);
#5825=AXIS2_PLACEMENT_3D('',#8681,#6933,#6934);
#5826=AXIS2_PLACEMENT_3D('',#8682,#6935,#6936);
#5827=AXIS2_PLACEMENT_3D('',#8685,#6938,#6939);
#5828=AXIS2_PLACEMENT_3D('',#8686,#6940,#6941);
#5829=AXIS2_PLACEMENT_3D('',#8687,#6942,#6943);
#5830=AXIS2_PLACEMENT_3D('',#8689,#6944,#6945);
#5831=AXIS2_PLACEMENT_3D('',#8692,#6946,#6947);
#5832=AXIS2_PLACEMENT_3D('',#8694,#6948,#6949);
#5833=AXIS2_PLACEMENT_3D('',#8696,#6950,#6951);
#5834=AXIS2_PLACEMENT_3D('',#8698,#6952,#6953);
#5835=AXIS2_PLACEMENT_3D('',#8700,#6954,#6955);
#5836=AXIS2_PLACEMENT_3D('',#8701,#6956,#6957);
#5837=AXIS2_PLACEMENT_3D('',#8702,#6958,#6959);
#5838=AXIS2_PLACEMENT_3D('',#8715,#6966,#6967);
#5839=AXIS2_PLACEMENT_3D('',#8721,#6970,#6971);
#5840=AXIS2_PLACEMENT_3D('',#8726,#6973,#6974);
#5841=AXIS2_PLACEMENT_3D('',#8731,#6976,#6977);
#5842=AXIS2_PLACEMENT_3D('',#8736,#6979,#6980);
#5843=AXIS2_PLACEMENT_3D('',#8741,#6982,#6983);
#5844=AXIS2_PLACEMENT_3D('',#8745,#6984,#6985);
#5845=AXIS2_PLACEMENT_3D('',#8747,#6986,#6987);
#5846=AXIS2_PLACEMENT_3D('',#8748,#6988,#6989);
#5847=AXIS2_PLACEMENT_3D('',#8749,#6990,#6991);
#5848=AXIS2_PLACEMENT_3D('',#8750,#6992,#6993);
#5849=AXIS2_PLACEMENT_3D('',#8751,#6994,#6995);
#5850=AXIS2_PLACEMENT_3D('',#8752,#6996,#6997);
#5851=AXIS2_PLACEMENT_3D('',#8753,#6998,#6999);
#5852=AXIS2_PLACEMENT_3D('',#8754,#7000,#7001);
#5853=AXIS2_PLACEMENT_3D('',#8756,#7002,#7003);
#5854=AXIS2_PLACEMENT_3D('',#8758,#7005,#7006);
#5855=AXIS2_PLACEMENT_3D('',#8760,#7008,#7009);
#5856=AXIS2_PLACEMENT_3D('',#8761,#7010,#7011);
#5857=AXIS2_PLACEMENT_3D('',#8762,#7012,#7013);
#5858=AXIS2_PLACEMENT_3D('',#8771,#7018,#7019);
#5859=AXIS2_PLACEMENT_3D('',#8775,#7022,#7023);
#5860=AXIS2_PLACEMENT_3D('',#8779,#7026,#7027);
#5861=AXIS2_PLACEMENT_3D('',#8781,#7029,#7030);
#5862=AXIS2_PLACEMENT_3D('',#8782,#7031,#7032);
#5863=AXIS2_PLACEMENT_3D('',#8791,#7037,#7038);
#5864=AXIS2_PLACEMENT_3D('',#8797,#7042,#7043);
#5865=AXIS2_PLACEMENT_3D('',#8816,#7052,#7053);
#5866=AXIS2_PLACEMENT_3D('',#8818,#7055,#7056);
#5867=AXIS2_PLACEMENT_3D('',#8822,#7059,#7060);
#5868=AXIS2_PLACEMENT_3D('',#8826,#7063,#7064);
#5869=AXIS2_PLACEMENT_3D('',#8827,#7065,#7066);
#5870=AXIS2_PLACEMENT_3D('',#8828,#7067,#7068);
#5871=AXIS2_PLACEMENT_3D('',#8829,#7069,#7070);
#5872=AXIS2_PLACEMENT_3D('',#8831,#7071,#7072);
#5873=AXIS2_PLACEMENT_3D('',#8834,#7074,#7075);
#5874=AXIS2_PLACEMENT_3D('',#8835,#7076,#7077);
#5875=AXIS2_PLACEMENT_3D('',#8838,#7078,#7079);
#5876=AXIS2_PLACEMENT_3D('',#8842,#7081,#7082);
#5877=AXIS2_PLACEMENT_3D('',#8853,#7084,#7085);
#5878=AXIS2_PLACEMENT_3D('',#8856,#7086,#7087);
#5879=AXIS2_PLACEMENT_3D('',#8860,#7089,#7090);
#5880=AXIS2_PLACEMENT_3D('',#8881,#7092,#7093);
#5881=AXIS2_PLACEMENT_3D('',#8923,#7095,#7096);
#5882=AXIS2_PLACEMENT_3D('',#8925,#7098,#7099);
#5883=AXIS2_PLACEMENT_3D('',#8928,#7102,#7103);
#5884=AXIS2_PLACEMENT_3D('',#8929,#7104,#7105);
#5885=AXIS2_PLACEMENT_3D('',#8938,#7110,#7111);
#5886=AXIS2_PLACEMENT_3D('',#8942,#7113,#7114);
#5887=AXIS2_PLACEMENT_3D('',#8943,#7115,#7116);
#5888=AXIS2_PLACEMENT_3D('',#8944,#7117,#7118);
#5889=AXIS2_PLACEMENT_3D('',#8948,#7120,#7121);
#5890=AXIS2_PLACEMENT_3D('',#8949,#7122,#7123);
#5891=AXIS2_PLACEMENT_3D('',#8950,#7124,#7125);
#5892=AXIS2_PLACEMENT_3D('',#8956,#7129,#7130);
#5893=AXIS2_PLACEMENT_3D('',#8962,#7134,#7135);
#5894=AXIS2_PLACEMENT_3D('',#8966,#7137,#7138);
#5895=AXIS2_PLACEMENT_3D('',#8967,#7139,#7140);
#5896=AXIS2_PLACEMENT_3D('',#8968,#7141,#7142);
#5897=AXIS2_PLACEMENT_3D('',#8972,#7144,#7145);
#5898=AXIS2_PLACEMENT_3D('',#8973,#7146,#7147);
#5899=AXIS2_PLACEMENT_3D('',#8974,#7148,#7149);
#5900=AXIS2_PLACEMENT_3D('',#8980,#7153,#7154);
#5901=AXIS2_PLACEMENT_3D('',#8986,#7158,#7159);
#5902=AXIS2_PLACEMENT_3D('',#8990,#7161,#7162);
#5903=AXIS2_PLACEMENT_3D('',#8991,#7163,#7164);
#5904=AXIS2_PLACEMENT_3D('',#8992,#7165,#7166);
#5905=AXIS2_PLACEMENT_3D('',#8996,#7168,#7169);
#5906=AXIS2_PLACEMENT_3D('',#8997,#7170,#7171);
#5907=AXIS2_PLACEMENT_3D('',#8998,#7172,#7173);
#5908=AXIS2_PLACEMENT_3D('',#9001,#7176,#7177);
#5909=AXIS2_PLACEMENT_3D('',#9002,#7178,#7179);
#5910=AXIS2_PLACEMENT_3D('',#9009,#7183,#7184);
#5911=AXIS2_PLACEMENT_3D('',#9014,#7186,#7187);
#5912=AXIS2_PLACEMENT_3D('',#9017,#7189,#7190);
#5913=AXIS2_PLACEMENT_3D('',#9018,#7191,#7192);
#5914=AXIS2_PLACEMENT_3D('',#9027,#7197,#7198);
#5915=AXIS2_PLACEMENT_3D('',#9033,#7202,#7203);
#5916=AXIS2_PLACEMENT_3D('',#9039,#7207,#7208);
#5917=AXIS2_PLACEMENT_3D('',#9048,#7213,#7214);
#5918=AXIS2_PLACEMENT_3D('',#9054,#7218,#7219);
#5919=AXIS2_PLACEMENT_3D('',#9060,#7223,#7224);
#5920=AXIS2_PLACEMENT_3D('',#9069,#7229,#7230);
#5921=AXIS2_PLACEMENT_3D('',#9075,#7234,#7235);
#5922=AXIS2_PLACEMENT_3D('',#9081,#7239,#7240);
#5923=AXIS2_PLACEMENT_3D('',#9087,#7244,#7245);
#5924=AXIS2_PLACEMENT_3D('',#9093,#7249,#7250);
#5925=AXIS2_PLACEMENT_3D('',#9099,#7254,#7255);
#5926=AXIS2_PLACEMENT_3D('',#9105,#7259,#7260);
#5927=AXIS2_PLACEMENT_3D('',#9108,#7263,#7264);
#5928=AXIS2_PLACEMENT_3D('',#9117,#7269,#7270);
#5929=AXIS2_PLACEMENT_3D('',#9123,#7274,#7275);
#5930=AXIS2_PLACEMENT_3D('',#9129,#7279,#7280);
#5931=AXIS2_PLACEMENT_3D('',#9135,#7284,#7285);
#5932=AXIS2_PLACEMENT_3D('',#9141,#7289,#7290);
#5933=AXIS2_PLACEMENT_3D('',#9147,#7294,#7295);
#5934=AXIS2_PLACEMENT_3D('',#9153,#7299,#7300);
#5935=AXIS2_PLACEMENT_3D('',#9156,#7303,#7304);
#5936=AXIS2_PLACEMENT_3D('',#9161,#7308,#7309);
#5937=AXIS2_PLACEMENT_3D('',#9166,#7313,#7314);
#5938=AXIS2_PLACEMENT_3D('',#9172,#7318,#7319);
#5939=AXIS2_PLACEMENT_3D('',#9178,#7323,#7324);
#5940=AXIS2_PLACEMENT_3D('',#9184,#7328,#7329);
#5941=AXIS2_PLACEMENT_3D('',#9187,#7332,#7333);
#5942=AXIS2_PLACEMENT_3D('',#9190,#7336,#7337);
#5943=AXIS2_PLACEMENT_3D('',#9196,#7341,#7342);
#5944=AXIS2_PLACEMENT_3D('',#9205,#7347,#7348);
#5945=AXIS2_PLACEMENT_3D('',#9209,#7350,#7351);
#5946=AXIS2_PLACEMENT_3D('',#9210,#7352,#7353);
#5947=AXIS2_PLACEMENT_3D('',#9211,#7354,#7355);
#5948=AXIS2_PLACEMENT_3D('',#9215,#7357,#7358);
#5949=AXIS2_PLACEMENT_3D('',#9216,#7359,#7360);
#5950=AXIS2_PLACEMENT_3D('',#9217,#7361,#7362);
#5951=AXIS2_PLACEMENT_3D('',#9220,#7365,#7366);
#5952=AXIS2_PLACEMENT_3D('',#9229,#7371,#7372);
#5953=AXIS2_PLACEMENT_3D('',#9233,#7374,#7375);
#5954=AXIS2_PLACEMENT_3D('',#9234,#7376,#7377);
#5955=AXIS2_PLACEMENT_3D('',#9235,#7378,#7379);
#5956=AXIS2_PLACEMENT_3D('',#9239,#7381,#7382);
#5957=AXIS2_PLACEMENT_3D('',#9240,#7383,#7384);
#5958=AXIS2_PLACEMENT_3D('',#9241,#7385,#7386);
#5959=AXIS2_PLACEMENT_3D('',#9244,#7389,#7390);
#5960=AXIS2_PLACEMENT_3D('',#9249,#7394,#7395);
#5961=AXIS2_PLACEMENT_3D('',#9255,#7399,#7400);
#5962=AXIS2_PLACEMENT_3D('',#9260,#7404,#7405);
#5963=AXIS2_PLACEMENT_3D('',#9265,#7409,#7410);
#5964=AXIS2_PLACEMENT_3D('',#9269,#7413,#7414);
#5965=AXIS2_PLACEMENT_3D('',#9272,#7417,#7418);
#5966=AXIS2_PLACEMENT_3D('',#9274,#7420,#7421);
#5967=AXIS2_PLACEMENT_3D('',#9276,#7423,#7424);
#5968=AXIS2_PLACEMENT_3D('',#9278,#7425,#7426);
#5969=AXIS2_PLACEMENT_3D('',#9279,#7427,#7428);
#5970=AXIS2_PLACEMENT_3D('',#9284,#7430,#7431);
#5971=AXIS2_PLACEMENT_3D('',#9287,#7433,#7434);
#5972=AXIS2_PLACEMENT_3D('',#9289,#7435,#7436);
#5973=AXIS2_PLACEMENT_3D('',#9290,#7437,#7438);
#5974=AXIS2_PLACEMENT_3D('',#9293,#7441,#7442);
#5975=AXIS2_PLACEMENT_3D('',#9295,#7444,#7445);
#5976=AXIS2_PLACEMENT_3D('',#9297,#7447,#7448);
#5977=AXIS2_PLACEMENT_3D('',#9298,#7449,#7450);
#5978=AXIS2_PLACEMENT_3D('',#9299,#7451,#7452);
#5979=AXIS2_PLACEMENT_3D('',#9301,#7453,#7454);
#5980=AXIS2_PLACEMENT_3D('',#9302,#7455,#7456);
#5981=AXIS2_PLACEMENT_3D('',#9307,#7458,#7459);
#5982=AXIS2_PLACEMENT_3D('',#9310,#7461,#7462);
#5983=AXIS2_PLACEMENT_3D('',#9312,#7463,#7464);
#5984=AXIS2_PLACEMENT_3D('',#9313,#7465,#7466);
#5985=AXIS2_PLACEMENT_3D('',#9314,#7467,#7468);
#5986=AXIS2_PLACEMENT_3D('',#9317,#7471,#7472);
#5987=AXIS2_PLACEMENT_3D('',#9319,#7474,#7475);
#5988=AXIS2_PLACEMENT_3D('',#9321,#7477,#7478);
#5989=AXIS2_PLACEMENT_3D('',#9322,#7479,#7480);
#5990=AXIS2_PLACEMENT_3D('',#9324,#7482,#7483);
#5991=AXIS2_PLACEMENT_3D('',#9325,#7484,#7485);
#5992=AXIS2_PLACEMENT_3D('',#9332,#7490,#7491);
#5993=AXIS2_PLACEMENT_3D('',#9336,#7494,#7495);
#5994=AXIS2_PLACEMENT_3D('',#9337,#7496,#7497);
#5995=AXIS2_PLACEMENT_3D('',#9339,#7499,#7500);
#5996=AXIS2_PLACEMENT_3D('',#9342,#7503,#7504);
#5997=AXIS2_PLACEMENT_3D('',#9345,#7507,#7508);
#5998=AXIS2_PLACEMENT_3D('',#9346,#7509,#7510);
#5999=AXIS2_PLACEMENT_3D('',#9352,#7514,#7515);
#6000=AXIS2_PLACEMENT_3D('',#9354,#7517,#7518);
#6001=AXIS2_PLACEMENT_3D('',#9356,#7520,#7521);
#6002=AXIS2_PLACEMENT_3D('',#9358,#7523,#7524);
#6003=AXIS2_PLACEMENT_3D('',#9362,#7528,#7529);
#6004=AXIS2_PLACEMENT_3D('',#9363,#7530,#7531);
#6005=AXIS2_PLACEMENT_3D('',#9364,#7532,#7533);
#6006=AXIS2_PLACEMENT_3D('',#9365,#7534,#7535);
#6007=AXIS2_PLACEMENT_3D('',#9366,#7536,#7537);
#6008=AXIS2_PLACEMENT_3D('',#9367,#7538,#7539);
#6009=AXIS2_PLACEMENT_3D('',#9368,#7540,#7541);
#6010=DIRECTION('axis',(0.,0.,1.));
#6011=DIRECTION('refdir',(1.,0.,0.));
#6012=DIRECTION('axis',(0.,0.,1.));
#6013=DIRECTION('refdir',(1.,0.,0.));
#6014=DIRECTION('center_axis',(0.829456384564558,-0.170548415246021,0.53189787004853));
#6015=DIRECTION('ref_axis',(0.539806413223567,0.,-0.841789187530172));
#6016=DIRECTION('',(0.,-0.952246726541462,-0.3053296117167));
#6017=DIRECTION('',(-0.201401394586819,-0.979508794375265,0.));
#6018=DIRECTION('',(0.,0.952246726541462,0.3053296117167));
#6019=DIRECTION('',(-0.531900423082062,-0.531900423082064,0.658911131982337));
#6020=DIRECTION('',(0.906644049438376,-0.188677712777493,-0.377355652295069));
#6021=DIRECTION('center_axis',(0.42189639441216,0.405463545187978,0.810927090375957));
#6022=DIRECTION('ref_axis',(0.887120819659277,0.,-0.461537269705332));
#6023=DIRECTION('',(0.,0.894427190999916,-0.447213595499957));
#6024=DIRECTION('',(0.,-0.894427190999916,0.447213595499957));
#6025=DIRECTION('',(0.579070841047371,0.567716510830756,-0.585128126463634));
#6026=DIRECTION('',(0.886422672831569,-0.37231986292046,-0.275014117392228));
#6027=DIRECTION('center_axis',(0.707106781186546,-0.70710678118655,0.));
#6028=DIRECTION('ref_axis',(0.,0.,-1.));
#6029=DIRECTION('',(0.,0.,1.));
#6030=DIRECTION('',(-0.577350269189629,-0.577350269189625,-0.577350269189624));
#6031=DIRECTION('',(0.,0.,-1.));
#6032=DIRECTION('',(0.705148200827526,0.705148200827522,-0.0743776158492105));
#6033=DIRECTION('center_axis',(0.38725223632276,0.921973809532039,0.));
#6034=DIRECTION('ref_axis',(0.,0.,1.));
#6035=DIRECTION('',(0.,0.,1.));
#6036=DIRECTION('',(0.6778420847261,-0.28471075910182,0.677842084726111));
#6037=DIRECTION('',(0.,0.,-1.));
#6038=DIRECTION('center_axis',(-0.495025241980651,0.504925746820264,0.707106781186545));
#6039=DIRECTION('ref_axis',(0.819204436287486,0.,0.57350160554867));
#6040=DIRECTION('',(-0.714072839144579,-0.700071410926058,7.29124826725284E-17));
#6041=DIRECTION('',(0.677842084726108,-0.28471075910181,0.677842084726108));
#6042=DIRECTION('',(0.714072839144579,0.700071410926058,-7.29124826725284E-17));
#6043=DIRECTION('',(0.,0.813815401464205,-0.581123474263134));
#6044=DIRECTION('center_axis',(-0.500000000000002,-0.499999999999999,0.707106781186547));
#6045=DIRECTION('ref_axis',(0.816496580927725,0.,0.577350269189627));
#6046=DIRECTION('',(-0.707106781186546,0.707106781186549,-7.36452169396432E-17));
#6047=DIRECTION('',(-0.281084637714824,-0.678598344545845,-0.678598344545847));
#6048=DIRECTION('',(0.707106781186546,-0.707106781186549,7.36452169396432E-17));
#6049=DIRECTION('',(0.678598344545848,0.28108463771482,0.678598344545846));
#6050=DIRECTION('center_axis',(-0.499999999999991,0.499999999999994,0.707106781186558));
#6051=DIRECTION('ref_axis',(0.816496580927735,0.,0.577350269189613));
#6052=DIRECTION('',(-0.707106781186549,-0.707106781186546,7.36452169396429E-17));
#6053=DIRECTION('',(0.281084637714838,-0.678598344545842,0.678598344545844));
#6054=DIRECTION('',(0.707106781186549,0.707106781186546,-7.36452169396429E-17));
#6055=DIRECTION('',(-0.678598344545844,0.281084637714838,-0.678598344545843));
#6056=DIRECTION('center_axis',(0.5,-0.500000000000002,0.707106781186547));
#6057=DIRECTION('ref_axis',(0.816496580927726,0.,-0.577350269189626));
#6058=DIRECTION('',(-0.707106781186549,-0.707106781186546,7.36452169396429E-17));
#6059=DIRECTION('',(0.67859834454585,-0.28108463771481,-0.678598344545848));
#6060=DIRECTION('',(0.707106781186549,0.707106781186546,-7.36452169396429E-17));
#6061=DIRECTION('',(-0.281084637714824,0.678598344545845,0.678598344545847));
#6062=DIRECTION('center_axis',(0.499999999999999,0.499999999999997,0.707106781186551));
#6063=DIRECTION('ref_axis',(0.816496580927728,0.,-0.577350269189623));
#6064=DIRECTION('',(-0.707106781186546,0.707106781186549,-7.36452169396432E-17));
#6065=DIRECTION('',(-0.678598344545847,-0.281084637714824,0.678598344545845));
#6066=DIRECTION('',(0.707106781186546,-0.707106781186549,7.36452169396432E-17));
#6067=DIRECTION('',(0.281084637714827,0.678598344545845,-0.678598344545847));
#6068=DIRECTION('center_axis',(0.707106781186548,7.3645216939643E-17,0.707106781186548));
#6069=DIRECTION('ref_axis',(0.707106781186548,0.,-0.707106781186548));
#6070=DIRECTION('',(0.,-1.,1.04150064599952E-16));
#6071=DIRECTION('',(0.,1.,-1.04150064599952E-16));
#6072=DIRECTION('center_axis',(6.66649311601468E-17,0.707106781186549,0.707106781186547));
#6073=DIRECTION('ref_axis',(1.,0.,-9.42784497813484E-17));
#6074=DIRECTION('',(-1.,9.42784497813482E-17,-9.81910663511075E-33));
#6075=DIRECTION('',(1.,-9.42784497813482E-17,9.81910663511075E-33));
#6076=DIRECTION('center_axis',(0.,-0.70710678118655,0.707106781186546));
#6077=DIRECTION('ref_axis',(1.,0.,0.));
#6078=DIRECTION('',(-1.,0.,0.));
#6079=DIRECTION('',(1.,0.,0.));
#6080=DIRECTION('center_axis',(-0.707106781186548,7.3645216939643E-17,0.707106781186548));
#6081=DIRECTION('ref_axis',(0.707106781186548,0.,0.707106781186548));
#6082=DIRECTION('',(0.,-1.,1.04150064599952E-16));
#6083=DIRECTION('',(0.,1.,-1.04150064599952E-16));
#6084=DIRECTION('center_axis',(-0.707106781186548,7.3645216939643E-17,0.707106781186548));
#6085=DIRECTION('ref_axis',(0.707106781186548,0.,0.707106781186548));
#6086=DIRECTION('',(0.,1.,-1.04150064599952E-16));
#6087=DIRECTION('',(0.,-1.,1.04150064599952E-16));
#6088=DIRECTION('',(0.577350269189626,0.577350269189626,0.577350269189625));
#6089=DIRECTION('center_axis',(2.0443912222445E-16,-0.707106781186547,0.707106781186548));
#6090=DIRECTION('ref_axis',(1.,0.,-2.89120579329467E-16));
#6091=DIRECTION('',(-1.,-2.89120579329468E-16,3.01119270143396E-32));
#6092=DIRECTION('',(1.,2.89120579329468E-16,-3.01119270143396E-32));
#6093=DIRECTION('center_axis',(0.,1.04150064599952E-16,1.));
#6094=DIRECTION('ref_axis',(1.,0.,0.));
#6095=DIRECTION('',(0.,1.,-1.04150064599952E-16));
#6096=DIRECTION('center_axis',(0.,-1.04150064599952E-16,-1.));
#6097=DIRECTION('ref_axis',(0.707106781186548,0.707106781186548,0.));
#6098=DIRECTION('',(-1.,0.,0.));
#6099=DIRECTION('center_axis',(0.,-1.04150064599952E-16,-1.));
#6100=DIRECTION('ref_axis',(-0.707106781186547,0.707106781186548,0.));
#6101=DIRECTION('',(0.,-1.,1.04150064599952E-16));
#6102=DIRECTION('center_axis',(0.,-1.04150064599952E-16,-1.));
#6103=DIRECTION('ref_axis',(-0.707106781186549,-0.707106781186546,0.));
#6104=DIRECTION('',(1.,0.,0.));
#6105=DIRECTION('center_axis',(0.,-1.04150064599952E-16,-1.));
#6106=DIRECTION('ref_axis',(0.707106781186547,-0.707106781186548,0.));
#6107=DIRECTION('',(0.,1.,-1.04150064599952E-16));
#6108=DIRECTION('center_axis',(-0.375995787789818,0.282924943806359,-0.882372168496084));
#6109=DIRECTION('ref_axis',(-0.919959839663711,1.38777878078145E-17,0.392012618937093));
#6110=DIRECTION('',(0.919959839663711,2.65979321803417E-16,-0.392012618937093));
#6111=DIRECTION('',(2.4980018054066E-16,0.952246726541462,0.3053296117167));
#6112=DIRECTION('',(-0.601261569813297,-0.799052266541838,0.));
#6113=DIRECTION('center_axis',(-2.89120579329468E-16,1.,0.));
#6114=DIRECTION('ref_axis',(-1.,-2.89120579329468E-16,0.));
#6115=DIRECTION('',(0.,0.,1.));
#6116=DIRECTION('',(-0.360423765128489,-1.04205927778057E-16,-0.932788673564706));
#6117=DIRECTION('center_axis',(-2.89120579329468E-16,1.,0.));
#6118=DIRECTION('ref_axis',(9.91130850872125E-16,5.18245319499469E-18,1.));
#6119=DIRECTION('center_axis',(-1.,0.,0.));
#6120=DIRECTION('ref_axis',(0.,0.,1.));
#6121=DIRECTION('',(0.,0.,1.));
#6122=DIRECTION('',(0.,0.952246726541462,0.3053296117167));
#6123=DIRECTION('center_axis',(0.707106781186549,0.707106781186546,0.));
#6124=DIRECTION('ref_axis',(0.,0.,1.));
#6125=DIRECTION('',(0.,0.,-1.));
#6126=DIRECTION('',(-0.577350269189626,0.577350269189629,0.577350269189623));
#6127=DIRECTION('',(-0.374212656490266,0.374212656490268,-0.848486756198937));
#6128=DIRECTION('center_axis',(0.,1.,0.));
#6129=DIRECTION('ref_axis',(0.,0.,1.));
#6130=DIRECTION('',(0.,0.,1.));
#6131=DIRECTION('',(-1.,0.,0.));
#6132=DIRECTION('center_axis',(0.707106781186546,-0.707106781186549,0.));
#6133=DIRECTION('ref_axis',(0.,0.,-1.));
#6134=DIRECTION('',(0.,0.,1.));
#6135=DIRECTION('',(0.374212656490266,0.374212656490265,-0.848486756198939));
#6136=DIRECTION('',(0.577350269189629,0.577350269189627,0.577350269189621));
#6137=DIRECTION('center_axis',(-1.,0.,0.));
#6138=DIRECTION('ref_axis',(0.,0.,1.));
#6139=DIRECTION('',(0.,0.,1.));
#6140=DIRECTION('',(0.,0.952246726541462,-0.3053296117167));
#6141=DIRECTION('',(0.,-1.,0.));
#6142=DIRECTION('',(0.,0.952246726541462,0.3053296117167));
#6143=DIRECTION('center_axis',(-0.707106781186549,-0.707106781186546,0.));
#6144=DIRECTION('ref_axis',(0.,0.,1.));
#6145=DIRECTION('',(0.,0.,-1.));
#6146=DIRECTION('',(-0.577350269189627,0.577350269189629,-0.577350269189622));
#6147=DIRECTION('',(-0.374212656490266,0.374212656490268,0.848486756198937));
#6148=DIRECTION('center_axis',(0.,0.,-1.));
#6149=DIRECTION('ref_axis',(-1.,-4.42171830020836E-75,0.));
#6150=DIRECTION('center_axis',(0.,0.,1.));
#6151=DIRECTION('ref_axis',(-1.,-4.42171830020836E-75,0.));
#6152=DIRECTION('',(-0.707106781186547,8.65956056235493E-17,0.707106781186548));
#6153=DIRECTION('center_axis',(0.,0.,-1.));
#6154=DIRECTION('ref_axis',(-1.,-4.42171830020836E-75,0.));
#6155=DIRECTION('center_axis',(0.,0.,-1.));
#6156=DIRECTION('ref_axis',(-1.,-4.42171830020836E-75,0.));
#6157=DIRECTION('center_axis',(0.,0.,-1.));
#6158=DIRECTION('ref_axis',(-1.,-4.42171830020836E-75,0.));
#6159=DIRECTION('center_axis',(0.,0.,1.));
#6160=DIRECTION('ref_axis',(-1.,-4.42171830020836E-75,0.));
#6161=DIRECTION('',(0.,0.,1.));
#6162=DIRECTION('center_axis',(-0.707106781186548,7.27956126799237E-16,
0.707106781186547));
#6163=DIRECTION('ref_axis',(0.707106781186547,0.,0.707106781186548));
#6164=DIRECTION('',(0.577350269189624,0.57735026918963,0.577350269189624));
#6165=DIRECTION('',(-1.62123689343627E-16,-1.,8.67361737988443E-16));
#6166=DIRECTION('',(0.707106781186547,3.53384452151867E-16,0.707106781186549));
#6167=DIRECTION('',(1.62123689343627E-16,1.,-8.67361737988443E-16));
#6168=DIRECTION('center_axis',(0.,-8.67361737988442E-16,-1.));
#6169=DIRECTION('ref_axis',(0.,-1.,8.67361737988443E-16));
#6170=DIRECTION('',(-0.707106781186547,3.88582817080262E-16,0.707106781186548));
#6171=DIRECTION('center_axis',(0.,-8.67361737988443E-16,-1.));
#6172=DIRECTION('ref_axis',(0.,-1.,8.67361737988443E-16));
#6173=DIRECTION('center_axis',(0.,8.67361737988443E-16,1.));
#6174=DIRECTION('ref_axis',(0.,-1.,8.67361737988443E-16));
#6175=DIRECTION('center_axis',(0.707106781186548,4.98678606547517E-16,0.707106781186547));
#6176=DIRECTION('ref_axis',(0.707106781186547,0.,-0.707106781186548));
#6177=DIRECTION('',(0.577350269189624,-0.57735026918963,-0.577350269189624));
#6178=DIRECTION('',(-1.62123689343627E-16,-1.,8.67361737988443E-16));
#6179=DIRECTION('',(1.62123689343627E-16,1.,-8.67361737988443E-16));
#6180=DIRECTION('center_axis',(-1.,1.62123689343627E-16,-1.40619884958187E-31));
#6181=DIRECTION('ref_axis',(-1.62123689343627E-16,-1.,0.));
#6182=DIRECTION('',(0.,8.67361737988443E-16,1.));
#6183=DIRECTION('',(-1.1463876012586E-16,-0.707106781186551,-0.707106781186544));
#6184=DIRECTION('center_axis',(0.,8.67361737988443E-16,1.));
#6185=DIRECTION('ref_axis',(0.,-1.,8.67361737988443E-16));
#6186=DIRECTION('',(0.,8.67361737988443E-16,1.));
#6187=DIRECTION('center_axis',(0.,-0.707106781186544,0.707106781186551));
#6188=DIRECTION('ref_axis',(0.,-0.707106781186551,-0.707106781186544));
#6189=DIRECTION('center_axis',(1.,-1.62123689343627E-16,1.40619884958187E-31));
#6190=DIRECTION('ref_axis',(1.62123689343627E-16,1.,0.));
#6191=DIRECTION('',(1.1463876012586E-16,0.707106781186551,0.707106781186544));
#6192=DIRECTION('center_axis',(0.,-0.707106781186549,-0.707106781186546));
#6193=DIRECTION('ref_axis',(-1.,0.,0.));
#6194=DIRECTION('',(0.,-0.707106781186546,0.707106781186549));
#6195=DIRECTION('',(-1.,0.,0.));
#6196=DIRECTION('',(0.,0.707106781186546,-0.707106781186549));
#6197=DIRECTION('',(1.,0.,0.));
#6198=DIRECTION('center_axis',(0.,0.,1.));
#6199=DIRECTION('ref_axis',(0.707106781186547,-0.707106781186548,0.));
#6200=DIRECTION('',(0.707106781186546,0.,0.707106781186549));
#6201=DIRECTION('center_axis',(0.,0.,-1.));
#6202=DIRECTION('ref_axis',(0.707106781186547,-0.707106781186548,0.));
#6203=DIRECTION('center_axis',(0.,0.,1.));
#6204=DIRECTION('ref_axis',(0.707106781186547,-0.707106781186548,0.));
#6205=DIRECTION('center_axis',(0.707106781186548,0.,-0.707106781186547));
#6206=DIRECTION('ref_axis',(-0.707106781186547,0.,-0.707106781186548));
#6207=DIRECTION('',(0.707106781186547,3.14018491736755E-15,0.707106781186548));
#6208=DIRECTION('',(0.,-1.,0.));
#6209=DIRECTION('',(0.,1.,0.));
#6210=DIRECTION('center_axis',(0.,0.,1.));
#6211=DIRECTION('ref_axis',(0.707106781186547,0.707106781186547,0.));
#6212=DIRECTION('',(0.,0.707106781186547,0.707106781186547));
#6213=DIRECTION('center_axis',(0.,0.,-1.));
#6214=DIRECTION('ref_axis',(0.707106781186548,0.707106781186548,0.));
#6215=DIRECTION('center_axis',(0.,0.,1.));
#6216=DIRECTION('ref_axis',(0.707106781186548,0.707106781186548,0.));
#6217=DIRECTION('center_axis',(0.,0.707106781186548,-0.707106781186547));
#6218=DIRECTION('ref_axis',(-1.,0.,0.));
#6219=DIRECTION('',(3.92523114670944E-16,0.707106781186547,0.707106781186548));
#6220=DIRECTION('',(1.,0.,0.));
#6221=DIRECTION('',(-1.,0.,0.));
#6222=DIRECTION('center_axis',(0.,0.,1.));
#6223=DIRECTION('ref_axis',(-0.707106781186547,0.707106781186548,0.));
#6224=DIRECTION('',(-0.707106781186547,-3.92523114670944E-16,0.707106781186548));
#6225=DIRECTION('center_axis',(0.,0.,-1.));
#6226=DIRECTION('ref_axis',(-0.707106781186547,0.707106781186548,0.));
#6227=DIRECTION('center_axis',(0.,0.,1.));
#6228=DIRECTION('ref_axis',(-0.707106781186547,0.707106781186548,0.));
#6229=DIRECTION('center_axis',(-0.707106781186548,0.,-0.707106781186547));
#6230=DIRECTION('ref_axis',(-0.707106781186547,0.,0.707106781186548));
#6231=DIRECTION('',(-0.707106781186547,0.,0.707106781186548));
#6232=DIRECTION('',(0.,1.,0.));
#6233=DIRECTION('',(0.,-1.,0.));
#6234=DIRECTION('center_axis',(0.,0.,1.));
#6235=DIRECTION('ref_axis',(-0.707106781186549,-0.707106781186546,0.));
#6236=DIRECTION('center_axis',(0.,0.,-1.));
#6237=DIRECTION('ref_axis',(-0.707106781186549,-0.707106781186546,0.));
#6238=DIRECTION('center_axis',(0.,0.,1.));
#6239=DIRECTION('ref_axis',(-0.707106781186549,-0.707106781186546,0.));
#6240=DIRECTION('center_axis',(0.,0.,1.));
#6241=DIRECTION('ref_axis',(-0.707106781186547,0.707106781186548,0.));
#6242=DIRECTION('',(0.,0.,1.));
#6243=DIRECTION('',(0.,0.,-1.));
#6244=DIRECTION('center_axis',(-1.,0.,0.));
#6245=DIRECTION('ref_axis',(0.,-1.,0.));
#6246=DIRECTION('',(0.,0.,-1.));
#6247=DIRECTION('center_axis',(0.,0.,1.));
#6248=DIRECTION('ref_axis',(-0.707106781186549,-0.707106781186546,0.));
#6249=DIRECTION('',(0.,0.,1.));
#6250=DIRECTION('center_axis',(0.,-1.,0.));
#6251=DIRECTION('ref_axis',(1.,0.,0.));
#6252=DIRECTION('',(0.,0.,-1.));
#6253=DIRECTION('center_axis',(0.,0.,-1.));
#6254=DIRECTION('ref_axis',(-1.,0.,0.));
#6255=DIRECTION('center_axis',(0.,0.,1.));
#6256=DIRECTION('ref_axis',(0.707106781186548,0.707106781186548,0.));
#6257=DIRECTION('',(0.,0.,1.));
#6258=DIRECTION('',(0.,0.,-1.));
#6259=DIRECTION('center_axis',(1.,0.,0.));
#6260=DIRECTION('ref_axis',(0.,1.,0.));
#6261=DIRECTION('',(0.,0.,1.));
#6262=DIRECTION('',(0.,-1.,0.));
#6263=DIRECTION('center_axis',(0.,0.,1.));
#6264=DIRECTION('ref_axis',(0.707106781186547,-0.707106781186548,0.));
#6265=DIRECTION('center_axis',(2.4980018054066E-16,0.952246726541462,0.3053296117167));
#6266=DIRECTION('ref_axis',(-0.389351084687144,-0.281235877155598,0.87710439187902));
#6267=DIRECTION('',(-2.36940725757986E-16,-0.952246726541462,-0.3053296117167));
#6268=DIRECTION('center_axis',(0.,0.,-1.));
#6269=DIRECTION('ref_axis',(-2.54237973770805E-16,-1.,0.));
#6270=DIRECTION('center_axis',(-0.926621372279052,-0.11480264789298,0.358040758116233));
#6271=DIRECTION('ref_axis',(-0.360423765128489,-6.24500451351651E-17,-0.932788673564706));
#6272=DIRECTION('',(-0.18249833305501,-0.695231744971471,-0.695231744971464));
#6273=DIRECTION('',(0.12295374891931,-0.992412401991575,0.));
#6274=DIRECTION('center_axis',(0.,0.,-1.));
#6275=DIRECTION('ref_axis',(-1.,0.,0.));
#6276=DIRECTION('',(1.,0.,0.));
#6277=DIRECTION('',(0.12295374891931,0.992412401991575,0.));
#6278=DIRECTION('',(-0.12295374891931,0.992412401991575,0.));
#6279=DIRECTION('',(-1.,0.,0.));
#6280=DIRECTION('',(-0.12295374891931,-0.992412401991575,0.));
#6281=DIRECTION('center_axis',(0.,0.,1.));
#6282=DIRECTION('ref_axis',(1.,-7.69305604853318E-13,0.));
#6283=DIRECTION('center_axis',(0.,1.,0.));
#6284=DIRECTION('ref_axis',(-1.,0.,0.));
#6285=DIRECTION('center_axis',(-1.,0.,0.));
#6286=DIRECTION('ref_axis',(0.,0.,1.));
#6287=DIRECTION('',(0.,0.,-1.));
#6288=DIRECTION('',(0.,-0.894427190999916,0.447213595499957));
#6289=DIRECTION('',(0.,0.952246726541462,-0.3053296117167));
#6290=DIRECTION('',(0.,0.,1.));
#6291=DIRECTION('center_axis',(0.,0.707106781186543,0.707106781186552));
#6292=DIRECTION('ref_axis',(0.,-0.707106781186552,0.707106781186543));
#6293=DIRECTION('',(-0.182498333055009,-0.695231744971472,0.695231744971463));
#6294=DIRECTION('',(-1.,9.42784497813482E-17,-9.4278449781347E-17));
#6295=DIRECTION('',(-0.57735026918963,-0.577350269189627,0.57735026918962));
#6296=DIRECTION('',(0.182498333055009,-0.695231744971472,0.695231744971463));
#6297=DIRECTION('center_axis',(0.926621372279052,-0.11480264789298,0.358040758116233));
#6298=DIRECTION('ref_axis',(0.360423765128489,-6.24500451351651E-17,-0.932788673564706));
#6299=DIRECTION('',(0.18249833305501,-0.695231744971471,-0.695231744971464));
#6300=DIRECTION('center_axis',(0.926621372279052,0.11480264789298,0.358040758116233));
#6301=DIRECTION('ref_axis',(0.360423765128489,6.24500451351651E-17,-0.932788673564706));
#6302=DIRECTION('center_axis',(-0.926621372279052,0.11480264789298,0.358040758116233));
#6303=DIRECTION('ref_axis',(-0.360423765128489,6.24500451351651E-17,-0.932788673564706));
#6304=DIRECTION('',(0.374212656490266,0.374212656490265,0.848486756198939));
#6305=DIRECTION('center_axis',(-0.707106781186546,0.707106781186549,0.));
#6306=DIRECTION('ref_axis',(0.,0.,-1.));
#6307=DIRECTION('',(0.,0.,1.));
#6308=DIRECTION('center_axis',(0.700071410926058,-0.714072839144579,0.));
#6309=DIRECTION('ref_axis',(0.714072839144579,0.700071410926058,0.));
#6310=DIRECTION('center_axis',(0.700071410926058,-0.714072839144579,0.));
#6311=DIRECTION('ref_axis',(-0.581084994311389,-0.569691170893518,0.581198932545566));
#6312=DIRECTION('center_axis',(-2.61802551923424E-16,0.894427190999916,
-0.447213595499957));
#6313=DIRECTION('ref_axis',(-1.35585468084861E-31,0.447213595499957,0.894427190999916));
#6314=DIRECTION('center_axis',(0.,0.894427190999916,-0.447213595499957));
#6315=DIRECTION('ref_axis',(0.,0.447213595499957,0.894427190999916));
#6316=DIRECTION('center_axis',(-0.89792072272698,-2.75689231377089E-16,
-0.440157217023028));
#6317=DIRECTION('ref_axis',(-0.440157217023028,1.23259516440783E-32,0.89792072272698));
#6318=DIRECTION('center_axis',(0.,-8.67361737988443E-16,-1.));
#6319=DIRECTION('ref_axis',(0.,1.,-8.67361737988443E-16));
#6320=DIRECTION('',(1.,0.,0.));
#6321=DIRECTION('center_axis',(0.,-0.707106781186544,0.707106781186551));
#6322=DIRECTION('ref_axis',(0.,-0.707106781186551,-0.707106781186544));
#6323=DIRECTION('center_axis',(9.42784497813482E-17,1.,0.));
#6324=DIRECTION('ref_axis',(-1.,9.42784497813482E-17,0.));
#6325=DIRECTION('axis',(0.,0.,1.));
#6326=DIRECTION('refdir',(1.,0.,0.));
#6327=DIRECTION('center_axis',(0.,0.707106781186548,-0.707106781186548));
#6328=DIRECTION('ref_axis',(-1.,0.,0.));
#6329=DIRECTION('',(0.577350269189623,-0.577350269189627,-0.577350269189627));
#6330=DIRECTION('',(-1.,0.,0.));
#6331=DIRECTION('',(0.577350269189622,0.577350269189628,0.577350269189628));
#6332=DIRECTION('',(1.,0.,0.));
#6333=DIRECTION('center_axis',(0.,1.,0.));
#6334=DIRECTION('ref_axis',(1.,0.,0.));
#6335=DIRECTION('',(2.08400057385114E-32,0.,1.));
#6336=DIRECTION('',(1.,0.,0.));
#6337=DIRECTION('',(0.,0.,-1.));
#6338=DIRECTION('center_axis',(-0.500000000000002,-0.500000000000002,-0.707106781186545));
#6339=DIRECTION('ref_axis',(-0.816496580927724,0.,0.577350269189628));
#6340=DIRECTION('',(0.707106781186547,-0.707106781186548,0.));
#6341=DIRECTION('',(-0.678598344545849,-0.281084637714813,0.678598344545848));
#6342=DIRECTION('',(-0.707106781186547,0.707106781186548,0.));
#6343=DIRECTION('',(-0.28108463771481,-0.678598344545851,0.678598344545847));
#6344=DIRECTION('center_axis',(-0.707106781186547,0.,-0.707106781186548));
#6345=DIRECTION('ref_axis',(-0.707106781186548,0.,0.707106781186547));
#6346=DIRECTION('',(0.,-1.,0.));
#6347=DIRECTION('',(-0.67859834454585,0.281084637714815,0.678598344545846));
#6348=DIRECTION('',(0.,1.,0.));
#6349=DIRECTION('center_axis',(0.,0.707106781186548,-0.707106781186547));
#6350=DIRECTION('ref_axis',(-1.,0.,0.));
#6351=DIRECTION('',(-1.,0.,0.));
#6352=DIRECTION('',(0.281084637714821,0.678598344545847,0.678598344545847));
#6353=DIRECTION('',(1.,0.,0.));
#6354=DIRECTION('',(0.28108463771482,-0.678598344545845,-0.678598344545849));
#6355=DIRECTION('center_axis',(0.5,0.500000000000002,-0.707106781186546));
#6356=DIRECTION('ref_axis',(-0.816496580927726,0.,-0.577350269189626));
#6357=DIRECTION('',(-0.707106781186549,0.707106781186546,0.));
#6358=DIRECTION('',(0.678598344545848,0.281084637714818,0.678598344545846));
#6359=DIRECTION('',(0.707106781186549,-0.707106781186546,0.));
#6360=DIRECTION('center_axis',(0.707106781186547,0.,-0.707106781186548));
#6361=DIRECTION('ref_axis',(-0.707106781186548,0.,-0.707106781186547));
#6362=DIRECTION('',(0.,-1.,0.));
#6363=DIRECTION('',(0.,1.,0.));
#6364=DIRECTION('',(0.678598344545851,-0.281084637714812,0.678598344545847));
#6365=DIRECTION('center_axis',(0.500000000000001,-0.500000000000004,-0.707106781186544));
#6366=DIRECTION('ref_axis',(-0.816496580927724,0.,-0.577350269189629));
#6367=DIRECTION('',(-0.707106781186549,-0.707106781186546,0.));
#6368=DIRECTION('',(0.707106781186549,0.707106781186546,0.));
#6369=DIRECTION('',(0.281084637714808,-0.67859834454585,0.678598344545849));
#6370=DIRECTION('center_axis',(-0.5,0.500000000000003,-0.707106781186545));
#6371=DIRECTION('ref_axis',(-0.816496580927725,0.,0.577350269189627));
#6372=DIRECTION('',(-0.707106781186549,-0.707106781186545,0.));
#6373=DIRECTION('',(0.707106781186549,0.707106781186545,0.));
#6374=DIRECTION('center_axis',(0.,-0.707106781186546,-0.707106781186549));
#6375=DIRECTION('ref_axis',(-1.,0.,0.));
#6376=DIRECTION('',(-1.,0.,0.));
#6377=DIRECTION('',(1.,0.,0.));
#6378=DIRECTION('center_axis',(-0.707106781186548,-0.707106781186547,-8.15632446069493E-16));
#6379=DIRECTION('ref_axis',(-0.707106781186547,0.707106781186548,0.));
#6380=DIRECTION('',(0.,1.15347846714302E-15,-1.));
#6381=DIRECTION('',(-0.707106781186547,0.707106781186548,0.));
#6382=DIRECTION('',(0.,1.15347846714302E-15,-1.));
#6383=DIRECTION('center_axis',(-1.,0.,0.));
#6384=DIRECTION('ref_axis',(0.,1.,0.));
#6385=DIRECTION('',(0.,1.15347846714302E-15,-1.));
#6386=DIRECTION('',(0.,1.,0.));
#6387=DIRECTION('center_axis',(-0.707106781186546,0.70710678118655,8.15632446069496E-16));
#6388=DIRECTION('ref_axis',(0.707106781186549,0.707106781186545,0.));
#6389=DIRECTION('',(0.,1.15347846714302E-15,-1.));
#6390=DIRECTION('',(0.707106781186549,0.707106781186545,0.));
#6391=DIRECTION('center_axis',(0.,1.,1.15347846714302E-15));
#6392=DIRECTION('ref_axis',(1.,0.,0.));
#6393=DIRECTION('',(0.,1.15347846714302E-15,-1.));
#6394=DIRECTION('',(1.,0.,0.));
#6395=DIRECTION('center_axis',(0.,0.,1.));
#6396=DIRECTION('ref_axis',(1.,0.,0.));
#6397=DIRECTION('',(-0.707106781186544,-0.707106781186551,0.));
#6398=DIRECTION('',(0.,1.,0.));
#6399=DIRECTION('center_axis',(0.,0.,-1.));
#6400=DIRECTION('ref_axis',(7.40148683083438E-16,1.,1.15347846714302E-15));
#6401=DIRECTION('',(1.,0.,0.));
#6402=DIRECTION('center_axis',(0.,0.,-1.));
#6403=DIRECTION('ref_axis',(1.,-2.22044604925031E-15,-2.56123670526303E-30));
#6404=DIRECTION('',(-1.80670956000841E-17,-1.,0.));
#6405=DIRECTION('',(0.707106781186545,-0.70710678118655,0.));
#6406=DIRECTION('center_axis',(-0.577350269189634,-0.577350269189621,-0.577350269189622));
#6407=DIRECTION('ref_axis',(-0.70710678118654,0.,0.707106781186555));
#6408=DIRECTION('',(0.70710678118654,-0.707106781186555,0.));
#6409=DIRECTION('',(-0.707106781186548,1.57009245868377E-14,0.707106781186548));
#6410=DIRECTION('',(0.,0.707106781186548,-0.707106781186547));
#6411=DIRECTION('center_axis',(0.577350269189626,-0.577350269189627,-0.577350269189624));
#6412=DIRECTION('ref_axis',(-0.707106781186547,0.,-0.707106781186548));
#6413=DIRECTION('',(0.707106781186548,0.707106781186548,0.));
#6414=DIRECTION('',(-3.92523114670943E-15,-0.707106781186548,0.707106781186547));
#6415=DIRECTION('',(-0.707106781186547,0.,-0.707106781186548));
#6416=DIRECTION('center_axis',(0.,-0.707106781186547,-0.707106781186548));
#6417=DIRECTION('ref_axis',(-1.,0.,0.));
#6418=DIRECTION('',(-1.,0.,0.));
#6419=DIRECTION('',(1.,0.,0.));
#6420=DIRECTION('center_axis',(-0.57735026918963,0.577350269189623,-0.577350269189624));
#6421=DIRECTION('ref_axis',(-0.707106781186544,0.,0.707106781186551));
#6422=DIRECTION('',(-0.707106781186544,-0.707106781186551,0.));
#6423=DIRECTION('',(0.,0.707106781186548,0.707106781186547));
#6424=DIRECTION('',(0.707106781186548,7.85046229341887E-15,-0.707106781186548));
#6425=DIRECTION('center_axis',(0.57735026918963,0.577350269189625,-0.577350269189622));
#6426=DIRECTION('ref_axis',(-0.707106781186543,0.,-0.707106781186552));
#6427=DIRECTION('',(0.707106781186547,-7.85046229341888E-15,0.707106781186548));
#6428=DIRECTION('',(3.92523114670943E-15,-0.707106781186548,-0.707106781186547));
#6429=DIRECTION('',(-0.707106781186545,0.70710678118655,0.));
#6430=DIRECTION('center_axis',(0.,0.707106781186547,-0.707106781186548));
#6431=DIRECTION('ref_axis',(-1.,0.,0.));
#6432=DIRECTION('',(-1.,0.,0.));
#6433=DIRECTION('center_axis',(0.70710678118655,0.707106781186545,-1.4736109377668E-32));
#6434=DIRECTION('ref_axis',(-2.08400057385114E-32,0.,-1.));
#6435=DIRECTION('',(-2.08400057385114E-32,0.,-1.));
#6436=DIRECTION('center_axis',(0.707106781186548,-1.27753658151651E-17,
-0.707106781186547));
#6437=DIRECTION('ref_axis',(-0.707106781186547,0.,-0.707106781186548));
#6438=DIRECTION('',(-1.80670956000841E-17,-1.,0.));
#6439=DIRECTION('',(1.80670956000841E-17,1.,0.));
#6440=DIRECTION('center_axis',(-0.707106781186548,0.,-0.707106781186548));
#6441=DIRECTION('ref_axis',(-0.707106781186548,0.,0.707106781186548));
#6442=DIRECTION('',(0.,1.,0.));
#6443=DIRECTION('',(0.,-1.,0.));
#6444=DIRECTION('center_axis',(-0.707106781186551,0.707106781186544,0.));
#6445=DIRECTION('ref_axis',(0.,0.,1.));
#6446=DIRECTION('',(0.,0.,1.));
#6447=DIRECTION('center_axis',(0.707106781186548,-0.707106781186548,-1.47361093776679E-32));
#6448=DIRECTION('ref_axis',(-2.08400057385114E-32,0.,-1.));
#6449=DIRECTION('',(0.707106781186548,0.707106781186548,0.));
#6450=DIRECTION('',(-2.08400057385114E-32,0.,-1.));
#6451=DIRECTION('',(2.08400057385114E-32,0.,1.));
#6452=DIRECTION('center_axis',(-0.707106781186555,-0.70710678118654,0.));
#6453=DIRECTION('ref_axis',(0.,0.,1.));
#6454=DIRECTION('',(0.70710678118654,-0.707106781186555,0.));
#6455=DIRECTION('',(0.,0.,-1.));
#6456=DIRECTION('',(0.,0.,1.));
#6457=DIRECTION('center_axis',(-1.,0.,0.));
#6458=DIRECTION('ref_axis',(0.,1.,-4.00441127006372E-17));
#6459=DIRECTION('',(0.,1.,0.));
#6460=DIRECTION('',(0.,1.15347846714302E-15,-1.));
#6461=DIRECTION('',(0.,-1.,-7.40148683083438E-16));
#6462=DIRECTION('',(0.,1.15347846714302E-15,-1.));
#6463=DIRECTION('center_axis',(0.,0.,-1.));
#6464=DIRECTION('ref_axis',(-1.,0.,0.));
#6465=DIRECTION('center_axis',(0.5,-0.499999999999998,-0.707106781186549));
#6466=DIRECTION('ref_axis',(-0.816496580927726,0.,-0.577350269189625));
#6467=DIRECTION('',(0.707106781186545,0.707106781186549,0.));
#6468=DIRECTION('',(0.281084637714823,-0.678598344545846,0.678598344545847));
#6469=DIRECTION('',(-0.707106781186545,-0.707106781186549,0.));
#6470=DIRECTION('',(0.678598344545847,-0.281084637714824,0.678598344545845));
#6471=DIRECTION('center_axis',(0.,-0.707106781186548,-0.707106781186547));
#6472=DIRECTION('ref_axis',(-1.,0.,0.));
#6473=DIRECTION('',(1.,0.,0.));
#6474=DIRECTION('',(-0.281084637714821,-0.678598344545846,0.678598344545848));
#6475=DIRECTION('',(-1.,0.,0.));
#6476=DIRECTION('center_axis',(0.707106781186547,0.,-0.707106781186548));
#6477=DIRECTION('ref_axis',(-0.707106781186548,0.,-0.707106781186547));
#6478=DIRECTION('',(0.,-1.,0.));
#6479=DIRECTION('',(-0.678598344545853,-0.281084637714809,-0.678598344545846));
#6480=DIRECTION('',(0.,1.,0.));
#6481=DIRECTION('center_axis',(-0.5,-0.499999999999999,-0.707106781186548));
#6482=DIRECTION('ref_axis',(-0.816496580927726,0.,0.577350269189626));
#6483=DIRECTION('',(0.707106781186546,-0.707106781186549,0.));
#6484=DIRECTION('',(-0.678598344545846,-0.281084637714824,0.678598344545846));
#6485=DIRECTION('',(-0.707106781186546,0.707106781186549,0.));
#6486=DIRECTION('center_axis',(-0.707106781186548,4.55591279521741E-17,
-0.707106781186547));
#6487=DIRECTION('ref_axis',(-0.707106781186547,0.,0.707106781186548));
#6488=DIRECTION('',(-6.44303366398558E-17,-1.,0.));
#6489=DIRECTION('',(-0.678598344545847,0.281084637714824,0.678598344545846));
#6490=DIRECTION('',(6.44303366398558E-17,1.,0.));
#6491=DIRECTION('center_axis',(-0.499999999999999,0.499999999999999,-0.707106781186549));
#6492=DIRECTION('ref_axis',(-0.816496580927727,0.,0.577350269189624));
#6493=DIRECTION('',(-0.707106781186547,-0.707106781186548,0.));
#6494=DIRECTION('',(-0.28108463771481,0.678598344545858,0.678598344545841));
#6495=DIRECTION('',(0.707106781186547,0.707106781186548,0.));
#6496=DIRECTION('center_axis',(0.,0.707106781186539,-0.707106781186556));
#6497=DIRECTION('ref_axis',(-1.,0.,0.));
#6498=DIRECTION('',(1.,0.,0.));
#6499=DIRECTION('',(-1.,0.,0.));
#6500=DIRECTION('',(0.281084637714799,0.67859834454586,0.678598344545843));
#6501=DIRECTION('center_axis',(0.499999999999999,0.500000000000001,-0.707106781186548));
#6502=DIRECTION('ref_axis',(-0.816496580927727,0.,-0.577350269189625));
#6503=DIRECTION('',(0.707106781186549,-0.707106781186546,0.));
#6504=DIRECTION('',(-0.707106781186549,0.707106781186546,0.));
#6505=DIRECTION('center_axis',(0.,1.,1.15347846714302E-15));
#6506=DIRECTION('ref_axis',(1.,0.,0.));
#6507=DIRECTION('',(0.,1.15347846714302E-15,-1.));
#6508=DIRECTION('',(1.,0.,0.));
#6509=DIRECTION('',(0.,1.15347846714302E-15,-1.));
#6510=DIRECTION('center_axis',(0.707106781186546,0.707106781186549,8.15632446069495E-16));
#6511=DIRECTION('ref_axis',(0.707106781186549,-0.707106781186546,0.));
#6512=DIRECTION('',(0.,1.15347846714302E-15,-1.));
#6513=DIRECTION('',(0.707106781186549,-0.707106781186546,0.));
#6514=DIRECTION('center_axis',(1.,0.,0.));
#6515=DIRECTION('ref_axis',(0.,-1.,0.));
#6516=DIRECTION('',(0.,1.15347846714302E-15,-1.));
#6517=DIRECTION('',(0.,-1.,0.));
#6518=DIRECTION('center_axis',(0.70710678118655,-0.707106781186546,-8.15632446069491E-16));
#6519=DIRECTION('ref_axis',(-0.707106781186545,-0.707106781186549,0.));
#6520=DIRECTION('',(0.,1.15347846714302E-15,-1.));
#6521=DIRECTION('',(-0.707106781186545,-0.707106781186549,0.));
#6522=DIRECTION('center_axis',(0.,0.,1.));
#6523=DIRECTION('ref_axis',(1.,0.,0.));
#6524=DIRECTION('',(1.,0.,0.));
#6525=DIRECTION('',(-1.80670956000841E-17,-1.,0.));
#6526=DIRECTION('center_axis',(0.,0.,-1.));
#6527=DIRECTION('ref_axis',(-2.59052039079203E-15,-1.,-1.15347846714302E-15));
#6528=DIRECTION('',(-1.,-3.55727320175421E-31,0.));
#6529=DIRECTION('center_axis',(0.,0.,-1.));
#6530=DIRECTION('ref_axis',(-1.,5.92118946466752E-15,6.82035990972335E-30));
#6531=DIRECTION('center_axis',(0.,0.707106781186548,-0.707106781186548));
#6532=DIRECTION('ref_axis',(-1.,0.,0.));
#6533=DIRECTION('',(2.4532694666934E-16,-0.707106781186548,-0.707106781186548));
#6534=DIRECTION('',(-1.,0.,0.));
#6535=DIRECTION('',(0.,0.707106781186548,0.707106781186548));
#6536=DIRECTION('',(1.,0.,0.));
#6537=DIRECTION('center_axis',(0.,0.,1.));
#6538=DIRECTION('ref_axis',(-1.,6.34413171108719E-15,0.));
#6539=DIRECTION('',(0.707106781186548,0.,-0.707106781186547));
#6540=DIRECTION('center_axis',(0.,0.,1.));
#6541=DIRECTION('ref_axis',(-1.,6.34413171108718E-15,0.));
#6542=DIRECTION('',(0.707106781186548,0.,0.707106781186547));
#6543=DIRECTION('center_axis',(0.,0.,-1.));
#6544=DIRECTION('ref_axis',(-1.,6.34413171108719E-15,0.));
#6545=DIRECTION('center_axis',(-0.707106781186548,-2.1217465657889E-16,
-0.707106781186547));
#6546=DIRECTION('ref_axis',(-0.707106781186547,0.,0.707106781186548));
#6547=DIRECTION('',(0.707106781186547,0.,-0.707106781186548));
#6548=DIRECTION('',(3.0006027692572E-16,-1.,0.));
#6549=DIRECTION('',(-3.0006027692572E-16,1.,0.));
#6550=DIRECTION('center_axis',(0.707106781186548,6.36523969736664E-16,-0.707106781186547));
#6551=DIRECTION('ref_axis',(-0.707106781186547,0.,-0.707106781186548));
#6552=DIRECTION('',(-9.00180830777151E-16,1.,0.));
#6553=DIRECTION('',(0.707106781186547,0.,0.707106781186548));
#6554=DIRECTION('',(9.00180830777151E-16,-1.,0.));
#6555=DIRECTION('center_axis',(0.,0.,1.));
#6556=DIRECTION('ref_axis',(-0.70710678118655,0.707106781186545,0.));
#6557=DIRECTION('center_axis',(0.,0.,-1.));
#6558=DIRECTION('ref_axis',(-0.70710678118655,0.707106781186545,0.));
#6559=DIRECTION('center_axis',(0.,0.,1.));
#6560=DIRECTION('ref_axis',(0.70710678118655,0.707106781186545,0.));
#6561=DIRECTION('center_axis',(0.,0.,-1.));
#6562=DIRECTION('ref_axis',(0.70710678118655,0.707106781186545,0.));
#6563=DIRECTION('center_axis',(0.,0.,-1.));
#6564=DIRECTION('ref_axis',(-0.707106781186555,0.70710678118654,0.));
#6565=DIRECTION('',(0.,0.,1.));
#6566=DIRECTION('center_axis',(0.,0.,1.));
#6567=DIRECTION('ref_axis',(-0.707106781186555,0.70710678118654,0.));
#6568=DIRECTION('',(0.,0.,-1.));
#6569=DIRECTION('center_axis',(-1.,-3.0006027692572E-16,0.));
#6570=DIRECTION('ref_axis',(-3.0006027692572E-16,1.,0.));
#6571=DIRECTION('',(0.,0.,-1.));
#6572=DIRECTION('',(-3.0006027692572E-16,1.,0.));
#6573=DIRECTION('center_axis',(0.,0.,-1.));
#6574=DIRECTION('ref_axis',(-1.,6.34413171108719E-15,0.));
#6575=DIRECTION('',(0.,0.,-1.));
#6576=DIRECTION('center_axis',(0.,0.,1.));
#6577=DIRECTION('ref_axis',(-1.,6.34413171108719E-15,0.));
#6578=DIRECTION('center_axis',(0.,0.,1.));
#6579=DIRECTION('ref_axis',(1.,0.,0.));
#6580=DIRECTION('center_axis',(0.,0.707106781186546,-0.707106781186549));
#6581=DIRECTION('ref_axis',(-1.,0.,0.));
#6582=DIRECTION('',(2.45326946669339E-16,-0.707106781186549,-0.707106781186546));
#6583=DIRECTION('',(-1.,0.,0.));
#6584=DIRECTION('',(0.,0.707106781186549,0.707106781186546));
#6585=DIRECTION('',(1.,0.,0.));
#6586=DIRECTION('center_axis',(0.707106781186548,5.85602052157732E-14,-0.707106781186548));
#6587=DIRECTION('ref_axis',(-0.707106781186548,0.,-0.707106781186548));
#6588=DIRECTION('',(-0.707106781186548,-5.88784672006415E-14,-0.707106781186548));
#6589=DIRECTION('',(-8.28166364314982E-14,1.,0.));
#6590=DIRECTION('',(0.707106781186548,5.83878133073028E-14,0.707106781186548));
#6591=DIRECTION('',(8.28166364314982E-14,-1.,0.));
#6592=DIRECTION('center_axis',(-0.707106781186548,-5.96210784986677E-14,
-0.707106781186547));
#6593=DIRECTION('ref_axis',(-0.707106781186547,0.,0.707106781186548));
#6594=DIRECTION('',(0.707106781186547,5.98597749873189E-14,-0.707106781186548));
#6595=DIRECTION('',(8.43169378161268E-14,-1.,0.));
#6596=DIRECTION('',(-0.707106781186547,-5.88784672006415E-14,0.707106781186548));
#6597=DIRECTION('',(-8.43169378161268E-14,1.,0.));
#6598=DIRECTION('center_axis',(0.,0.,1.));
#6599=DIRECTION('ref_axis',(-1.,0.,0.));
#6600=DIRECTION('center_axis',(0.,0.,1.));
#6601=DIRECTION('ref_axis',(-1.,0.,0.));
#6602=DIRECTION('center_axis',(0.,0.,-1.));
#6603=DIRECTION('ref_axis',(-1.,0.,0.));
#6604=DIRECTION('center_axis',(0.,0.,1.));
#6605=DIRECTION('ref_axis',(-0.707106781186578,0.707106781186517,0.));
#6606=DIRECTION('center_axis',(0.,0.,-1.));
#6607=DIRECTION('ref_axis',(-0.707106781186578,0.707106781186517,0.));
#6608=DIRECTION('center_axis',(0.,0.,1.));
#6609=DIRECTION('ref_axis',(0.707106781186518,0.707106781186577,0.));
#6610=DIRECTION('center_axis',(0.,0.,-1.));
#6611=DIRECTION('ref_axis',(0.707106781186518,0.707106781186577,0.));
#6612=DIRECTION('center_axis',(0.,1.,0.));
#6613=DIRECTION('ref_axis',(1.,0.,0.));
#6614=DIRECTION('',(0.,0.,-1.));
#6615=DIRECTION('',(1.,0.,0.));
#6616=DIRECTION('',(0.,0.,1.));
#6617=DIRECTION('center_axis',(0.,0.,-1.));
#6618=DIRECTION('ref_axis',(-0.707106781186578,0.707106781186517,0.));
#6619=DIRECTION('',(0.,0.,1.));
#6620=DIRECTION('center_axis',(0.,0.,1.));
#6621=DIRECTION('ref_axis',(-0.707106781186578,0.707106781186517,0.));
#6622=DIRECTION('center_axis',(-1.,-8.43169378161268E-14,0.));
#6623=DIRECTION('ref_axis',(-8.43169378161268E-14,1.,0.));
#6624=DIRECTION('',(0.,0.,-1.));
#6625=DIRECTION('',(-8.43169378161268E-14,1.,0.));
#6626=DIRECTION('center_axis',(0.,0.,1.));
#6627=DIRECTION('ref_axis',(1.,0.,0.));
#6628=DIRECTION('center_axis',(0.,1.,0.));
#6629=DIRECTION('ref_axis',(1.,0.,0.));
#6630=DIRECTION('',(1.,0.,0.));
#6631=DIRECTION('',(0.,0.,1.));
#6632=DIRECTION('center_axis',(0.,0.,-1.));
#6633=DIRECTION('ref_axis',(0.707106781186555,0.70710678118654,0.));
#6634=DIRECTION('center_axis',(0.,0.,1.));
#6635=DIRECTION('ref_axis',(0.707106781186555,0.70710678118654,0.));
#6636=DIRECTION('',(0.,0.,-1.));
#6637=DIRECTION('center_axis',(1.,9.00180830777151E-16,0.));
#6638=DIRECTION('ref_axis',(9.00180830777151E-16,-1.,0.));
#6639=DIRECTION('',(9.00180830777151E-16,-1.,0.));
#6640=DIRECTION('center_axis',(0.,0.,-1.));
#6641=DIRECTION('ref_axis',(0.707106781186518,0.707106781186577,0.));
#6642=DIRECTION('center_axis',(0.,0.,1.));
#6643=DIRECTION('ref_axis',(0.707106781186518,0.707106781186577,0.));
#6644=DIRECTION('',(0.,0.,-1.));
#6645=DIRECTION('center_axis',(1.,8.28166364314982E-14,0.));
#6646=DIRECTION('ref_axis',(8.28166364314982E-14,-1.,0.));
#6647=DIRECTION('',(8.28166364314982E-14,-1.,0.));
#6648=DIRECTION('',(0.,0.,-1.));
#6649=DIRECTION('center_axis',(-5.34124571243393E-31,0.,1.));
#6650=DIRECTION('ref_axis',(-1.,2.10019911441911E-46,-2.83753678473053E-31));
#6651=DIRECTION('center_axis',(-5.34124571243393E-31,-7.40148683083438E-16,
1.));
#6652=DIRECTION('ref_axis',(-1.,3.95331598008303E-46,-5.34124571243393E-31));
#6653=DIRECTION('',(-0.707106781186592,-8.65956056235548E-17,-0.707106781186503));
#6654=DIRECTION('center_axis',(5.34124571243393E-31,7.40148683083438E-16,
-1.));
#6655=DIRECTION('ref_axis',(-1.,0.,0.));
#6656=DIRECTION('center_axis',(5.34124571243393E-31,7.40148683083438E-16,
-1.));
#6657=DIRECTION('ref_axis',(-1.,0.,0.));
#6658=DIRECTION('center_axis',(-5.34124571243393E-31,-7.40148683083438E-16,
1.));
#6659=DIRECTION('ref_axis',(1.,0.,5.34124571243393E-31));
#6660=DIRECTION('',(-1.80670956000841E-17,-1.,-7.40148683083438E-16));
#6661=DIRECTION('center_axis',(5.34124571243393E-31,7.40148683083438E-16,
-1.));
#6662=DIRECTION('ref_axis',(1.,-2.22044604925031E-15,-1.10933564796705E-30));
#6663=DIRECTION('',(1.,-6.16101191701252E-46,5.34124571243393E-31));
#6664=DIRECTION('center_axis',(5.34124571243393E-31,7.40148683083438E-16,
-1.));
#6665=DIRECTION('ref_axis',(7.40148683083438E-16,1.,7.40148683083438E-16));
#6666=DIRECTION('',(0.,1.,7.40148683083438E-16));
#6667=DIRECTION('center_axis',(5.34124571243393E-31,7.40148683083438E-16,
-1.));
#6668=DIRECTION('ref_axis',(-1.,5.92118946466752E-15,3.8484360133178E-30));
#6669=DIRECTION('',(-1.,-3.55727320175421E-31,-5.34124571243394E-31));
#6670=DIRECTION('center_axis',(5.34124571243393E-31,7.40148683083438E-16,
-1.));
#6671=DIRECTION('ref_axis',(-2.59052039079203E-15,-1.,-7.40148683083438E-16));
#6672=DIRECTION('center_axis',(-5.34124571243393E-31,-7.40148683083438E-16,
1.));
#6673=DIRECTION('ref_axis',(-1.,3.95331598008303E-46,-5.34124571243393E-31));
#6674=DIRECTION('center_axis',(0.,0.,-1.));
#6675=DIRECTION('ref_axis',(1.,0.,0.));
#6676=DIRECTION('center_axis',(0.,0.,-1.));
#6677=DIRECTION('ref_axis',(1.,0.,0.));
#6678=DIRECTION('',(0.,0.,-1.));
#6679=DIRECTION('center_axis',(0.,0.,-1.));
#6680=DIRECTION('ref_axis',(-1.,0.,0.));
#6681=DIRECTION('',(0.,0.,1.));
#6682=DIRECTION('center_axis',(0.,0.,-1.));
#6683=DIRECTION('ref_axis',(-1.,0.,0.));
#6684=DIRECTION('',(0.,0.,-1.));
#6685=DIRECTION('center_axis',(0.,0.,-1.));
#6686=DIRECTION('ref_axis',(1.,0.,0.));
#6687=DIRECTION('',(0.,0.,-1.));
#6688=DIRECTION('center_axis',(0.,0.,-1.));
#6689=DIRECTION('ref_axis',(-1.,0.,0.));
#6690=DIRECTION('',(0.,0.,-1.));
#6691=DIRECTION('center_axis',(-5.34124571243393E-31,-7.40148683083437E-16,
1.));
#6692=DIRECTION('ref_axis',(-1.,2.10019911441911E-46,-2.83753678473053E-31));
#6693=DIRECTION('',(-0.707106781186534,4.36768547271054E-16,-0.707106781186561));
#6694=DIRECTION('center_axis',(5.34124571243393E-31,7.40148683083438E-16,
-1.));
#6695=DIRECTION('ref_axis',(-1.,0.,0.));
#6696=DIRECTION('center_axis',(5.34124571243393E-31,7.40148683083438E-16,
-1.));
#6697=DIRECTION('ref_axis',(-1.,0.,0.));
#6698=DIRECTION('center_axis',(0.,0.,-1.));
#6699=DIRECTION('ref_axis',(1.,0.,0.));
#6700=DIRECTION('center_axis',(0.,0.,-1.));
#6701=DIRECTION('ref_axis',(1.,0.,0.));
#6702=DIRECTION('',(0.,0.,-1.));
#6703=DIRECTION('center_axis',(0.,0.,-1.));
#6704=DIRECTION('ref_axis',(-1.,0.,0.));
#6705=DIRECTION('',(0.,0.,1.));
#6706=DIRECTION('center_axis',(0.,0.,-1.));
#6707=DIRECTION('ref_axis',(-1.,0.,0.));
#6708=DIRECTION('',(0.,0.,-1.));
#6709=DIRECTION('center_axis',(0.,0.,-1.));
#6710=DIRECTION('ref_axis',(1.,0.,0.));
#6711=DIRECTION('',(0.,0.,-1.));
#6712=DIRECTION('center_axis',(0.,0.,-1.));
#6713=DIRECTION('ref_axis',(-1.,0.,0.));
#6714=DIRECTION('',(0.,0.,-1.));
#6715=DIRECTION('center_axis',(0.70710678118654,-5.36139518709762E-16,0.707106781186555));
#6716=DIRECTION('ref_axis',(0.707106781186555,0.,-0.70710678118654));
#6717=DIRECTION('',(-0.707106781186562,0.,0.707106781186533));
#6718=DIRECTION('',(0.707106781186565,0.,-0.70710678118653));
#6719=DIRECTION('',(1.80670956000841E-17,1.,7.40148683083438E-16));
#6720=DIRECTION('center_axis',(0.,5.55111512312583E-16,-1.));
#6721=DIRECTION('ref_axis',(1.,-2.22044604925031E-15,-1.98047628234464E-30));
#6722=DIRECTION('',(3.92523114670945E-16,-0.70710678118655,0.707106781186545));
#6723=DIRECTION('center_axis',(-5.34124571243393E-31,-7.40148683083438E-16,
1.));
#6724=DIRECTION('ref_axis',(1.,-2.22044604925031E-15,-2.56123670526303E-30));
#6725=DIRECTION('center_axis',(-3.7768310632456E-31,0.707106781186548,0.707106781186547));
#6726=DIRECTION('ref_axis',(1.,0.,5.34124571243393E-31));
#6727=DIRECTION('',(-1.,6.16101191701252E-46,-5.34124571243393E-31));
#6728=DIRECTION('',(0.,-0.707106781186547,0.707106781186548));
#6729=DIRECTION('center_axis',(0.,5.55111512312584E-16,-1.));
#6730=DIRECTION('ref_axis',(7.40148683083438E-16,1.,9.88146553519187E-16));
#6731=DIRECTION('',(0.707106781186551,-1.17756934401284E-15,0.707106781186544));
#6732=DIRECTION('center_axis',(-5.34124571243393E-31,-7.40148683083438E-16,
1.));
#6733=DIRECTION('ref_axis',(7.40148683083438E-16,1.,1.15347846714302E-15));
#6734=DIRECTION('center_axis',(-0.70710678118654,-5.23364152894597E-16,
0.707106781186555));
#6735=DIRECTION('ref_axis',(0.707106781186555,0.,0.70710678118654));
#6736=DIRECTION('',(0.707106781186556,0.,0.707106781186539));
#6737=DIRECTION('center_axis',(0.,0.,-1.));
#6738=DIRECTION('ref_axis',(-1.,5.92118946466752E-15,5.63159035116113E-30));
#6739=DIRECTION('',(-2.3551386880257E-15,0.707106781186557,0.707106781186538));
#6740=DIRECTION('center_axis',(-5.34124571243393E-31,-7.40148683083438E-16,
1.));
#6741=DIRECTION('ref_axis',(-1.,5.92118946466752E-15,6.82035990972335E-30));
#6742=DIRECTION('center_axis',(-1.26145905975215E-31,-0.707106781186534,
0.707106781186561));
#6743=DIRECTION('ref_axis',(1.,0.,1.78397251067987E-31));
#6744=DIRECTION('',(1.,3.55727320175421E-31,5.34124571243394E-31));
#6745=DIRECTION('',(0.,0.707106781186558,0.707106781186537));
#6746=DIRECTION('center_axis',(0.,0.,-1.));
#6747=DIRECTION('ref_axis',(-2.59052039079203E-15,-1.,-9.88146553519187E-16));
#6748=DIRECTION('center_axis',(-5.34124571243393E-31,-7.40148683083438E-16,
1.));
#6749=DIRECTION('ref_axis',(-2.59052039079203E-15,-1.,-1.15347846714302E-15));
#6750=DIRECTION('center_axis',(0.,1.15347846714302E-15,-1.));
#6751=DIRECTION('ref_axis',(7.40148683083438E-16,1.,1.15347846714302E-15));
#6752=DIRECTION('',(0.,1.15347846714302E-15,-1.));
#6753=DIRECTION('center_axis',(0.,1.,1.15347846714302E-15));
#6754=DIRECTION('ref_axis',(1.,0.,0.));
#6755=DIRECTION('',(0.,1.15347846714302E-15,-1.));
#6756=DIRECTION('center_axis',(0.,1.15347846714302E-15,-1.));
#6757=DIRECTION('ref_axis',(1.,-2.22044604925031E-15,-2.56123670526303E-30));
#6758=DIRECTION('',(0.,1.15347846714302E-15,-1.));
#6759=DIRECTION('center_axis',(1.,-1.80670956000841E-17,-2.08400057385114E-32));
#6760=DIRECTION('ref_axis',(-1.80670956000841E-17,-1.,-1.80670956000841E-17));
#6761=DIRECTION('',(0.,1.15347846714302E-15,-1.));
#6762=DIRECTION('center_axis',(0.,0.,1.));
#6763=DIRECTION('ref_axis',(-1.,0.,0.));
#6764=DIRECTION('',(0.,1.,0.));
#6765=DIRECTION('',(-1.,0.,0.));
#6766=DIRECTION('',(1.,0.,0.));
#6767=DIRECTION('center_axis',(0.,0.,1.));
#6768=DIRECTION('ref_axis',(-1.,0.,0.));
#6769=DIRECTION('',(-1.,0.,0.));
#6770=DIRECTION('',(0.,-1.,0.));
#6771=DIRECTION('',(1.,0.,0.));
#6772=DIRECTION('center_axis',(0.,0.,1.));
#6773=DIRECTION('ref_axis',(-1.,0.,0.));
#6774=DIRECTION('',(1.,0.,0.));
#6775=DIRECTION('',(-1.,0.,0.));
#6776=DIRECTION('',(0.,-1.,0.));
#6777=DIRECTION('center_axis',(0.,0.,1.));
#6778=DIRECTION('ref_axis',(-1.,0.,0.));
#6779=DIRECTION('',(1.,0.,0.));
#6780=DIRECTION('',(0.,1.,0.));
#6781=DIRECTION('',(-1.,0.,0.));
#6782=DIRECTION('center_axis',(1.,0.,0.));
#6783=DIRECTION('ref_axis',(0.,-1.,0.));
#6784=DIRECTION('',(0.,0.,-1.));
#6785=DIRECTION('',(0.,-1.,0.));
#6786=DIRECTION('',(0.,-1.,0.));
#6787=DIRECTION('',(0.,0.,-1.));
#6788=DIRECTION('center_axis',(0.,0.,1.));
#6789=DIRECTION('ref_axis',(1.,0.,0.));
#6790=DIRECTION('',(1.,0.,0.));
#6791=DIRECTION('center_axis',(0.,0.,1.));
#6792=DIRECTION('ref_axis',(1.,0.,0.));
#6793=DIRECTION('',(-1.,0.,0.));
#6794=DIRECTION('center_axis',(0.,0.,1.));
#6795=DIRECTION('ref_axis',(1.,0.,0.));
#6796=DIRECTION('',(1.,0.,0.));
#6797=DIRECTION('center_axis',(1.,0.,0.));
#6798=DIRECTION('ref_axis',(0.,-1.,0.));
#6799=DIRECTION('',(0.,0.,-1.));
#6800=DIRECTION('',(0.,-1.,0.));
#6801=DIRECTION('',(0.,-1.,0.));
#6802=DIRECTION('',(0.,0.,-1.));
#6803=DIRECTION('center_axis',(0.,0.,1.));
#6804=DIRECTION('ref_axis',(-1.,0.,0.));
#6805=DIRECTION('',(1.,0.,0.));
#6806=DIRECTION('center_axis',(0.,0.,1.));
#6807=DIRECTION('ref_axis',(1.,0.,0.));
#6808=DIRECTION('center_axis',(0.,-1.,0.));
#6809=DIRECTION('ref_axis',(-1.,0.,0.));
#6810=DIRECTION('',(-1.,0.,0.));
#6811=DIRECTION('',(-1.,0.,0.));
#6812=DIRECTION('',(-1.,0.,0.));
#6813=DIRECTION('',(0.,0.,-1.));
#6814=DIRECTION('center_axis',(0.,0.,1.));
#6815=DIRECTION('ref_axis',(-1.,0.,0.));
#6816=DIRECTION('center_axis',(0.,0.,1.));
#6817=DIRECTION('ref_axis',(1.,0.,0.));
#6818=DIRECTION('center_axis',(-1.,0.,0.));
#6819=DIRECTION('ref_axis',(0.,1.,0.));
#6820=DIRECTION('',(0.,1.,0.));
#6821=DIRECTION('',(0.,1.,0.));
#6822=DIRECTION('',(0.,0.,-1.));
#6823=DIRECTION('center_axis',(0.,0.,1.));
#6824=DIRECTION('ref_axis',(-1.,0.,0.));
#6825=DIRECTION('center_axis',(0.,0.,1.));
#6826=DIRECTION('ref_axis',(1.,0.,0.));
#6827=DIRECTION('center_axis',(0.,1.,0.));
#6828=DIRECTION('ref_axis',(1.,0.,0.));
#6829=DIRECTION('',(1.,0.,0.));
#6830=DIRECTION('center_axis',(0.,0.,1.));
#6831=DIRECTION('ref_axis',(-1.,0.,0.));
#6832=DIRECTION('center_axis',(0.,0.,1.));
#6833=DIRECTION('ref_axis',(1.,0.,0.));
#6834=DIRECTION('center_axis',(0.,0.,1.));
#6835=DIRECTION('ref_axis',(-1.,0.,0.));
#6836=DIRECTION('center_axis',(0.,0.,1.));
#6837=DIRECTION('ref_axis',(1.,0.,0.));
#6838=DIRECTION('',(1.,0.,0.));
#6839=DIRECTION('center_axis',(0.,-1.,0.));
#6840=DIRECTION('ref_axis',(-1.,0.,0.));
#6841=DIRECTION('',(-1.,0.,0.));
#6842=DIRECTION('',(-1.,0.,0.));
#6843=DIRECTION('',(0.,0.,-1.));
#6844=DIRECTION('center_axis',(0.,0.,1.));
#6845=DIRECTION('ref_axis',(-1.,0.,0.));
#6846=DIRECTION('center_axis',(0.,0.,1.));
#6847=DIRECTION('ref_axis',(1.,0.,0.));
#6848=DIRECTION('center_axis',(0.,0.,1.));
#6849=DIRECTION('ref_axis',(-1.,0.,0.));
#6850=DIRECTION('',(0.,1.,0.));
#6851=DIRECTION('center_axis',(0.,0.,1.));
#6852=DIRECTION('ref_axis',(1.,0.,0.));
#6853=DIRECTION('center_axis',(0.,1.,0.));
#6854=DIRECTION('ref_axis',(1.,0.,0.));
#6855=DIRECTION('',(0.,0.,-1.));
#6856=DIRECTION('',(1.,0.,0.));
#6857=DIRECTION('center_axis',(-1.,0.,0.));
#6858=DIRECTION('ref_axis',(0.,1.,0.));
#6859=DIRECTION('',(0.,1.,0.));
#6860=DIRECTION('center_axis',(0.,0.,1.));
#6861=DIRECTION('ref_axis',(-1.,0.,0.));
#6862=DIRECTION('center_axis',(0.,0.,1.));
#6863=DIRECTION('ref_axis',(1.,0.,0.));
#6864=DIRECTION('center_axis',(0.,-1.,0.));
#6865=DIRECTION('ref_axis',(-1.,0.,0.));
#6866=DIRECTION('center_axis',(0.,0.,-1.));
#6867=DIRECTION('ref_axis',(1.,0.,0.));
#6868=DIRECTION('center_axis',(0.,0.,1.));
#6869=DIRECTION('ref_axis',(1.,0.,0.));
#6870=DIRECTION('',(0.,0.,1.));
#6871=DIRECTION('center_axis',(0.,0.,-1.));
#6872=DIRECTION('ref_axis',(1.,0.,0.));
#6873=DIRECTION('center_axis',(0.,0.,1.));
#6874=DIRECTION('ref_axis',(1.,0.,0.));
#6875=DIRECTION('',(0.,0.,1.));
#6876=DIRECTION('center_axis',(0.,0.,1.));
#6877=DIRECTION('ref_axis',(1.,0.,0.));
#6878=DIRECTION('center_axis',(0.,0.,-1.));
#6879=DIRECTION('ref_axis',(-1.,0.,0.));
#6880=DIRECTION('center_axis',(0.,0.,1.));
#6881=DIRECTION('ref_axis',(-1.,0.,0.));
#6882=DIRECTION('center_axis',(0.,0.,1.));
#6883=DIRECTION('ref_axis',(1.,0.,0.));
#6884=DIRECTION('',(-1.,0.,0.));
#6885=DIRECTION('',(-0.707106781186546,0.707106781186549,0.));
#6886=DIRECTION('',(6.44303366398558E-17,1.,0.));
#6887=DIRECTION('',(0.707106781186547,0.707106781186548,0.));
#6888=DIRECTION('center_axis',(-0.707106781186548,0.707106781186547,8.15632446069493E-16));
#6889=DIRECTION('ref_axis',(0.707106781186547,0.707106781186548,0.));
#6890=DIRECTION('',(0.,1.15347846714302E-15,-1.));
#6891=DIRECTION('center_axis',(-1.,6.44303366398558E-17,7.43190059448496E-32));
#6892=DIRECTION('ref_axis',(6.44303366398558E-17,1.,0.));
#6893=DIRECTION('',(0.,1.15347846714302E-15,-1.));
#6894=DIRECTION('center_axis',(-0.707106781186549,-0.707106781186546,-8.15632446069492E-16));
#6895=DIRECTION('ref_axis',(-0.707106781186546,0.707106781186549,0.));
#6896=DIRECTION('',(0.,1.15347846714302E-15,-1.));
#6897=DIRECTION('center_axis',(0.,0.,1.));
#6898=DIRECTION('ref_axis',(1.,0.,0.));
#6899=DIRECTION('',(0.707106781186549,-0.707106781186546,0.));
#6900=DIRECTION('',(0.,-1.,0.));
#6901=DIRECTION('',(-0.707106781186549,-0.707106781186546,0.));
#6902=DIRECTION('',(-1.,0.,0.));
#6903=DIRECTION('center_axis',(0.,-1.,-1.15347846714302E-15));
#6904=DIRECTION('ref_axis',(-1.,0.,0.));
#6905=DIRECTION('',(0.,1.15347846714302E-15,-1.));
#6906=DIRECTION('center_axis',(0.707106781186546,-0.707106781186549,-8.15632446069495E-16));
#6907=DIRECTION('ref_axis',(-0.707106781186549,-0.707106781186546,0.));
#6908=DIRECTION('',(0.,1.15347846714302E-15,-1.));
#6909=DIRECTION('center_axis',(0.,1.15347846714302E-15,-1.));
#6910=DIRECTION('ref_axis',(-1.,5.92118946466752E-15,6.82035990972335E-30));
#6911=DIRECTION('',(0.,1.15347846714302E-15,-1.));
#6912=DIRECTION('center_axis',(3.55727320175421E-31,-1.,-1.15347846714302E-15));
#6913=DIRECTION('ref_axis',(-1.,0.,-3.083952846181E-16));
#6914=DIRECTION('',(0.,1.15347846714302E-15,-1.));
#6915=DIRECTION('center_axis',(0.707106781186546,0.707106781186549,8.15632446069495E-16));
#6916=DIRECTION('ref_axis',(0.707106781186549,-0.707106781186546,0.));
#6917=DIRECTION('',(0.,1.15347846714302E-15,-1.));
#6918=DIRECTION('center_axis',(1.,0.,0.));
#6919=DIRECTION('ref_axis',(0.,-1.,0.));
#6920=DIRECTION('center_axis',(0.,-1.,-1.15347846714302E-15));
#6921=DIRECTION('ref_axis',(-1.,0.,0.));
#6922=DIRECTION('center_axis',(0.,1.15347846714302E-15,-1.));
#6923=DIRECTION('ref_axis',(-2.59052039079203E-15,-1.,-1.15347846714302E-15));
#6924=DIRECTION('axis',(0.,0.,1.));
#6925=DIRECTION('refdir',(1.,0.,0.));
#6926=DIRECTION('axis',(0.,0.,1.));
#6927=DIRECTION('refdir',(1.,0.,0.));
#6928=DIRECTION('center_axis',(0.,0.,-1.));
#6929=DIRECTION('ref_axis',(-1.,0.,0.));
#6930=DIRECTION('center_axis',(0.,0.,1.));
#6931=DIRECTION('ref_axis',(-1.,0.,0.));
#6932=DIRECTION('',(-0.707106781186547,8.65956056235493E-17,0.707106781186548));
#6933=DIRECTION('center_axis',(0.,0.,-1.));
#6934=DIRECTION('ref_axis',(-1.,0.,0.));
#6935=DIRECTION('center_axis',(0.,0.,1.));
#6936=DIRECTION('ref_axis',(-1.,0.,0.));
#6937=DIRECTION('',(0.,0.,-1.));
#6938=DIRECTION('center_axis',(0.,0.,-1.));
#6939=DIRECTION('ref_axis',(-1.,0.,0.));
#6940=DIRECTION('center_axis',(0.,0.,1.));
#6941=DIRECTION('ref_axis',(-1.,0.,0.));
#6942=DIRECTION('center_axis',(0.,0.,-1.));
#6943=DIRECTION('ref_axis',(-1.,-1.3363823550461E-51,0.));
#6944=DIRECTION('center_axis',(0.,0.,1.));
#6945=DIRECTION('ref_axis',(1.,1.3363823550461E-51,0.));
#6946=DIRECTION('center_axis',(0.,0.,-1.));
#6947=DIRECTION('ref_axis',(-1.,-1.3363823550461E-51,0.));
#6948=DIRECTION('center_axis',(0.,0.,-1.));
#6949=DIRECTION('ref_axis',(-1.,-1.3363823550461E-51,0.));
#6950=DIRECTION('center_axis',(0.,0.,-1.));
#6951=DIRECTION('ref_axis',(-1.,-1.3363823550461E-51,0.));
#6952=DIRECTION('center_axis',(0.,0.,-1.));
#6953=DIRECTION('ref_axis',(-1.,-1.3363823550461E-51,0.));
#6954=DIRECTION('center_axis',(0.,0.,-1.));
#6955=DIRECTION('ref_axis',(-1.,-1.3363823550461E-51,0.));
#6956=DIRECTION('center_axis',(0.,0.,-1.));
#6957=DIRECTION('ref_axis',(-1.,-1.3363823550461E-51,0.));
#6958=DIRECTION('center_axis',(0.,0.,-1.));
#6959=DIRECTION('ref_axis',(-1.,-1.3363823550461E-51,0.));
#6960=DIRECTION('',(0.866025403784439,0.5,0.));
#6961=DIRECTION('',(0.866025403784439,-0.5,0.));
#6962=DIRECTION('',(1.3363823550461E-51,-1.,0.));
#6963=DIRECTION('',(-0.866025403784439,-0.5,0.));
#6964=DIRECTION('',(-0.866025403784439,0.5,0.));
#6965=DIRECTION('',(1.50231459873716E-16,1.,0.));
#6966=DIRECTION('center_axis',(0.5,0.866025403784439,0.));
#6967=DIRECTION('ref_axis',(-0.866025403784439,0.5,0.));
#6968=DIRECTION('',(0.,0.,-1.));
#6969=DIRECTION('',(0.,0.,-1.));
#6970=DIRECTION('center_axis',(1.,1.3363823550461E-51,0.));
#6971=DIRECTION('ref_axis',(0.,0.,-1.));
#6972=DIRECTION('',(0.,0.,-1.));
#6973=DIRECTION('center_axis',(0.5,-0.866025403784439,0.));
#6974=DIRECTION('ref_axis',(0.866025403784439,0.5,0.));
#6975=DIRECTION('',(0.,0.,-1.));
#6976=DIRECTION('center_axis',(-0.5,-0.866025403784439,0.));
#6977=DIRECTION('ref_axis',(0.866025403784439,-0.5,0.));
#6978=DIRECTION('',(0.,0.,-1.));
#6979=DIRECTION('center_axis',(-1.,1.50231459873716E-16,0.));
#6980=DIRECTION('ref_axis',(-1.50231459873716E-16,-1.,0.));
#6981=DIRECTION('',(0.,0.,-1.));
#6982=DIRECTION('center_axis',(-0.5,0.866025403784439,0.));
#6983=DIRECTION('ref_axis',(-0.866025403784439,-0.5,0.));
#6984=DIRECTION('center_axis',(0.,0.,-1.));
#6985=DIRECTION('ref_axis',(-1.,-1.3363823550461E-51,0.));
#6986=DIRECTION('center_axis',(0.,0.,-1.));
#6987=DIRECTION('ref_axis',(1.,1.3363823550461E-51,0.));
#6988=DIRECTION('center_axis',(0.,0.,-1.));
#6989=DIRECTION('ref_axis',(-1.,-1.3363823550461E-51,0.));
#6990=DIRECTION('center_axis',(0.,0.,-1.));
#6991=DIRECTION('ref_axis',(1.,1.22464679914735E-16,0.));
#6992=DIRECTION('center_axis',(0.,0.,-1.));
#6993=DIRECTION('ref_axis',(-1.,-1.3363823550461E-51,0.));
#6994=DIRECTION('center_axis',(0.,0.,-1.));
#6995=DIRECTION('ref_axis',(-1.,-1.3363823550461E-51,0.));
#6996=DIRECTION('center_axis',(0.,0.,-1.));
#6997=DIRECTION('ref_axis',(-1.,-1.3363823550461E-51,0.));
#6998=DIRECTION('center_axis',(0.,0.,-1.));
#6999=DIRECTION('ref_axis',(-1.,-1.3363823550461E-51,0.));
#7000=DIRECTION('center_axis',(0.,0.,-1.));
#7001=DIRECTION('ref_axis',(1.,1.3363823550461E-51,0.));
#7002=DIRECTION('center_axis',(0.,0.,1.));
#7003=DIRECTION('ref_axis',(1.,1.3363823550461E-51,0.));
#7004=DIRECTION('',(0.707106781186547,-8.65956056235493E-17,0.707106781186548));
#7005=DIRECTION('center_axis',(0.,0.,1.));
#7006=DIRECTION('ref_axis',(1.,1.3363823550461E-51,0.));
#7007=DIRECTION('',(0.,0.,-1.));
#7008=DIRECTION('',(0.,0.,1.));
#7009=DIRECTION('',(1.,0.,0.));
#7010=DIRECTION('',(0.,0.,1.));
#7011=DIRECTION('',(1.,0.,0.));
#7012=DIRECTION('center_axis',(-0.193864104435123,-0.98102839358072,0.));
#7013=DIRECTION('ref_axis',(-0.98102839358072,0.193864104435123,0.));
#7014=DIRECTION('',(-0.98102839358072,0.193864104435123,0.));
#7015=DIRECTION('',(0.,0.,-1.));
#7016=DIRECTION('',(0.98102839358072,-0.193864104435123,0.));
#7017=DIRECTION('',(0.,0.,1.));
#7018=DIRECTION('center_axis',(1.,0.,0.));
#7019=DIRECTION('ref_axis',(0.,0.,-1.));
#7020=DIRECTION('',(0.,-1.,0.));
#7021=DIRECTION('',(0.,0.373892551318467,0.927472026569302));
#7022=DIRECTION('center_axis',(0.,0.,-1.));
#7023=DIRECTION('ref_axis',(-1.,0.,0.));
#7024=DIRECTION('',(1.60622544071927E-16,1.,0.));
#7025=DIRECTION('',(0.98102839358072,-0.193864104435123,0.));
#7026=DIRECTION('center_axis',(1.,-1.60622544071927E-16,0.));
#7027=DIRECTION('ref_axis',(1.60622544071927E-16,1.,0.));
#7028=DIRECTION('',(6.00555728023157E-17,0.373892551318467,0.927472026569302));
#7029=DIRECTION('center_axis',(0.180277745367944,0.912276088716844,-0.367766600550606));
#7030=DIRECTION('ref_axis',(1.17961196366423E-16,0.373892551318467,0.927472026569301));
#7031=DIRECTION('center_axis',(0.,0.,1.));
#7032=DIRECTION('ref_axis',(1.,0.,0.));
#7033=DIRECTION('',(0.,-1.,1.04150064599952E-16));
#7034=DIRECTION('',(-1.,-3.07030703712709E-16,0.));
#7035=DIRECTION('',(0.714072839144579,0.700071410926057,0.));
#7036=DIRECTION('',(1.,3.07030703712709E-16,0.));
#7037=DIRECTION('center_axis',(3.07030703712709E-16,-1.,0.));
#7038=DIRECTION('ref_axis',(1.,3.07030703712709E-16,0.));
#7039=DIRECTION('',(0.,0.,-1.));
#7040=DIRECTION('',(-1.,-3.07030703712709E-16,-3.77113799125393E-16));
#7041=DIRECTION('',(-4.62592926927148E-16,-1.42030231886964E-31,1.));
#7042=DIRECTION('center_axis',(0.,-0.707106781186544,0.707106781186551));
#7043=DIRECTION('ref_axis',(0.,-0.707106781186551,-0.707106781186544));
#7044=DIRECTION('',(-1.,0.,0.));
#7045=DIRECTION('',(0.577350269189627,-0.577350269189629,-0.577350269189622));
#7046=DIRECTION('',(0.182498333055009,0.695231744971471,0.695231744971463));
#7047=DIRECTION('',(-1.,0.,0.));
#7048=DIRECTION('',(-0.182498333055009,0.695231744971471,0.695231744971463));
#7049=DIRECTION('',(0.57735026918963,0.577350269189627,0.577350269189621));
#7050=DIRECTION('',(-1.,0.,0.));
#7051=DIRECTION('',(-1.1463876012586E-16,-0.707106781186551,-0.707106781186544));
#7052=DIRECTION('center_axis',(0.,-0.707106781186544,0.707106781186551));
#7053=DIRECTION('ref_axis',(0.,-0.707106781186551,-0.707106781186544));
#7054=DIRECTION('',(1.1463876012586E-16,0.707106781186551,0.707106781186544));
#7055=DIRECTION('center_axis',(-1.,1.62123689343627E-16,-1.40619884958187E-31));
#7056=DIRECTION('ref_axis',(-1.62123689343627E-16,-1.,0.));
#7057=DIRECTION('',(0.,8.67361737988443E-16,1.));
#7058=DIRECTION('',(1.62123689343627E-16,1.,-8.67361737988443E-16));
#7059=DIRECTION('center_axis',(1.,-1.62123689343627E-16,1.40619884958187E-31));
#7060=DIRECTION('ref_axis',(1.62123689343627E-16,1.,0.));
#7061=DIRECTION('',(-1.62123689343627E-16,-1.,8.67361737988443E-16));
#7062=DIRECTION('',(0.,8.67361737988443E-16,1.));
#7063=DIRECTION('center_axis',(0.,-8.67361737988443E-16,-1.));
#7064=DIRECTION('ref_axis',(0.,1.,-8.67361737988443E-16));
#7065=DIRECTION('center_axis',(0.,8.67361737988443E-16,1.));
#7066=DIRECTION('ref_axis',(0.,-1.,8.67361737988443E-16));
#7067=DIRECTION('center_axis',(0.,8.67361737988443E-16,1.));
#7068=DIRECTION('ref_axis',(0.,-1.,8.67361737988443E-16));
#7069=DIRECTION('center_axis',(0.,0.,-1.));
#7070=DIRECTION('ref_axis',(-1.,-4.42171830020836E-75,0.));
#7071=DIRECTION('center_axis',(0.,0.,-1.));
#7072=DIRECTION('ref_axis',(-1.,-4.42171830020836E-75,0.));
#7073=DIRECTION('',(0.,0.,-1.));
#7074=DIRECTION('center_axis',(0.,0.,-1.));
#7075=DIRECTION('ref_axis',(-1.,-4.42171830020836E-75,0.));
#7076=DIRECTION('center_axis',(-0.89792072272698,-2.75689231377089E-16,
-0.440157217023028));
#7077=DIRECTION('ref_axis',(-0.440157217023028,1.23259516440783E-32,0.89792072272698));
#7078=DIRECTION('center_axis',(0.,0.,1.));
#7079=DIRECTION('ref_axis',(1.,-7.69305604853318E-13,0.));
#7080=DIRECTION('',(-0.89792072272698,-2.75689231377089E-16,-0.440157217023028));
#7081=DIRECTION('center_axis',(-0.700071410926059,0.714072839144577,-1.44291404527059E-15));
#7082=DIRECTION('ref_axis',(0.588706393223547,0.577163130611324,0.565957156718296));
#7083=DIRECTION('',(0.89792072272698,2.77555756156289E-16,0.440157217023028));
#7084=DIRECTION('center_axis',(0.,0.894427190999916,-0.447213595499957));
#7085=DIRECTION('ref_axis',(0.,0.447213595499957,0.894427190999916));
#7086=DIRECTION('center_axis',(-0.70007141092606,0.714072839144576,3.42876739142901E-15));
#7087=DIRECTION('ref_axis',(0.581084994311373,0.56969117089351,-0.58119893254559));
#7088=DIRECTION('',(0.,-0.894427190999916,0.447213595499957));
#7089=DIRECTION('center_axis',(-2.61802551923424E-16,0.894427190999916,
-0.447213595499957));
#7090=DIRECTION('ref_axis',(-1.35585468084861E-31,0.447213595499957,0.894427190999916));
#7091=DIRECTION('',(0.,0.894427190999916,-0.447213595499957));
#7092=DIRECTION('center_axis',(0.,0.,1.));
#7093=DIRECTION('ref_axis',(0.103819620602361,-0.994596142350241,0.));
#7094=DIRECTION('',(3.31039028347402E-17,0.952246726541462,-0.3053296117167));
#7095=DIRECTION('center_axis',(0.401544904366259,-0.409575802453585,-0.819151604907171));
#7096=DIRECTION('ref_axis',(1.38777878078145E-16,0.894427190999916,-0.447213595499957));
#7097=DIRECTION('',(0.714072839144579,0.700071410926057,0.));
#7098=DIRECTION('center_axis',(0.700071410926058,-0.714072839144579,0.));
#7099=DIRECTION('ref_axis',(0.714072839144579,0.700071410926058,0.));
#7100=DIRECTION('',(-4.62592926927148E-16,-1.42030231886964E-31,1.));
#7101=DIRECTION('',(0.,0.,1.));
#7102=DIRECTION('center_axis',(0.,0.,-1.));
#7103=DIRECTION('ref_axis',(-1.,-4.42171830020836E-75,0.));
#7104=DIRECTION('center_axis',(0.939692620785906,3.58535723550401E-15,-0.342020143325676));
#7105=DIRECTION('ref_axis',(-3.81545747640906E-15,1.,-2.76101316827354E-30));
#7106=DIRECTION('',(0.342020143325675,1.63010684947953E-15,0.939692620785906));
#7107=DIRECTION('',(-3.81545747640907E-15,1.,0.));
#7108=DIRECTION('',(-0.342020143325675,-1.63010684947953E-15,-0.939692620785906));
#7109=DIRECTION('',(-3.81545747640907E-15,1.,0.));
#7110=DIRECTION('center_axis',(0.,0.,1.));
#7111=DIRECTION('ref_axis',(1.,0.,0.));
#7112=DIRECTION('',(0.,-0.342020143325677,-0.939692620785905));
#7113=DIRECTION('center_axis',(0.,0.,1.));
#7114=DIRECTION('ref_axis',(1.,0.,0.));
#7115=DIRECTION('center_axis',(0.,0.,1.));
#7116=DIRECTION('ref_axis',(1.,0.,0.));
#7117=DIRECTION('center_axis',(0.,0.,-1.));
#7118=DIRECTION('ref_axis',(-1.,0.,0.));
#7119=DIRECTION('',(0.,0.342020143325677,0.939692620785905));
#7120=DIRECTION('center_axis',(0.,0.,-1.));
#7121=DIRECTION('ref_axis',(-1.,0.,0.));
#7122=DIRECTION('center_axis',(0.,0.,-1.));
#7123=DIRECTION('ref_axis',(1.,1.27181915880303E-15,0.));
#7124=DIRECTION('center_axis',(0.,0.939692620785906,-0.342020143325677));
#7125=DIRECTION('ref_axis',(-1.,0.,0.));
#7126=DIRECTION('',(0.,-0.342020143325675,-0.939692620785906));
#7127=DIRECTION('',(-1.,0.,0.));
#7128=DIRECTION('',(-1.,0.,0.));
#7129=DIRECTION('center_axis',(-6.17232655272703E-16,0.939692620785905,
-0.342020143325677));
#7130=DIRECTION('ref_axis',(-1.,-6.568452721875E-16,0.));
#7131=DIRECTION('',(0.,0.342020143325677,0.939692620785905));
#7132=DIRECTION('',(-1.,-6.568452721875E-16,0.));
#7133=DIRECTION('',(-1.,-6.568452721875E-16,0.));
#7134=DIRECTION('center_axis',(0.,0.,1.));
#7135=DIRECTION('ref_axis',(1.,0.,0.));
#7136=DIRECTION('',(0.342020143325676,0.,-0.939692620785906));
#7137=DIRECTION('center_axis',(0.,0.,1.));
#7138=DIRECTION('ref_axis',(1.,0.,0.));
#7139=DIRECTION('center_axis',(0.,0.,1.));
#7140=DIRECTION('ref_axis',(-1.,0.,0.));
#7141=DIRECTION('center_axis',(0.,0.,1.));
#7142=DIRECTION('ref_axis',(1.,0.,0.));
#7143=DIRECTION('',(0.342020143325677,0.,0.939692620785905));
#7144=DIRECTION('center_axis',(0.,0.,1.));
#7145=DIRECTION('ref_axis',(1.,0.,0.));
#7146=DIRECTION('center_axis',(0.,0.,1.));
#7147=DIRECTION('ref_axis',(1.,0.,0.));
#7148=DIRECTION('center_axis',(-0.939692620785906,6.85905718313859E-16,
-0.342020143325676));
#7149=DIRECTION('ref_axis',(-7.29925619443735E-16,-1.,9.86076131526265E-32));
#7150=DIRECTION('',(0.342020143325677,0.,-0.939692620785905));
#7151=DIRECTION('',(-7.29925619443735E-16,-1.,0.));
#7152=DIRECTION('',(-7.29925619443735E-16,-1.,0.));
#7153=DIRECTION('center_axis',(0.939692620785906,-5.78459276205489E-16,
-0.342020143325676));
#7154=DIRECTION('ref_axis',(6.15583504020387E-16,1.,1.97215226305253E-31));
#7155=DIRECTION('',(0.342020143325677,0.,0.939692620785905));
#7156=DIRECTION('',(6.15583504020387E-16,1.,0.));
#7157=DIRECTION('',(6.15583504020387E-16,1.,0.));
#7158=DIRECTION('center_axis',(0.,0.,1.));
#7159=DIRECTION('ref_axis',(1.,0.,0.));
#7160=DIRECTION('',(-2.03763356184942E-16,0.342020143325678,-0.939692620785905));
#7161=DIRECTION('center_axis',(0.,0.,1.));
#7162=DIRECTION('ref_axis',(1.,0.,0.));
#7163=DIRECTION('center_axis',(0.,0.,1.));
#7164=DIRECTION('ref_axis',(1.,0.,0.));
#7165=DIRECTION('center_axis',(0.,0.,1.));
#7166=DIRECTION('ref_axis',(1.,0.,0.));
#7167=DIRECTION('',(0.,-0.342020143325678,0.939692620785905));
#7168=DIRECTION('center_axis',(0.,0.,1.));
#7169=DIRECTION('ref_axis',(-1.,0.,0.));
#7170=DIRECTION('center_axis',(0.,0.,1.));
#7171=DIRECTION('ref_axis',(1.,0.,0.));
#7172=DIRECTION('center_axis',(3.22218709569163E-16,-0.939692620785905,
-0.342020143325677));
#7173=DIRECTION('ref_axis',(1.,3.42897988599376E-16,0.));
#7174=DIRECTION('',(1.,3.42897988599376E-16,0.));
#7175=DIRECTION('',(1.,3.42897988599376E-16,0.));
#7176=DIRECTION('center_axis',(0.,0.,1.));
#7177=DIRECTION('ref_axis',(1.,0.,0.));
#7178=DIRECTION('center_axis',(-1.,0.,0.));
#7179=DIRECTION('ref_axis',(0.,0.,1.));
#7180=DIRECTION('',(0.,-0.952246726541462,-0.3053296117167));
#7181=DIRECTION('',(0.,0.,-1.));
#7182=DIRECTION('',(0.,1.,0.));
#7183=DIRECTION('center_axis',(6.88361657731237E-18,-0.952246726541462,
-0.3053296117167));
#7184=DIRECTION('ref_axis',(-0.389351084687143,-0.281235877155597,0.877104391879021));
#7185=DIRECTION('',(-1.97430713599869E-17,0.952246726541462,0.3053296117167));
#7186=DIRECTION('center_axis',(1.64010200683304E-15,-2.50912781346516E-15,
1.));
#7187=DIRECTION('ref_axis',(1.28790445967415E-14,1.,2.50912781346514E-15));
#7188=DIRECTION('',(6.88361657731238E-18,-0.952246726541462,-0.3053296117167));
#7189=DIRECTION('center_axis',(2.95170055922506E-15,-1.,-6.64939594579106E-15));
#7190=DIRECTION('ref_axis',(-7.0625197984302E-13,6.64939594578897E-15,-1.));
#7191=DIRECTION('center_axis',(0.939692620785913,0.,-0.342020143325657));
#7192=DIRECTION('ref_axis',(0.,1.,0.));
#7193=DIRECTION('',(0.323615577118174,0.323615577118174,0.889126490715996));
#7194=DIRECTION('',(0.,-1.,0.));
#7195=DIRECTION('',(0.323615577118175,-0.323615577118173,0.889126490715996));
#7196=DIRECTION('',(0.,1.,0.));
#7197=DIRECTION('center_axis',(-2.88514486633539E-16,0.939692620785913,
-0.342020143325657));
#7198=DIRECTION('ref_axis',(-1.,-3.07030703712709E-16,1.23259516440783E-31));
#7199=DIRECTION('',(-0.140268762712285,0.338638749317268,0.930402317101586));
#7200=DIRECTION('',(1.,3.07030703712709E-16,0.));
#7201=DIRECTION('',(-1.,-3.07030703712709E-16,0.));
#7202=DIRECTION('center_axis',(0.664463024388675,-0.664463024388677,0.342020143325663));
#7203=DIRECTION('ref_axis',(-0.707106781186549,-0.707106781186546,1.94289029309402E-16));
#7204=DIRECTION('',(-0.707106781186549,-0.707106781186546,0.));
#7205=DIRECTION('',(-0.338638749317268,0.140268762712286,0.930402317101586));
#7206=DIRECTION('',(0.707106781186549,0.707106781186546,0.));
#7207=DIRECTION('center_axis',(0.664463024388678,0.664463024388676,0.342020143325659));
#7208=DIRECTION('ref_axis',(0.707106781186546,-0.707106781186549,1.94289029309402E-16));
#7209=DIRECTION('',(-0.707106781186546,0.707106781186549,0.));
#7210=DIRECTION('',(-0.338638749317268,-0.140268762712279,0.930402317101587));
#7211=DIRECTION('',(0.707106781186546,-0.707106781186549,0.));
#7212=DIRECTION('',(-0.14026876271228,-0.338638749317269,0.930402317101587));
#7213=DIRECTION('center_axis',(2.71684474913249E-16,-0.939692620785913,
-0.342020143325657));
#7214=DIRECTION('ref_axis',(1.,2.89120579329468E-16,-7.39557098644699E-32));
#7215=DIRECTION('',(1.,2.89120579329468E-16,0.));
#7216=DIRECTION('',(-0.323615577118174,-0.323615577118174,0.889126490715996));
#7217=DIRECTION('',(-1.,-2.89120579329468E-16,0.));
#7218=DIRECTION('center_axis',(0.939692620785913,0.,0.342020143325657));
#7219=DIRECTION('ref_axis',(0.,-1.,0.));
#7220=DIRECTION('',(0.323615577118174,0.323615577118173,-0.889126490715996));
#7221=DIRECTION('',(0.,1.,0.));
#7222=DIRECTION('',(0.,-1.,0.));
#7223=DIRECTION('center_axis',(-0.241844762647967,0.241844762647968,0.939692620785913));
#7224=DIRECTION('ref_axis',(0.707106781186549,0.707106781186546,2.77555756156289E-17));
#7225=DIRECTION('',(-0.362725140887212,0.87569595454362,-0.318727261721193));
#7226=DIRECTION('',(0.707106781186549,0.707106781186546,0.));
#7227=DIRECTION('',(0.875695954543618,-0.362725140887217,0.318727261721194));
#7228=DIRECTION('',(-0.707106781186549,-0.707106781186546,0.));
#7229=DIRECTION('center_axis',(0.342020143325657,0.,-0.939692620785913));
#7230=DIRECTION('ref_axis',(0.,1.,0.));
#7231=DIRECTION('',(0.875695954543621,0.362725140887209,0.318727261721194));
#7232=DIRECTION('',(0.,-1.,0.));
#7233=DIRECTION('',(0.,1.,0.));
#7234=DIRECTION('center_axis',(0.,-0.342020143325656,-0.939692620785913));
#7235=DIRECTION('ref_axis',(1.,0.,0.));
#7236=DIRECTION('',(0.362725140887215,0.875695954543619,-0.318727261721193));
#7237=DIRECTION('',(1.,0.,0.));
#7238=DIRECTION('',(-1.,0.,0.));
#7239=DIRECTION('center_axis',(0.241844762647968,0.241844762647969,-0.939692620785912));
#7240=DIRECTION('ref_axis',(0.707106781186549,-0.707106781186546,0.));
#7241=DIRECTION('',(0.362725140887203,0.875695954543624,0.318727261721194));
#7242=DIRECTION('',(0.707106781186549,-0.707106781186546,0.));
#7243=DIRECTION('',(-0.707106781186549,0.707106781186546,0.));
#7244=DIRECTION('center_axis',(-0.241844762647967,-0.241844762647967,-0.939692620785913));
#7245=DIRECTION('ref_axis',(-0.707106781186546,0.707106781186549,-6.93889390390723E-16));
#7246=DIRECTION('',(0.875695954543618,0.362725140887217,-0.318727261721194));
#7247=DIRECTION('',(0.707106781186546,-0.707106781186549,0.));
#7248=DIRECTION('',(-0.707106781186546,0.707106781186549,0.));
#7249=DIRECTION('center_axis',(1.11945353185654E-17,-0.342020143325655,
0.939692620785913));
#7250=DIRECTION('ref_axis',(1.,3.27306316222039E-17,-4.62223186652937E-33));
#7251=DIRECTION('',(-0.36272514088721,0.875695954543621,0.318727261721193));
#7252=DIRECTION('',(1.,3.27306316222039E-17,0.));
#7253=DIRECTION('',(-1.,-3.27306316222039E-17,0.));
#7254=DIRECTION('center_axis',(0.342020143325657,0.,0.939692620785913));
#7255=DIRECTION('ref_axis',(0.,-1.,0.));
#7256=DIRECTION('',(0.875695954543618,-0.362725140887217,-0.318727261721194));
#7257=DIRECTION('',(0.,-1.,0.));
#7258=DIRECTION('',(0.,1.,0.));
#7259=DIRECTION('center_axis',(0.241844762647967,-0.241844762647968,0.939692620785913));
#7260=DIRECTION('ref_axis',(-0.707106781186549,-0.707106781186546,2.77555756156289E-17));
#7261=DIRECTION('',(-0.707106781186549,-0.707106781186546,0.));
#7262=DIRECTION('',(0.707106781186549,0.707106781186546,0.));
#7263=DIRECTION('center_axis',(0.664463024388678,-0.664463024388681,0.34202014332565));
#7264=DIRECTION('ref_axis',(-0.707106781186549,-0.707106781186546,0.));
#7265=DIRECTION('',(0.140268762712258,-0.338638749317275,-0.930402317101588));
#7266=DIRECTION('',(-0.707106781186549,-0.707106781186546,0.));
#7267=DIRECTION('',(-0.338638749317269,0.140268762712265,0.930402317101589));
#7268=DIRECTION('',(0.707106781186549,0.707106781186546,0.));
#7269=DIRECTION('center_axis',(0.939692620785913,0.,0.342020143325657));
#7270=DIRECTION('ref_axis',(0.,-1.,0.));
#7271=DIRECTION('',(-0.338638749317269,-0.140268762712275,0.930402317101588));
#7272=DIRECTION('',(0.,1.,0.));
#7273=DIRECTION('',(0.,-1.,0.));
#7274=DIRECTION('center_axis',(-8.8592763558668E-17,-0.939692620785911,
0.342020143325662));
#7275=DIRECTION('ref_axis',(-1.,9.42784497813482E-17,3.08148791101958E-32));
#7276=DIRECTION('',(-0.140268762712262,-0.338638749317275,-0.930402317101587));
#7277=DIRECTION('',(-1.,9.42784497813482E-17,0.));
#7278=DIRECTION('',(1.,-9.42784497813482E-17,0.));
#7279=DIRECTION('center_axis',(0.664463024388677,0.664463024388679,0.342020143325656));
#7280=DIRECTION('ref_axis',(0.707106781186549,-0.707106781186546,-2.22044604925031E-16));
#7281=DIRECTION('',(-0.140268762712269,-0.338638749317273,0.930402317101587));
#7282=DIRECTION('',(-0.707106781186549,0.707106781186546,0.));
#7283=DIRECTION('',(0.707106781186549,-0.707106781186546,0.));
#7284=DIRECTION('center_axis',(0.66446302438868,0.664463024388678,-0.342020143325652));
#7285=DIRECTION('ref_axis',(0.707106781186546,-0.707106781186549,-2.4980018054066E-16));
#7286=DIRECTION('',(-0.338638749317269,-0.140268762712268,-0.930402317101589));
#7287=DIRECTION('',(-0.707106781186546,0.707106781186549,0.));
#7288=DIRECTION('',(0.707106781186546,-0.707106781186549,0.));
#7289=DIRECTION('center_axis',(0.,0.939692620785911,0.342020143325661));
#7290=DIRECTION('ref_axis',(-1.,0.,0.));
#7291=DIRECTION('',(0.140268762712265,-0.338638749317273,0.930402317101588));
#7292=DIRECTION('',(-1.,0.,0.));
#7293=DIRECTION('',(1.,0.,0.));
#7294=DIRECTION('center_axis',(0.939692620785913,0.,-0.342020143325657));
#7295=DIRECTION('ref_axis',(0.,1.,0.));
#7296=DIRECTION('',(-0.338638749317269,0.140268762712269,-0.930402317101589));
#7297=DIRECTION('',(0.,1.,0.));
#7298=DIRECTION('',(0.,-1.,0.));
#7299=DIRECTION('center_axis',(0.66446302438868,-0.664463024388678,-0.342020143325653));
#7300=DIRECTION('ref_axis',(-0.707106781186546,-0.707106781186549,2.22044604925031E-16));
#7301=DIRECTION('',(0.707106781186546,0.707106781186549,0.));
#7302=DIRECTION('',(-0.707106781186546,-0.707106781186549,0.));
#7303=DIRECTION('center_axis',(-0.707106781186546,0.707106781186549,0.));
#7304=DIRECTION('ref_axis',(0.,0.,-1.));
#7305=DIRECTION('',(0.,0.,-1.));
#7306=DIRECTION('',(0.,0.,1.));
#7307=DIRECTION('',(-0.707106781186549,-0.707106781186546,0.));
#7308=DIRECTION('center_axis',(-0.707106781186546,-0.707106781186549,0.));
#7309=DIRECTION('ref_axis',(0.,0.,-1.));
#7310=DIRECTION('',(0.,0.,-1.));
#7311=DIRECTION('',(0.,0.,1.));
#7312=DIRECTION('',(-0.707106781186549,0.707106781186546,0.));
#7313=DIRECTION('center_axis',(-0.707106781186549,0.707106781186546,0.));
#7314=DIRECTION('ref_axis',(0.,0.,-1.));
#7315=DIRECTION('',(0.,0.,-1.));
#7316=DIRECTION('',(0.,0.,1.));
#7317=DIRECTION('',(0.707106781186546,0.707106781186549,0.));
#7318=DIRECTION('center_axis',(-0.707106781186546,-0.707106781186549,0.));
#7319=DIRECTION('ref_axis',(0.,0.,1.));
#7320=DIRECTION('',(0.,0.,-1.));
#7321=DIRECTION('',(0.,0.,1.));
#7322=DIRECTION('',(0.707106781186549,-0.707106781186546,0.));
#7323=DIRECTION('center_axis',(-0.707106781186549,-0.707106781186546,0.));
#7324=DIRECTION('ref_axis',(0.,0.,1.));
#7325=DIRECTION('',(0.,0.,-1.));
#7326=DIRECTION('',(0.,0.,1.));
#7327=DIRECTION('',(-0.577350269189627,0.577350269189629,-0.577350269189622));
#7328=DIRECTION('center_axis',(0.707106781186546,-0.707106781186549,0.));
#7329=DIRECTION('ref_axis',(0.,0.,-1.));
#7330=DIRECTION('',(0.,0.,-1.));
#7331=DIRECTION('',(0.,0.,1.));
#7332=DIRECTION('center_axis',(0.707106781186549,0.707106781186546,0.));
#7333=DIRECTION('ref_axis',(0.,0.,1.));
#7334=DIRECTION('',(0.,0.,-1.));
#7335=DIRECTION('',(0.,0.,1.));
#7336=DIRECTION('center_axis',(-0.707106781186546,0.707106781186549,0.));
#7337=DIRECTION('ref_axis',(0.,0.,-1.));
#7338=DIRECTION('',(0.,0.,-1.));
#7339=DIRECTION('',(0.,0.,1.));
#7340=DIRECTION('',(-0.577350269189629,-0.577350269189627,0.577350269189621));
#7341=DIRECTION('center_axis',(0.984807753012208,6.57065049413171E-17,0.173648177666933));
#7342=DIRECTION('ref_axis',(6.67201336914156E-17,-1.,-1.84889274661175E-32));
#7343=DIRECTION('',(0.173648177666934,0.,-0.984807753012207));
#7344=DIRECTION('',(6.67201336914157E-17,-1.,0.));
#7345=DIRECTION('',(-0.173648177666934,0.,0.984807753012207));
#7346=DIRECTION('',(-6.67201336914157E-17,1.,0.));
#7347=DIRECTION('center_axis',(0.,0.,1.));
#7348=DIRECTION('ref_axis',(1.,0.,0.));
#7349=DIRECTION('',(0.173648177666933,0.,0.984807753012208));
#7350=DIRECTION('center_axis',(0.,0.,-1.));
#7351=DIRECTION('ref_axis',(1.,0.,0.));
#7352=DIRECTION('center_axis',(0.,0.,1.));
#7353=DIRECTION('ref_axis',(1.,0.,0.));
#7354=DIRECTION('center_axis',(0.,0.,1.));
#7355=DIRECTION('ref_axis',(1.,0.,0.));
#7356=DIRECTION('',(-0.173648177666933,0.,-0.984807753012208));
#7357=DIRECTION('center_axis',(0.,0.,1.));
#7358=DIRECTION('ref_axis',(1.,0.,0.));
#7359=DIRECTION('center_axis',(0.,0.,-1.));
#7360=DIRECTION('ref_axis',(1.,0.,0.));
#7361=DIRECTION('center_axis',(-0.984807753012208,-1.97119514823951E-16,
0.173648177666933));
#7362=DIRECTION('ref_axis',(-2.00160401074246E-16,1.,-9.86076131526265E-32));
#7363=DIRECTION('',(-2.00160401074247E-16,1.,0.));
#7364=DIRECTION('',(2.00160401074247E-16,-1.,0.));
#7365=DIRECTION('center_axis',(-0.984807753012208,-6.57065049413172E-17,
-0.173648177666932));
#7366=DIRECTION('ref_axis',(6.67201336914157E-17,-1.,1.54074395550979E-33));
#7367=DIRECTION('',(-0.173648177666932,0.,0.984807753012208));
#7368=DIRECTION('',(-6.67201336914157E-17,1.,0.));
#7369=DIRECTION('',(0.173648177666932,0.,-0.984807753012208));
#7370=DIRECTION('',(6.67201336914157E-17,-1.,0.));
#7371=DIRECTION('center_axis',(0.,0.,1.));
#7372=DIRECTION('ref_axis',(1.,0.,0.));
#7373=DIRECTION('',(-0.173648177666932,0.,-0.984807753012208));
#7374=DIRECTION('center_axis',(0.,0.,1.));
#7375=DIRECTION('ref_axis',(1.,0.,0.));
#7376=DIRECTION('center_axis',(0.,0.,-1.));
#7377=DIRECTION('ref_axis',(1.,0.,0.));
#7378=DIRECTION('center_axis',(0.,0.,1.));
#7379=DIRECTION('ref_axis',(1.,0.,0.));
#7380=DIRECTION('',(0.173648177666932,0.,0.984807753012208));
#7381=DIRECTION('center_axis',(0.,0.,-1.));
#7382=DIRECTION('ref_axis',(1.,0.,0.));
#7383=DIRECTION('center_axis',(0.,0.,1.));
#7384=DIRECTION('ref_axis',(1.,0.,0.));
#7385=DIRECTION('center_axis',(-0.984807753012208,-1.97119514823951E-16,
0.173648177666932));
#7386=DIRECTION('ref_axis',(-2.00160401074247E-16,1.,-9.86076131526265E-32));
#7387=DIRECTION('',(2.00160401074247E-16,-1.,0.));
#7388=DIRECTION('',(-2.00160401074247E-16,1.,0.));
#7389=DIRECTION('center_axis',(-0.926621372279052,0.11480264789298,0.358040758116233));
#7390=DIRECTION('ref_axis',(-0.360423765128489,6.24500451351651E-17,-0.932788673564706));
#7391=DIRECTION('',(-0.12295374891931,-0.992412401991575,-2.03134052104462E-16));
#7392=DIRECTION('',(3.31039028347402E-17,0.952246726541462,-0.3053296117167));
#7393=DIRECTION('',(0.182498333055009,-0.695231744971471,0.695231744971463));
#7394=DIRECTION('center_axis',(0.926621372279052,0.11480264789298,0.358040758116233));
#7395=DIRECTION('ref_axis',(0.360423765128489,6.24500451351651E-17,-0.932788673564706));
#7396=DIRECTION('',(0.12295374891931,-0.992412401991575,-2.03134052104462E-16));
#7397=DIRECTION('',(-0.182498333055009,-0.695231744971471,0.695231744971463));
#7398=DIRECTION('',(-3.31039028347402E-17,0.952246726541462,-0.3053296117167));
#7399=DIRECTION('center_axis',(-0.926621372279052,-0.11480264789298,0.358040758116233));
#7400=DIRECTION('ref_axis',(-0.360423765128489,-6.24500451351651E-17,-0.932788673564706));
#7401=DIRECTION('',(-0.360423765128488,-1.04205927778057E-16,-0.932788673564706));
#7402=DIRECTION('',(-0.12295374891931,0.992412401991575,-2.03134052104462E-16));
#7403=DIRECTION('',(3.31039028347402E-17,-0.952246726541462,-0.3053296117167));
#7404=DIRECTION('center_axis',(-0.375995787789818,0.282924943806359,-0.882372168496084));
#7405=DIRECTION('ref_axis',(-0.919959839663711,1.38777878078145E-17,0.392012618937093));
#7406=DIRECTION('',(-0.601261569813297,-0.799052266541839,0.));
#7407=DIRECTION('',(0.919959839663711,2.65979321803417E-16,-0.392012618937093));
#7408=DIRECTION('',(-0.705148200827524,-0.705148200827524,0.0743776158492095));
#7409=DIRECTION('center_axis',(0.926621372279052,-0.11480264789298,0.358040758116233));
#7410=DIRECTION('ref_axis',(0.360423765128489,-6.24500451351651E-17,-0.932788673564706));
#7411=DIRECTION('',(0.12295374891931,0.992412401991575,-2.03134052104462E-16));
#7412=DIRECTION('',(-3.31039028347402E-17,-0.952246726541462,-0.3053296117167));
#7413=DIRECTION('center_axis',(0.,0.707106781186543,0.707106781186552));
#7414=DIRECTION('ref_axis',(0.,-0.707106781186552,0.707106781186543));
#7415=DIRECTION('',(-1.,0.,0.));
#7416=DIRECTION('',(-1.,0.,0.));
#7417=DIRECTION('center_axis',(0.,-1.,0.));
#7418=DIRECTION('ref_axis',(0.,0.,-1.));
#7419=DIRECTION('',(-1.,0.,0.));
#7420=DIRECTION('center_axis',(-3.27306316222039E-17,1.,0.));
#7421=DIRECTION('ref_axis',(-1.,-3.27306316222039E-17,0.));
#7422=DIRECTION('',(1.,3.27306316222039E-17,0.));
#7423=DIRECTION('center_axis',(0.,0.,1.));
#7424=DIRECTION('ref_axis',(1.,0.,0.));
#7425=DIRECTION('center_axis',(0.,0.,1.));
#7426=DIRECTION('ref_axis',(1.,0.,0.));
#7427=DIRECTION('center_axis',(0.,0.,-1.));
#7428=DIRECTION('ref_axis',(-1.,0.,0.));
#7429=DIRECTION('',(-6.67201336914157E-17,1.,0.));
#7430=DIRECTION('center_axis',(0.,0.,-1.));
#7431=DIRECTION('ref_axis',(-1.,0.,0.));
#7432=DIRECTION('',(2.00160401074247E-16,-1.,0.));
#7433=DIRECTION('center_axis',(0.,0.,-1.));
#7434=DIRECTION('ref_axis',(-1.,0.,0.));
#7435=DIRECTION('center_axis',(0.,0.,1.));
#7436=DIRECTION('ref_axis',(-1.,0.,0.));
#7437=DIRECTION('center_axis',(1.,2.00160401074247E-16,0.));
#7438=DIRECTION('ref_axis',(-2.00160401074247E-16,1.,0.));
#7439=DIRECTION('',(0.,0.,-1.));
#7440=DIRECTION('',(0.,0.,-1.));
#7441=DIRECTION('center_axis',(0.,0.,-1.));
#7442=DIRECTION('ref_axis',(-1.,0.,0.));
#7443=DIRECTION('',(0.,0.,-1.));
#7444=DIRECTION('center_axis',(-1.,-6.67201336914157E-17,0.));
#7445=DIRECTION('ref_axis',(6.67201336914157E-17,-1.,0.));
#7446=DIRECTION('',(0.,0.,-1.));
#7447=DIRECTION('center_axis',(0.,0.,-1.));
#7448=DIRECTION('ref_axis',(-1.,0.,0.));
#7449=DIRECTION('center_axis',(0.,1.,0.));
#7450=DIRECTION('ref_axis',(0.,0.,1.));
#7451=DIRECTION('center_axis',(0.,0.,1.));
#7452=DIRECTION('ref_axis',(1.,0.,0.));
#7453=DIRECTION('center_axis',(0.,0.,1.));
#7454=DIRECTION('ref_axis',(1.,0.,0.));
#7455=DIRECTION('center_axis',(0.,0.,-1.));
#7456=DIRECTION('ref_axis',(-1.,0.,0.));
#7457=DIRECTION('',(6.67201336914157E-17,-1.,0.));
#7458=DIRECTION('center_axis',(0.,0.,1.));
#7459=DIRECTION('ref_axis',(1.,0.,0.));
#7460=DIRECTION('',(2.00160401074247E-16,-1.,0.));
#7461=DIRECTION('center_axis',(0.,0.,1.));
#7462=DIRECTION('ref_axis',(1.,0.,0.));
#7463=DIRECTION('center_axis',(0.,0.,1.));
#7464=DIRECTION('ref_axis',(-1.,0.,0.));
#7465=DIRECTION('center_axis',(0.,0.,1.));
#7466=DIRECTION('ref_axis',(1.,0.,0.));
#7467=DIRECTION('center_axis',(1.,2.00160401074247E-16,0.));
#7468=DIRECTION('ref_axis',(-2.00160401074247E-16,1.,0.));
#7469=DIRECTION('',(0.,0.,-1.));
#7470=DIRECTION('',(0.,0.,-1.));
#7471=DIRECTION('center_axis',(0.,0.,-1.));
#7472=DIRECTION('ref_axis',(-1.,0.,0.));
#7473=DIRECTION('',(0.,0.,-1.));
#7474=DIRECTION('center_axis',(1.,6.67201336914157E-17,0.));
#7475=DIRECTION('ref_axis',(-6.67201336914157E-17,1.,0.));
#7476=DIRECTION('',(0.,0.,-1.));
#7477=DIRECTION('center_axis',(0.,0.,-1.));
#7478=DIRECTION('ref_axis',(-1.,0.,0.));
#7479=DIRECTION('center_axis',(-1.,0.,0.));
#7480=DIRECTION('ref_axis',(0.,0.,1.));
#7481=DIRECTION('',(0.,0.,-1.));
#7482=DIRECTION('center_axis',(9.42784497813482E-17,1.,0.));
#7483=DIRECTION('ref_axis',(-1.,9.42784497813482E-17,0.));
#7484=DIRECTION('center_axis',(1.,0.,0.));
#7485=DIRECTION('ref_axis',(0.,0.,-1.));
#7486=DIRECTION('',(0.,-1.,0.));
#7487=DIRECTION('',(0.,0.,1.));
#7488=DIRECTION('',(0.,-1.,0.));
#7489=DIRECTION('',(0.,0.,-1.));
#7490=DIRECTION('center_axis',(3.07030703712709E-16,-1.,0.));
#7491=DIRECTION('ref_axis',(1.,3.07030703712709E-16,0.));
#7492=DIRECTION('',(0.,0.,1.));
#7493=DIRECTION('',(-1.,1.30922526488816E-16,0.));
#7494=DIRECTION('center_axis',(0.,0.,1.));
#7495=DIRECTION('ref_axis',(1.,0.,0.));
#7496=DIRECTION('center_axis',(0.,0.,1.));
#7497=DIRECTION('ref_axis',(1.,0.,0.));
#7498=DIRECTION('',(0.,1.,0.));
#7499=DIRECTION('center_axis',(0.,0.,1.));
#7500=DIRECTION('ref_axis',(1.,0.,0.));
#7501=DIRECTION('',(0.,1.,0.));
#7502=DIRECTION('',(0.,1.,0.));
#7503=DIRECTION('center_axis',(-1.,0.,0.));
#7504=DIRECTION('ref_axis',(0.,0.,1.));
#7505=DIRECTION('',(0.,0.,1.));
#7506=DIRECTION('',(-5.9818050895752E-17,1.,0.));
#7507=DIRECTION('center_axis',(-1.,0.,0.));
#7508=DIRECTION('ref_axis',(0.,0.,1.));
#7509=DIRECTION('center_axis',(-2.89120579329468E-16,1.,0.));
#7510=DIRECTION('ref_axis',(-1.,-2.89120579329468E-16,0.));
#7511=DIRECTION('',(1.,0.,0.));
#7512=DIRECTION('',(0.,0.,-1.));
#7513=DIRECTION('',(0.,0.,-1.));
#7514=DIRECTION('center_axis',(3.07030703712709E-16,-1.,0.));
#7515=DIRECTION('ref_axis',(1.,3.07030703712709E-16,0.));
#7516=DIRECTION('',(0.,0.,1.));
#7517=DIRECTION('center_axis',(0.,0.,-1.));
#7518=DIRECTION('ref_axis',(-1.,0.,0.));
#7519=DIRECTION('',(0.,0.,-1.));
#7520=DIRECTION('center_axis',(0.,0.,-1.));
#7521=DIRECTION('ref_axis',(-1.,0.,0.));
#7522=DIRECTION('',(0.,0.,-1.));
#7523=DIRECTION('center_axis',(0.,0.,-1.));
#7524=DIRECTION('ref_axis',(-1.,0.,0.));
#7525=DIRECTION('',(0.707106781186548,0.707106781186548,0.));
#7526=DIRECTION('',(0.707106781186546,-0.707106781186549,0.));
#7527=DIRECTION('',(-0.707106781186549,-0.707106781186546,0.));
#7528=DIRECTION('center_axis',(-0.707106781186548,0.707106781186548,0.));
#7529=DIRECTION('ref_axis',(-0.707106781186548,-0.707106781186548,0.));
#7530=DIRECTION('center_axis',(-0.939692620785913,0.,-0.342020143325657));
#7531=DIRECTION('ref_axis',(0.,-1.,0.));
#7532=DIRECTION('center_axis',(-0.707106781186549,-0.707106781186546,0.));
#7533=DIRECTION('ref_axis',(0.,0.,-1.));
#7534=DIRECTION('center_axis',(-0.707106781186546,0.707106781186549,0.));
#7535=DIRECTION('ref_axis',(0.,0.,-1.));
#7536=DIRECTION('',(0.,0.,1.));
#7537=DIRECTION('',(1.,0.,0.));
#7538=DIRECTION('',(0.,0.,1.));
#7539=DIRECTION('',(1.,0.,0.));
#7540=DIRECTION('',(0.,0.,-1.));
#7541=DIRECTION('',(1.,0.,0.));
#7542=CARTESIAN_POINT('',(0.,0.,0.));
#7543=CARTESIAN_POINT('',(0.,0.,0.));
#7544=CARTESIAN_POINT('Ctrl Pts',(6.6,-22.5674958931886,-20.1375833049042));
#7545=CARTESIAN_POINT('Ctrl Pts',(6.6,-22.8573490406369,-19.5443466786196));
#7546=CARTESIAN_POINT('Ctrl Pts',(6.6,-23.2513745588909,-19.0176549337834));
#7547=CARTESIAN_POINT('Ctrl Pts',(6.6,-23.7179111260521,-18.5961007617259));
#7548=CARTESIAN_POINT('Ctrl Pts',(6.46982875240452,-22.4736328958379,-20.0917222032702));
#7549=CARTESIAN_POINT('Ctrl Pts',(6.47129438182349,-22.7750378034573,-19.4898983471567));
#7550=CARTESIAN_POINT('Ctrl Pts',(6.47313487869618,-23.1811085328272,-18.9571434181956));
#7551=CARTESIAN_POINT('Ctrl Pts',(6.47485675287124,-23.6593669623832,-18.5313095795818));
#7552=CARTESIAN_POINT('Ctrl Pts',(6.33965750480905,-22.3797698984872,-20.0458611016363));
#7553=CARTESIAN_POINT('Ctrl Pts',(6.34258876364698,-22.6927265662778,-19.4354500156939));
#7554=CARTESIAN_POINT('Ctrl Pts',(6.34626975739235,-23.1108425067635,-18.8966319026077));
#7555=CARTESIAN_POINT('Ctrl Pts',(6.34971350574248,-23.6008227987144,-18.4665183974377));
#7556=CARTESIAN_POINT('Ctrl Pts',(6.20948625721357,-22.2859069011365,-20.0000000000023));
#7557=CARTESIAN_POINT('Ctrl Pts',(6.21388314547048,-22.6104153290982,-19.381001684231));
#7558=CARTESIAN_POINT('Ctrl Pts',(6.21940463608852,-23.0405764806998,-18.8361203870199));
#7559=CARTESIAN_POINT('Ctrl Pts',(6.22457025861373,-23.5422786350455,-18.4017272152936));
#7560=CARTESIAN_POINT('',(6.6,-23.7179111260521,-18.5961007617259));
#7561=CARTESIAN_POINT('',(6.6,-22.6371791898881,-20.0000000000182));
#7562=CARTESIAN_POINT('Ctrl Pts',(6.6,-23.7179111260521,-18.5961007617259));
#7563=CARTESIAN_POINT('Ctrl Pts',(6.6,-23.2877610165383,-18.9847767756553));
#7564=CARTESIAN_POINT('Ctrl Pts',(6.6,-22.9192523624247,-19.4628299686626));
#7565=CARTESIAN_POINT('Ctrl Pts',(6.6,-22.6372011813019,-20.0000115434933));
#7566=CARTESIAN_POINT('',(6.20948625721356,-22.2859069011357,-20.0000000000019));
#7567=CARTESIAN_POINT('Ctrl Pts',(6.20948625721358,-22.2859069011377,-20.));
#7568=CARTESIAN_POINT('Ctrl Pts',(6.27458236439129,-22.3447219947307,-20.));
#7569=CARTESIAN_POINT('Ctrl Pts',(6.33974194769034,-22.4034691269931,-20.0000018236613));
#7570=CARTESIAN_POINT('Ctrl Pts',(6.40496760690898,-22.4621448023535,-20.0000052252629));
#7571=CARTESIAN_POINT('Ctrl Pts',(6.46991301967921,-22.5205683737133,-20.0000086122492));
#7572=CARTESIAN_POINT('Ctrl Pts',(6.53492041134333,-22.5789179290634,-20.0000135636098));
#7573=CARTESIAN_POINT('Ctrl Pts',(6.6,-22.6371968481157,-20.0000197962961));
#7574=CARTESIAN_POINT('',(6.22166772972956,-23.2707307032906,-18.6544418134656));
#7575=CARTESIAN_POINT('Ctrl Pts',(6.20948625721357,-22.2859069011365,-20.0000000000023));
#7576=CARTESIAN_POINT('Ctrl Pts',(6.21306790167143,-22.550246985448,-19.4957725196641));
#7577=CARTESIAN_POINT('Ctrl Pts',(6.21739577677133,-22.8846930045491,-19.0407254361104));
#7578=CARTESIAN_POINT('Ctrl Pts',(6.22166965979757,-23.2708069181138,-18.654518031212));
#7579=CARTESIAN_POINT('',(6.26935648267444,-23.4422152559484,-18.5347303178716));
#7580=CARTESIAN_POINT('Ctrl Pts',(6.22166944702134,-23.2707876953925,-18.6545372586875));
#7581=CARTESIAN_POINT('Ctrl Pts',(6.23832417492255,-23.3274020121684,-18.6141848875337));
#7582=CARTESIAN_POINT('Ctrl Pts',(6.25424765550868,-23.3845514935721,-18.5742401846657));
#7583=CARTESIAN_POINT('Ctrl Pts',(6.26935683905278,-23.4422297326701,-18.5347542731405));
#7584=CARTESIAN_POINT('Ctrl Pts',(6.26935683905239,-23.4422297326704,-18.5347542731399));
#7585=CARTESIAN_POINT('Ctrl Pts',(6.32459670544047,-23.4877795528938,-18.545411180199));
#7586=CARTESIAN_POINT('Ctrl Pts',(6.37990360079077,-23.5336064591268,-18.5558914174465));
#7587=CARTESIAN_POINT('Ctrl Pts',(6.43495196740341,-23.5794862545738,-18.5661130407291));
#7588=CARTESIAN_POINT('Ctrl Pts',(6.49002031491354,-23.6253827030034,-18.5763383741527));
#7589=CARTESIAN_POINT('Ctrl Pts',(6.54517190735165,-23.6716170251594,-18.5863683494254));
#7590=CARTESIAN_POINT('Ctrl Pts',(6.6,-23.7179111260521,-18.5961007617259));
#7591=CARTESIAN_POINT('Origin',(6.41467572554419,-36.4523545406472,-25.8589067763559));
#7592=CARTESIAN_POINT('',(6.22935145108838,-9.47064854891163,-16.9184581151254));
#7593=CARTESIAN_POINT('',(6.22935145108838,-19.0812073023643,-20.));
#7594=CARTESIAN_POINT('',(6.22935145108838,-36.5363809925691,-25.5968492794244));
#7595=CARTESIAN_POINT('',(6.6,-17.27857076141,-20.));
#7596=CARTESIAN_POINT('',(6.27544652756671,-18.8570254744254,-20.));
#7597=CARTESIAN_POINT('',(6.6,-9.10000000000001,-17.3776125815118));
#7598=CARTESIAN_POINT('',(6.6,-36.3683280887252,-26.1209642732874));
#7599=CARTESIAN_POINT('',(6.6,-9.10000000000001,-17.3776125815118));
#7600=CARTESIAN_POINT('Ctrl Pts',(6.6,-23.5180815416435,-18.6923074261442));
#7601=CARTESIAN_POINT('Ctrl Pts',(6.6,-23.7075159502342,-18.60110328412));
#7602=CARTESIAN_POINT('Ctrl Pts',(6.6,-24.0279054117001,-18.4468646381124));
#7603=CARTESIAN_POINT('Ctrl Pts',(6.6,-24.5808059361217,-18.1806270550531));
#7604=CARTESIAN_POINT('Ctrl Pts',(6.6,-25.146175224295,-17.9081971934223));
#7605=CARTESIAN_POINT('Ctrl Pts',(6.6,-25.9348254174347,-17.5277651132427));
#7606=CARTESIAN_POINT('Ctrl Pts',(6.6,-26.747077868989,-17.1350578010367));
#7607=CARTESIAN_POINT('Ctrl Pts',(6.6,-27.3593132400573,-16.8380891664514));
#7608=CARTESIAN_POINT('Ctrl Pts',(6.6,-27.5624529390177,-16.7394389694047));
#7609=CARTESIAN_POINT('Ctrl Pts',(6.6,-27.5685426670178,-16.7364816308331));
#7610=CARTESIAN_POINT('Ctrl Pts',(6.6,-27.5746312402155,-16.7335247479237));
#7611=CARTESIAN_POINT('Ctrl Pts',(6.60000000000006,-28.0256938520054,-16.5144609512297));
#7612=CARTESIAN_POINT('Ctrl Pts',(6.6,-29.3426341445055,-15.8731865429623));
#7613=CARTESIAN_POINT('Ctrl Pts',(6.60000000000001,-31.0517295824399,-15.0337953550926));
#7614=CARTESIAN_POINT('Ctrl Pts',(6.6,-32.7637686029791,-14.1853761182945));
#7615=CARTESIAN_POINT('Ctrl Pts',(6.6,-33.6294115802555,-13.753833345685));
#7616=CARTESIAN_POINT('Ctrl Pts',(6.6,-34.0663133897824,-13.5353825721812));
#7617=CARTESIAN_POINT('Ctrl Pts',(6.48978549422481,-23.4927927797451,-18.6397817233867));
#7618=CARTESIAN_POINT('Ctrl Pts',(6.49007809019941,-23.6824147594443,-18.5489640301128));
#7619=CARTESIAN_POINT('Ctrl Pts',(6.49060425387761,-24.0031347768528,-18.3954135454527));
#7620=CARTESIAN_POINT('Ctrl Pts',(6.49142228712803,-24.5565296248706,-18.1302262763068));
#7621=CARTESIAN_POINT('Ctrl Pts',(6.49221779689868,-25.1223604403827,-17.8587990383058));
#7622=CARTESIAN_POINT('Ctrl Pts',(6.49324568058891,-25.9115840892483,-17.4796410203665));
#7623=CARTESIAN_POINT('Ctrl Pts',(6.49418574205321,-26.7243290242221,-17.0880710244344));
#7624=CARTESIAN_POINT('Ctrl Pts',(6.49480104911822,-27.336868579509,-16.7918348910299));
#7625=CARTESIAN_POINT('Ctrl Pts',(6.49499490150522,-27.5401021762041,-16.6934144568805));
#7626=CARTESIAN_POINT('Ctrl Pts',(6.49500072934208,-27.5461947367474,-16.690464032723));
#7627=CARTESIAN_POINT('Ctrl Pts',(6.49500650700595,-27.5522860966188,-16.6875139806693));
#7628=CARTESIAN_POINT('Ctrl Pts',(6.49543633481213,-28.0035571117637,-16.4689596990224));
#7629=CARTESIAN_POINT('Ctrl Pts',(6.49654439052486,-29.3210075345424,-15.8289818642087));
#7630=CARTESIAN_POINT('Ctrl Pts',(6.4974662088863,-31.0304565475675,-14.9906556913469));
#7631=CARTESIAN_POINT('Ctrl Pts',(6.49792191610007,-32.7426016589929,-14.1427916746738));
#7632=CARTESIAN_POINT('Ctrl Pts',(6.49799709513053,-33.6082171554212,-13.7113616249696));
#7633=CARTESIAN_POINT('Ctrl Pts',(6.49799737187379,-34.0450860706553,-13.4929279084174));
#7634=CARTESIAN_POINT('Ctrl Pts',(6.37957098844963,-23.4675040178467,-18.5872560206292));
#7635=CARTESIAN_POINT('Ctrl Pts',(6.38020363912315,-23.6573444751038,-18.4968879404986));
#7636=CARTESIAN_POINT('Ctrl Pts',(6.3811976061229,-23.9783571303631,-18.3439480298763));
#7637=CARTESIAN_POINT('Ctrl Pts',(6.38286383068693,-24.5322658657541,-18.0798511394972));
#7638=CARTESIAN_POINT('Ctrl Pts',(6.38444089916284,-25.0985491515791,-17.8094079845598));
#7639=CARTESIAN_POINT('Ctrl Pts',(6.38650011516902,-25.8883484641865,-17.4315285788374));
#7640=CARTESIAN_POINT('Ctrl Pts',(6.38837339458507,-26.7015814308593,-17.0410868031457));
#7641=CARTESIAN_POINT('Ctrl Pts',(6.38960174819543,-27.3144236826615,-16.7455801370752));
#7642=CARTESIAN_POINT('Ctrl Pts',(6.38998980301043,-27.5177514133904,-16.6473899443563));
#7643=CARTESIAN_POINT('Ctrl Pts',(6.39000141962651,-27.5238467680005,-16.6444463656396));
#7644=CARTESIAN_POINT('Ctrl Pts',(6.39001305451777,-27.5299410028521,-16.6415032795408));
#7645=CARTESIAN_POINT('Ctrl Pts',(6.3908714005717,-27.9814180830208,-16.4234568410638));
#7646=CARTESIAN_POINT('Ctrl Pts',(6.39308950647296,-29.2993829173193,-15.784777789605));
#7647=CARTESIAN_POINT('Ctrl Pts',(6.39493277834778,-31.0091481471518,-14.9475345889369));
#7648=CARTESIAN_POINT('Ctrl Pts',(6.39584348558357,-32.7214246718982,-14.1002114533608));
#7649=CARTESIAN_POINT('Ctrl Pts',(6.39599499033904,-33.5869387212989,-13.6689336982729));
#7650=CARTESIAN_POINT('Ctrl Pts',(6.39599474374758,-34.0238587515282,-13.4504732446535));
#7651=CARTESIAN_POINT('Ctrl Pts',(6.26935648267444,-23.4422152559483,-18.5347303178716));
#7652=CARTESIAN_POINT('Ctrl Pts',(6.27028172932257,-23.6322432843139,-18.4447486864913));
#7653=CARTESIAN_POINT('Ctrl Pts',(6.27180186000051,-23.9535864955157,-18.2924969372166));
#7654=CARTESIAN_POINT('Ctrl Pts',(6.27428611781496,-24.507989554503,-18.0294503607509));
#7655=CARTESIAN_POINT('Ctrl Pts',(6.27665869606153,-25.0747343676668,-17.7600098294432));
#7656=CARTESIAN_POINT('Ctrl Pts',(6.27974579575793,-25.8651071360002,-17.3834044859611));
#7657=CARTESIAN_POINT('Ctrl Pts',(6.28255913663828,-26.6788325860924,-16.9941000265434));
#7658=CARTESIAN_POINT('Ctrl Pts',(6.28440279731365,-27.2919790221132,-16.6993258616536));
#7659=CARTESIAN_POINT('Ctrl Pts',(6.28498470451565,-27.4954006505768,-16.601365431832));
#7660=CARTESIAN_POINT('Ctrl Pts',(6.28500214896858,-27.5014988377301,-16.5984287675295));
#7661=CARTESIAN_POINT('Ctrl Pts',(6.28501956152371,-27.5075958592555,-16.5954925122863));
#7662=CARTESIAN_POINT('Ctrl Pts',(6.28630773538378,-27.9592813427791,-16.3779555888566));
#7663=CARTESIAN_POINT('Ctrl Pts',(6.28963389699782,-29.2777563073562,-15.7405731108515));
#7664=CARTESIAN_POINT('Ctrl Pts',(6.29239898723406,-30.9878751122794,-14.9043949251912));
#7665=CARTESIAN_POINT('Ctrl Pts',(6.29376540168364,-32.700257727912,-14.0576270097401));
#7666=CARTESIAN_POINT('Ctrl Pts',(6.29399208546957,-33.5657442964646,-13.6264619775575));
#7667=CARTESIAN_POINT('Ctrl Pts',(6.29399211562137,-34.002631432401,-13.4080185808897));
#7668=CARTESIAN_POINT('',(6.29399211562137,-34.002631432401,-13.4080185808897));
#7669=CARTESIAN_POINT('Ctrl Pts',(6.26935648267444,-23.4422152559483,-18.5347303178716));
#7670=CARTESIAN_POINT('Ctrl Pts',(6.27028172932257,-23.6322432843139,-18.4447486864913));
#7671=CARTESIAN_POINT('Ctrl Pts',(6.27180186000051,-23.9535864955157,-18.2924969372166));
#7672=CARTESIAN_POINT('Ctrl Pts',(6.27428611781496,-24.507989554503,-18.0294503607509));
#7673=CARTESIAN_POINT('Ctrl Pts',(6.27665869606153,-25.0747343676668,-17.7600098294432));
#7674=CARTESIAN_POINT('Ctrl Pts',(6.27974579575793,-25.8651071360002,-17.3834044859611));
#7675=CARTESIAN_POINT('Ctrl Pts',(6.28255913663828,-26.6788325860924,-16.9941000265434));
#7676=CARTESIAN_POINT('Ctrl Pts',(6.28440279731365,-27.2919790221132,-16.6993258616536));
#7677=CARTESIAN_POINT('Ctrl Pts',(6.28498470451565,-27.4954006505768,-16.601365431832));
#7678=CARTESIAN_POINT('Ctrl Pts',(6.28500214896858,-27.5014988377301,-16.5984287675295));
#7679=CARTESIAN_POINT('Ctrl Pts',(6.28501956152371,-27.5075958592555,-16.5954925122863));
#7680=CARTESIAN_POINT('Ctrl Pts',(6.28630773538378,-27.9592813427791,-16.3779555888566));
#7681=CARTESIAN_POINT('Ctrl Pts',(6.28963389699782,-29.2777563073562,-15.7405731108515));
#7682=CARTESIAN_POINT('Ctrl Pts',(6.29239898723406,-30.9878751122794,-14.9043949251912));
#7683=CARTESIAN_POINT('Ctrl Pts',(6.29376540168364,-32.700257727912,-14.0576270097401));
#7684=CARTESIAN_POINT('Ctrl Pts',(6.29399208546957,-33.5657442964646,-13.6264619775575));
#7685=CARTESIAN_POINT('Ctrl Pts',(6.29399211562137,-34.002631432401,-13.4080185808897));
#7686=CARTESIAN_POINT('',(6.6,-34.0663133897824,-13.5353825721812));
#7687=CARTESIAN_POINT('',(6.29399211562137,-34.002631432401,-13.4080185808897));
#7688=CARTESIAN_POINT('Ctrl Pts',(6.6,-34.0663133897824,-13.5353825721812));
#7689=CARTESIAN_POINT('Ctrl Pts',(6.6,-33.6294115802555,-13.753833345685));
#7690=CARTESIAN_POINT('Ctrl Pts',(6.6,-32.7637686029791,-14.1853761182945));
#7691=CARTESIAN_POINT('Ctrl Pts',(6.60000000000001,-31.0517295824399,-15.0337953550926));
#7692=CARTESIAN_POINT('Ctrl Pts',(6.6,-29.3426341445055,-15.8731865429623));
#7693=CARTESIAN_POINT('Ctrl Pts',(6.60000000000006,-28.0256938520054,-16.5144609512297));
#7694=CARTESIAN_POINT('Ctrl Pts',(6.6,-27.5746312402155,-16.7335247479237));
#7695=CARTESIAN_POINT('Ctrl Pts',(6.6,-27.5685426670178,-16.7364816308331));
#7696=CARTESIAN_POINT('Ctrl Pts',(6.6,-27.5624529390177,-16.7394389694047));
#7697=CARTESIAN_POINT('Ctrl Pts',(6.6,-27.3593132400573,-16.8380891664514));
#7698=CARTESIAN_POINT('Ctrl Pts',(6.6,-26.747077868989,-17.1350578010367));
#7699=CARTESIAN_POINT('Ctrl Pts',(6.6,-25.9348254174347,-17.5277651132427));
#7700=CARTESIAN_POINT('Ctrl Pts',(6.6,-25.146175224295,-17.9081971934223));
#7701=CARTESIAN_POINT('Ctrl Pts',(6.6,-24.5808059361217,-18.1806270550531));
#7702=CARTESIAN_POINT('Ctrl Pts',(6.6,-24.0959103530145,-18.4141182933145));
#7703=CARTESIAN_POINT('Ctrl Pts',(6.6,-23.827377514756,-18.5433992514678));
#7704=CARTESIAN_POINT('Ctrl Pts',(6.6,-23.7179110431639,-18.59610058091));
#7705=CARTESIAN_POINT('Origin',(6.44699605781068,-12.1955747128325,-24.391149425665));
#7706=CARTESIAN_POINT('',(6.6,-35.1792574222406,-12.9789105559521));
#7707=CARTESIAN_POINT('',(6.6,-12.2274157068289,-24.4548314136579));
#7708=CARTESIAN_POINT('',(6.29399211562137,-35.0792651520235,-12.8697017210784));
#7709=CARTESIAN_POINT('',(6.29399211562137,-12.163733718836,-24.3274674376722));
#7710=CARTESIAN_POINT('',(6.31437086434217,-35.059285986611,-12.8902936387048));
#7711=CARTESIAN_POINT('',(11.4364195798907,-30.0376695988183,-18.0659207919622));
#7712=CARTESIAN_POINT('',(6.31437086434217,-35.059285986611,-12.8902936387048));
#7713=CARTESIAN_POINT('Origin',(6.4,-9.30000000000001,1.52722660533155));
#7714=CARTESIAN_POINT('',(6.6,-9.10000000000001,-9.00000000000001));
#7715=CARTESIAN_POINT('',(6.6,-9.10000000000001,1.52722660533155));
#7716=CARTESIAN_POINT('',(6.2,-9.50000000000001,-9.4));
#7717=CARTESIAN_POINT('',(6.6,-9.10000000000001,-9.00000000000001));
#7718=CARTESIAN_POINT('',(6.2,-9.50000000000001,-16.9153621830205));
#7719=CARTESIAN_POINT('',(6.2,-9.50000000000001,1.52722660533155));
#7720=CARTESIAN_POINT('',(7.62221910495284,-8.07778089504718,-17.0653749975146));
#7721=CARTESIAN_POINT('Origin',(6.45718543217108,-35.1192717044258,-17.75));
#7722=CARTESIAN_POINT('',(6.31437086434217,-35.059285986611,-9.4));
#7723=CARTESIAN_POINT('',(6.31437086434217,-35.059285986611,-17.75));
#7724=CARTESIAN_POINT('',(6.6,-35.1792574222405,-9.11437086434217));
#7725=CARTESIAN_POINT('',(6.31437086434217,-35.059285986611,-9.4));
#7726=CARTESIAN_POINT('',(6.6,-35.1792574222405,-17.75));
#7727=CARTESIAN_POINT('Origin',(6.94285322096461,-34.7232102853838,-9.2));
#7728=CARTESIAN_POINT('',(4.7,-36.6420025202798,-9.4));
#7729=CARTESIAN_POINT('',(6.8028389387794,-34.5803957175549,-9.4));
#7730=CARTESIAN_POINT('',(5.1,-36.8100126013988,-9.));
#7731=CARTESIAN_POINT('',(4.7,-36.6420025202798,-9.4));
#7732=CARTESIAN_POINT('',(6.6,-35.3394243661047,-9.));
#7733=CARTESIAN_POINT('',(7.08286750314982,-34.8660248532127,-9.));
#7734=CARTESIAN_POINT('',(6.6,-37.9901055812159,-7.1072205390583));
#7735=CARTESIAN_POINT('Origin',(9.34338203435591,-0.969117965644008,-9.2));
#7736=CARTESIAN_POINT('',(5.1,3.55710678118654,-9.));
#7737=CARTESIAN_POINT('',(2.80710678118655,5.85,-9.00000000000001));
#7738=CARTESIAN_POINT('',(9.48480339059322,-0.827696609406698,-9.));
#7739=CARTESIAN_POINT('',(2.64142135623731,5.45,-9.4));
#7740=CARTESIAN_POINT('',(2.80710678118655,5.85,-9.00000000000001));
#7741=CARTESIAN_POINT('',(4.7,3.3914213562373,-9.4));
#7742=CARTESIAN_POINT('',(9.2019606781186,-1.11053932188132,-9.40000000000001));
#7743=CARTESIAN_POINT('',(4.7,3.3914213562373,-9.4));
#7744=CARTESIAN_POINT('Origin',(10.343382034356,-44.7808820343559,-9.2));
#7745=CARTESIAN_POINT('',(4.7,-50.1414213562373,-9.4));
#7746=CARTESIAN_POINT('',(2.6414213562373,-52.2,-9.4));
#7747=CARTESIAN_POINT('',(10.2019606781187,-44.6394606781186,-9.4));
#7748=CARTESIAN_POINT('',(2.80710678118655,-52.6,-9.));
#7749=CARTESIAN_POINT('',(2.6414213562373,-52.2,-9.4));
#7750=CARTESIAN_POINT('',(5.1,-50.3071067811866,-9.));
#7751=CARTESIAN_POINT('',(10.4848033905933,-44.9223033905932,-9.));
#7752=CARTESIAN_POINT('',(5.1,-50.3071067811866,-9.));
#7753=CARTESIAN_POINT('Origin',(-10.3433820343559,-1.96911796564393,-9.2));
#7754=CARTESIAN_POINT('',(-2.80710678118655,5.85,-9.00000000000001));
#7755=CARTESIAN_POINT('',(-5.1,3.55710678118656,-9.00000000000001));
#7756=CARTESIAN_POINT('',(-10.4848033905932,-1.82769660940662,-9.));
#7757=CARTESIAN_POINT('',(-4.7,3.39142135623733,-9.4));
#7758=CARTESIAN_POINT('',(-5.1,3.55710678118656,-9.00000000000001));
#7759=CARTESIAN_POINT('',(-2.64142135623731,5.45,-9.4));
#7760=CARTESIAN_POINT('',(-10.2019606781186,-2.11053932188124,-9.4));
#7761=CARTESIAN_POINT('',(-2.64142135623731,5.45,-9.4));
#7762=CARTESIAN_POINT('Origin',(-9.34338203435602,-45.7808820343559,-9.2));
#7763=CARTESIAN_POINT('',(-2.6414213562373,-52.2,-9.4));
#7764=CARTESIAN_POINT('',(-4.7,-50.1414213562373,-9.4));
#7765=CARTESIAN_POINT('',(-9.20196067811871,-45.6394606781186,-9.4));
#7766=CARTESIAN_POINT('',(-5.1,-50.3071067811865,-9.));
#7767=CARTESIAN_POINT('',(-4.7,-50.1414213562373,-9.4));
#7768=CARTESIAN_POINT('',(-2.80710678118654,-52.6,-9.));
#7769=CARTESIAN_POINT('',(-9.48480339059333,-45.9223033905932,-9.));
#7770=CARTESIAN_POINT('',(-2.80710678118654,-52.6,-9.));
#7771=CARTESIAN_POINT('Origin',(-4.9,-34.1874999999999,-9.2));
#7772=CARTESIAN_POINT('',(-5.1,-34.1874999999999,-9.));
#7773=CARTESIAN_POINT('',(-4.7,-34.1874999999999,-9.4));
#7774=CARTESIAN_POINT('Origin',(3.55651310032668E-15,-52.4,-9.2));
#7775=CARTESIAN_POINT('',(3.57536879028295E-15,-52.2,-9.4));
#7776=CARTESIAN_POINT('',(3.53765741037041E-15,-52.6,-9.));
#7777=CARTESIAN_POINT('Origin',(5.27355936696949E-15,5.65,-9.2));
#7778=CARTESIAN_POINT('',(5.27355936696949E-15,5.85,-9.00000000000001));
#7779=CARTESIAN_POINT('',(5.27355936696949E-15,5.45,-9.40000000000001));
#7780=CARTESIAN_POINT('Origin',(4.9,-34.1874999999999,-9.2));
#7781=CARTESIAN_POINT('',(4.7,-34.1874999999999,-9.4));
#7782=CARTESIAN_POINT('',(5.1,-34.1874999999999,-9.));
#7783=CARTESIAN_POINT('Origin',(4.9,-34.1874999999999,-9.2));
#7784=CARTESIAN_POINT('',(5.1,-9.10000000000001,-9.));
#7785=CARTESIAN_POINT('',(5.1,-34.1874999999999,-9.));
#7786=CARTESIAN_POINT('',(4.7,-9.50000000000001,-9.4));
#7787=CARTESIAN_POINT('',(4.7,-34.1874999999999,-9.4));
#7788=CARTESIAN_POINT('',(4.7,-9.50000000000001,-9.4));
#7789=CARTESIAN_POINT('Origin',(4.58328398382042E-15,-9.30000000000001,
-9.2));
#7790=CARTESIAN_POINT('',(4.52545986795453E-15,-9.10000000000001,-9.));
#7791=CARTESIAN_POINT('',(4.64110809968632E-15,-9.50000000000001,-9.4));
#7792=CARTESIAN_POINT('Origin',(1.0547118733939E-14,-23.3749999999998,-9.));
#7793=CARTESIAN_POINT('',(6.6,4.35,-9.00000000000001));
#7794=CARTESIAN_POINT('',(6.6,-38.7374999999996,-9.));
#7795=CARTESIAN_POINT('',(3.6,7.35,-9.00000000000001));
#7796=CARTESIAN_POINT('Origin',(3.6,4.35,-9.));
#7797=CARTESIAN_POINT('',(-3.59999999999998,7.35,-9.00000000000001));
#7798=CARTESIAN_POINT('',(3.30000000000001,7.35,-9.00000000000001));
#7799=CARTESIAN_POINT('',(-6.59999999999998,4.35,-9.00000000000001));
#7800=CARTESIAN_POINT('Origin',(-3.59999999999998,4.35,-9.));
#7801=CARTESIAN_POINT('',(-6.59999999999998,-51.0999999999995,-9.));
#7802=CARTESIAN_POINT('',(-6.59999999999998,-8.01249999999987,-9.));
#7803=CARTESIAN_POINT('',(-3.59999999999998,-54.0999999999995,-9.));
#7804=CARTESIAN_POINT('Origin',(-3.59999999999998,-51.0999999999995,-9.));
#7805=CARTESIAN_POINT('',(3.6,-54.0999999999995,-9.));
#7806=CARTESIAN_POINT('',(-3.29999999999998,-54.0999999999995,-9.));
#7807=CARTESIAN_POINT('',(6.6,-51.0999999999995,-9.));
#7808=CARTESIAN_POINT('Origin',(3.6,-51.0999999999995,-9.));
#7809=CARTESIAN_POINT('',(6.6,-38.7374999999996,-9.));
#7810=CARTESIAN_POINT('Origin',(22.2848501172606,-19.3760057733667,-26.9360819943127));
#7811=CARTESIAN_POINT('',(5.58168393072798,-9.50000000000001,-16.6518857885131));
#7812=CARTESIAN_POINT('',(4.44159054632092,-9.50000000000001,-16.1660700233188));
#7813=CARTESIAN_POINT('',(5.58168393072798,-19.9419311970749,-20.));
#7814=CARTESIAN_POINT('',(5.58168393072798,-8.74477601554662,-16.409729801514));
#7815=CARTESIAN_POINT('',(12.5183692744337,-10.7233574107996,-20.));
#7816=CARTESIAN_POINT('Origin',(2.74664550362994E-15,-9.50000000000001,
26.0544532106631));
#7817=CARTESIAN_POINT('',(4.7,-9.50000000000001,-16.1407349710605));
#7818=CARTESIAN_POINT('',(4.7,-9.50000000000001,15.5272266053316));
#7819=CARTESIAN_POINT('',(4.27906677065911,-9.50000000000001,-17.2301241474824));
#7820=CARTESIAN_POINT('',(13.8956906514476,-9.50000000000001,7.65801781711178));
#7821=CARTESIAN_POINT('Origin',(5.20568814293816,-9.50000000000001,-17.6249753738609));
#7822=CARTESIAN_POINT('Origin',(4.7,-45.,5.));
#7823=CARTESIAN_POINT('',(4.7,3.3914213562373,-12.0072130933091));
#7824=CARTESIAN_POINT('',(4.7,3.3914213562373,34.0909887250331));
#7825=CARTESIAN_POINT('',(4.7,-15.8682824167084,-18.1826692128908));
#7826=CARTESIAN_POINT('Origin',(2.67071067811866,5.42071067811866,63.1819774500661));
#7827=CARTESIAN_POINT('',(2.64142135623731,5.45,-10.0414213562374));
#7828=CARTESIAN_POINT('',(2.64142135623731,5.45,63.1819774500661));
#7829=CARTESIAN_POINT('',(4.67160214973524,3.41981920650206,-12.0716021497353));
#7830=CARTESIAN_POINT('',(-2.66635578959855,10.7577771458359,-4.73364421040158));
#7831=CARTESIAN_POINT('',(18.1672652748787,-10.0758439186414,18.5283554658201));
#7832=CARTESIAN_POINT('Origin',(0.,5.45,63.1819774500661));
#7833=CARTESIAN_POINT('',(-2.64142135623731,5.45,-10.0414213562374));
#7834=CARTESIAN_POINT('',(-2.64142135623731,5.45,34.0909887250331));
#7835=CARTESIAN_POINT('',(11.9505,5.45,-10.0414213562374));
#7836=CARTESIAN_POINT('Origin',(-4.67071067811865,3.42071067811867,5.));
#7837=CARTESIAN_POINT('',(-4.7,3.39142135623732,-12.0072130933091));
#7838=CARTESIAN_POINT('',(-4.7,3.39142135623733,5.));
#7839=CARTESIAN_POINT('',(-4.67160214973524,3.41981920650208,-12.0716021497353));
#7840=CARTESIAN_POINT('',(-9.21052525345649,-1.11910389721915,-1.78008454839775));
#7841=CARTESIAN_POINT('',(0.269692881254298,8.36111423749159,-7.13030711874584));
#7842=CARTESIAN_POINT('Origin',(-4.7,-45.,5.));
#7843=CARTESIAN_POINT('',(-4.7,-50.1414213562373,-12.0072130933091));
#7844=CARTESIAN_POINT('',(-4.7,-50.1414213562373,5.));
#7845=CARTESIAN_POINT('',(-4.7,-25.2139171909949,-20.));
#7846=CARTESIAN_POINT('',(-4.7,-50.4907016183097,-11.8952194221035));
#7847=CARTESIAN_POINT('',(-4.7,-21.5360828090051,-20.));
#7848=CARTESIAN_POINT('',(-4.7,-22.5,-20.));
#7849=CARTESIAN_POINT('',(-4.7,-15.8682824167084,-18.1826692128908));
#7850=CARTESIAN_POINT('Origin',(-2.67071067811865,-52.1707106781187,5.));
#7851=CARTESIAN_POINT('',(-2.6414213562373,-52.2,-10.0414213562374));
#7852=CARTESIAN_POINT('',(-2.6414213562373,-52.2,5.));
#7853=CARTESIAN_POINT('',(-4.67160214973524,-50.1698192065021,-12.0716021497353));
#7854=CARTESIAN_POINT('',(0.936359547920942,-55.7777809041583,-6.46364045207923));
#7855=CARTESIAN_POINT('',(-8.93045502890148,-45.9109663273358,-2.41511351446582));
#7856=CARTESIAN_POINT('Origin',(-9.89269684351295E-16,-29.1,-16.7));
#7857=CARTESIAN_POINT('',(2.9,-29.1,-17.));
#7858=CARTESIAN_POINT('Origin',(-9.89269684351295E-16,-29.1,-17.));
#7859=CARTESIAN_POINT('',(2.3,-29.1,-16.4));
#7860=CARTESIAN_POINT('',(2.6,-29.1,-16.7));
#7861=CARTESIAN_POINT('Origin',(-9.89269684351295E-16,-29.1,-16.4));
#7862=CARTESIAN_POINT('Origin',(-6.31088724176809E-29,0.827999999999998,
-16.4));
#7863=CARTESIAN_POINT('Origin',(-9.89269684351295E-16,-29.1,-19.5));
#7864=CARTESIAN_POINT('',(2.9,-29.1,-20.));
#7865=CARTESIAN_POINT('Origin',(-9.89269684351295E-16,-29.1,-20.));
#7866=CARTESIAN_POINT('',(2.9,-29.1,-19.5));
#7867=CARTESIAN_POINT('Origin',(-2.1,2.67500000000001,-11.3));
#7868=CARTESIAN_POINT('',(-1.8,4.4914213562374,-11.));
#7869=CARTESIAN_POINT('',(-2.4,3.89142135623739,-11.6));
#7870=CARTESIAN_POINT('',(-0.942807118745816,5.34861423749158,-10.1428071187458));
#7871=CARTESIAN_POINT('',(-2.4,1.52432656937732E-14,-11.6));
#7872=CARTESIAN_POINT('',(-2.4,2.67500000000001,-11.6));
#7873=CARTESIAN_POINT('',(-1.8,1.55431223447522E-14,-11.));
#7874=CARTESIAN_POINT('',(-2.4,1.52432656937732E-14,-11.6));
#7875=CARTESIAN_POINT('',(-1.8,2.67500000000001,-11.));
#7876=CARTESIAN_POINT('Origin',(0.,1.36175792864179E-14,-11.3));
#7877=CARTESIAN_POINT('',(2.4,1.46368870084743E-14,-11.6));
#7878=CARTESIAN_POINT('',(1.8,1.49666104624864E-14,-11.));
#7879=CARTESIAN_POINT('',(2.4,1.46368870084743E-14,-11.6));
#7880=CARTESIAN_POINT('Origin',(0.,1.38777878078145E-14,-11.));
#7881=CARTESIAN_POINT('Origin',(0.,1.33573707650214E-14,-11.6));
#7882=CARTESIAN_POINT('Origin',(2.1,2.67500000000001,-11.3));
#7883=CARTESIAN_POINT('',(2.4,3.89142135623739,-11.6));
#7884=CARTESIAN_POINT('',(1.8,4.4914213562374,-11.));
#7885=CARTESIAN_POINT('',(8.90980711874577,-2.61838576250844,-18.1098071187458));
#7886=CARTESIAN_POINT('',(1.8,2.67500000000001,-11.));
#7887=CARTESIAN_POINT('',(2.4,2.67500000000001,-11.6));
#7888=CARTESIAN_POINT('Origin',(2.4,5.35,-20.0010000000001));
#7889=CARTESIAN_POINT('',(2.4,1.11819236319673E-14,-15.4914213562373));
#7890=CARTESIAN_POINT('',(2.4,7.35018104763342E-15,-20.001));
#7891=CARTESIAN_POINT('',(2.4,-2.07953932188134,-17.5709606781187));
#7892=CARTESIAN_POINT('Origin',(0.,6.07066480418048E-15,-20.001));
#7893=CARTESIAN_POINT('',(-2.4,1.1762668730773E-14,-15.4914213562373));
#7894=CARTESIAN_POINT('',(-2.4,7.95655973293231E-15,-20.001));
#7895=CARTESIAN_POINT('Origin',(0.,9.98210077423002E-15,-15.4914213562373));
#7896=CARTESIAN_POINT('Origin',(-2.4,5.35,-20.0010000000001));
#7897=CARTESIAN_POINT('',(-2.4,-2.07953932188134,-17.5709606781187));
#7898=CARTESIAN_POINT('Origin',(-3.29999999999998,-53.5999999999995,-22.5));
#7899=CARTESIAN_POINT('',(3.6,-53.0999999999995,-23.));
#7900=CARTESIAN_POINT('',(3.6,-54.0999999999995,-22.));
#7901=CARTESIAN_POINT('',(3.6,-53.0999999999995,-23.));
#7902=CARTESIAN_POINT('',(-3.59999999999998,-54.0999999999995,-22.));
#7903=CARTESIAN_POINT('',(-3.29999999999998,-54.0999999999995,-22.));
#7904=CARTESIAN_POINT('',(-3.59999999999998,-53.0999999999995,-23.));
#7905=CARTESIAN_POINT('',(-3.59999999999998,-54.0999999999995,-22.));
#7906=CARTESIAN_POINT('',(-3.29999999999998,-53.0999999999995,-23.));
#7907=CARTESIAN_POINT('Origin',(3.6,-51.0999999999995,-22.5));
#7908=CARTESIAN_POINT('',(5.6,-51.0999999999995,-23.));
#7909=CARTESIAN_POINT('',(6.6,-51.0999999999995,-22.));
#7910=CARTESIAN_POINT('',(5.6,-51.0999999999995,-23.));
#7911=CARTESIAN_POINT('Origin',(3.6,-51.0999999999995,-22.));
#7912=CARTESIAN_POINT('Origin',(3.6,-51.0999999999995,-23.));
#7913=CARTESIAN_POINT('Origin',(6.1,-38.7374999999996,-22.5));
#7914=CARTESIAN_POINT('',(5.6,4.35,-23.));
#7915=CARTESIAN_POINT('',(6.6,4.35,-22.));
#7916=CARTESIAN_POINT('',(5.6,4.35,-23.));
#7917=CARTESIAN_POINT('',(6.6,-38.7374999999996,-22.));
#7918=CARTESIAN_POINT('',(5.6,-38.7374999999996,-23.));
#7919=CARTESIAN_POINT('Origin',(3.6,4.35,-22.5));
#7920=CARTESIAN_POINT('',(3.6,6.35,-23.));
#7921=CARTESIAN_POINT('',(3.6,7.35,-22.));
#7922=CARTESIAN_POINT('',(3.6,6.35,-23.));
#7923=CARTESIAN_POINT('Origin',(3.6,4.35,-22.));
#7924=CARTESIAN_POINT('Origin',(3.6,4.35,-23.));
#7925=CARTESIAN_POINT('Origin',(3.30000000000001,6.85,-22.5));
#7926=CARTESIAN_POINT('',(-3.59999999999998,6.35,-23.));
#7927=CARTESIAN_POINT('',(-3.59999999999998,7.35,-22.));
#7928=CARTESIAN_POINT('',(-3.59999999999998,6.35,-23.));
#7929=CARTESIAN_POINT('',(3.30000000000001,7.35,-22.));
#7930=CARTESIAN_POINT('',(3.30000000000001,6.35,-23.));
#7931=CARTESIAN_POINT('Origin',(-3.59999999999998,4.35,-22.5));
#7932=CARTESIAN_POINT('',(-5.59999999999998,4.35,-23.));
#7933=CARTESIAN_POINT('',(-6.59999999999998,4.35,-22.));
#7934=CARTESIAN_POINT('',(-5.59999999999998,4.35,-23.));
#7935=CARTESIAN_POINT('Origin',(-3.59999999999998,4.35,-22.));
#7936=CARTESIAN_POINT('Origin',(-3.59999999999998,4.35,-23.));
#7937=CARTESIAN_POINT('Origin',(-6.09999999999998,-8.01249999999987,-22.5));
#7938=CARTESIAN_POINT('',(-5.59999999999998,-51.0999999999995,-23.));
#7939=CARTESIAN_POINT('',(-6.59999999999998,-51.0999999999995,-22.));
#7940=CARTESIAN_POINT('',(-5.59999999999998,-51.0999999999995,-23.));
#7941=CARTESIAN_POINT('',(-6.59999999999998,-8.01249999999987,-22.));
#7942=CARTESIAN_POINT('',(-5.59999999999998,-8.01249999999987,-23.));
#7943=CARTESIAN_POINT('Origin',(-3.59999999999998,-51.0999999999995,-22.5));
#7944=CARTESIAN_POINT('Origin',(-3.59999999999998,-51.0999999999995,-22.));
#7945=CARTESIAN_POINT('Origin',(-3.59999999999998,-51.0999999999995,-23.));
#7946=CARTESIAN_POINT('Origin',(-3.59999999999998,4.35,-23.));
#7947=CARTESIAN_POINT('',(-6.59999999999998,4.35,-23.));
#7948=CARTESIAN_POINT('',(-3.59999999999998,7.35,-23.));
#7949=CARTESIAN_POINT('Origin',(-6.59999999999998,7.35,-23.));
#7950=CARTESIAN_POINT('',(-6.59999999999998,-51.0999999999995,-23.));
#7951=CARTESIAN_POINT('Origin',(-3.59999999999998,-51.0999999999995,-23.));
#7952=CARTESIAN_POINT('',(-3.59999999999998,-54.0999999999995,-23.));
#7953=CARTESIAN_POINT('Origin',(-6.59999999999998,-54.0999999999995,-23.));
#7954=CARTESIAN_POINT('',(3.6,-54.0999999999995,-23.));
#7955=CARTESIAN_POINT('Origin',(1.11022302462516E-14,-23.3749999999998,
-23.));
#7956=CARTESIAN_POINT('Origin',(3.6,4.35,-23.));
#7957=CARTESIAN_POINT('',(3.6,7.35,-23.));
#7958=CARTESIAN_POINT('',(6.6,4.35,-23.));
#7959=CARTESIAN_POINT('Origin',(6.6,-54.0999999999995,-23.));
#7960=CARTESIAN_POINT('',(6.6,-51.0999999999995,-23.));
#7961=CARTESIAN_POINT('',(6.6,-27.0499999999998,-20.));
#7962=CARTESIAN_POINT('Origin',(3.6,-51.0999999999995,-23.));
#7963=CARTESIAN_POINT('Origin',(5.20568814293816,-8.46185107174026,-17.2921019700101));
#7964=CARTESIAN_POINT('',(4.27906677065911,-18.1385503150394,-20.));
#7965=CARTESIAN_POINT('',(4.27906677065911,-8.57665371963324,-16.9340612118938));
#7966=CARTESIAN_POINT('Origin',(5.20568814293816,-16.9071080527714,-20.));
#7967=CARTESIAN_POINT('Origin',(8.37993399832545,1.03822191129696,-3.2379545858574));
#7968=CARTESIAN_POINT('',(2.59039771404076,-4.50857864376269,-20.));
#7969=CARTESIAN_POINT('',(4.4479777479981,2.56791672369392,-12.9235046325435));
#7970=CARTESIAN_POINT('',(2.00109656738556,0.247923468525645,-20.));
#7971=CARTESIAN_POINT('Origin',(0.,0.,-20.));
#7972=CARTESIAN_POINT('',(-2.59039771404076,-4.50857864376269,-20.));
#7973=CARTESIAN_POINT('',(11.9505,-4.50857864376268,-20.));
#7974=CARTESIAN_POINT('',(-2.00109656738556,0.247923468525645,-20.));
#7975=CARTESIAN_POINT('',(-2.59039771404076,-42.2414213562373,-20.));
#7976=CARTESIAN_POINT('',(-4.85333335874693,-23.9762979382519,-20.));
#7977=CARTESIAN_POINT('',(2.59039771404076,-42.2414213562373,-20.));
#7978=CARTESIAN_POINT('',(11.9505,-42.2414213562373,-20.));
#7979=CARTESIAN_POINT('',(4.69283836601713,-25.2717218081426,-20.));
#7980=CARTESIAN_POINT('',(4.85333335874693,-23.9762979382519,-20.));
#7981=CARTESIAN_POINT('',(5.24013767310004,-22.5660810695537,-20.));
#7982=CARTESIAN_POINT('Ctrl Pts',(5.24013767310004,-22.5660810695537,-20.));
#7983=CARTESIAN_POINT('Ctrl Pts',(4.90312626255172,-23.6765340297077,-20.));
#7984=CARTESIAN_POINT('Ctrl Pts',(4.75496769956457,-24.7563607254864,-20.));
#7985=CARTESIAN_POINT('Ctrl Pts',(4.69283836601721,-25.2717218081426,-20.));
#7986=CARTESIAN_POINT('Origin',(11.9519074844141,-26.6000000000209,-20.));
#7987=CARTESIAN_POINT('Origin',(6.6,7.35,-23.));
#7988=CARTESIAN_POINT('Origin',(4.7,-45.,5.));
#7989=CARTESIAN_POINT('',(4.7,-36.6420025202798,-16.1318945655453));
#7990=CARTESIAN_POINT('',(4.7,-36.6420025202798,-3.75));
#7991=CARTESIAN_POINT('',(4.69999954944286,-35.6237324981341,-16.6519398369322));
#7992=CARTESIAN_POINT('',(4.7,-51.7811583302741,-8.56231666054814));
#7993=CARTESIAN_POINT('',(4.7,-50.1414213562373,-12.0072130933091));
#7994=CARTESIAN_POINT('',(4.7,-50.4907016183097,-11.8952194221035));
#7995=CARTESIAN_POINT('',(4.7,-50.1414213562373,5.));
#7996=CARTESIAN_POINT('Origin',(23.901,-42.1707106781187,-20.0707106781187));
#7997=CARTESIAN_POINT('',(-3.65193960888475,-46.2853904794525,-15.9560308767848));
#7998=CARTESIAN_POINT('',(2.6414213562373,-52.2,-10.0414213562374));
#7999=CARTESIAN_POINT('',(11.9505,-52.2,-10.0414213562374));
#8000=CARTESIAN_POINT('',(4.67160214973524,-50.1698192065021,-12.0716021497353));
#8001=CARTESIAN_POINT('',(7.6973071187458,-47.1441142374915,-15.0973071187458));
#8002=CARTESIAN_POINT('',(4.4479777479981,-49.3179167236939,-12.9235046325435));
#8003=CARTESIAN_POINT('Origin',(-8.37993399832545,1.03822191129696,-3.2379545858574));
#8004=CARTESIAN_POINT('',(-3.65193960888474,-0.464609520547463,-15.9560308767848));
#8005=CARTESIAN_POINT('Origin',(-8.37993399832545,-47.788221911297,-3.2379545858574));
#8006=CARTESIAN_POINT('Origin',(8.37993399832545,-47.788221911297,-3.2379545858574));
#8007=CARTESIAN_POINT('',(9.21052525345649,-45.6308961027808,-1.78008454839776));
#8008=CARTESIAN_POINT('Ctrl Pts',(4.69999864853762,-35.6267256560189,-16.6612272362992));
#8009=CARTESIAN_POINT('Ctrl Pts',(4.69803333700813,-32.5258035970089,-17.6605971539396));
#8010=CARTESIAN_POINT('Ctrl Pts',(4.69544857236684,-28.5505453157751,-18.9419185244918));
#8011=CARTESIAN_POINT('Ctrl Pts',(4.69283836602144,-25.2717218081393,-19.9999999999898));
#8012=CARTESIAN_POINT('Origin',(4.67071067811865,-50.1707106781187,5.));
#8013=CARTESIAN_POINT('',(2.6414213562373,-52.2,5.));
#8014=CARTESIAN_POINT('Origin',(4.67000714109261,-36.6714072839145,-12.5));
#8015=CARTESIAN_POINT('Origin',(9.6,-31.8380809516523,-18.533855349859));
#8016=CARTESIAN_POINT('Ctrl Pts',(4.68341815017778,-23.0403111674087,-20.7357012059238));
#8017=CARTESIAN_POINT('Ctrl Pts',(4.68523677211464,-23.0384004949892,-20.7326112243698));
#8018=CARTESIAN_POINT('Ctrl Pts',(4.68705772823614,-23.0364884915915,-20.72951713676));
#8019=CARTESIAN_POINT('Ctrl Pts',(4.8321989094601,-22.8838657685111,-20.4829256899836));
#8020=CARTESIAN_POINT('Ctrl Pts',(5.08533567679916,-22.6641613754415,-20.1433223809472));
#8021=CARTESIAN_POINT('Ctrl Pts',(5.61085767406713,-22.3189504045013,-19.6325174013309));
#8022=CARTESIAN_POINT('Ctrl Pts',(5.97846680485523,-22.1315078757052,-19.3734655020136));
#8023=CARTESIAN_POINT('Ctrl Pts',(6.2406926423994,-22.0181668369001,-19.2245738500441));
#8024=CARTESIAN_POINT('Ctrl Pts',(4.6872891775499,-24.7169092622603,-20.1924010043891));
#8025=CARTESIAN_POINT('Ctrl Pts',(4.68903229399522,-24.7148213878384,-20.188799024354));
#8026=CARTESIAN_POINT('Ctrl Pts',(4.69077765532133,-24.7127319522957,-20.1851923678416));
#8027=CARTESIAN_POINT('Ctrl Pts',(4.82989205703403,-24.5459674905462,-19.8977285719208));
#8028=CARTESIAN_POINT('Ctrl Pts',(5.08571905344117,-24.3050787412906,-19.498170939871));
#8029=CARTESIAN_POINT('Ctrl Pts',(5.64272626267571,-23.9275478201647,-18.8943441264535));
#8030=CARTESIAN_POINT('Ctrl Pts',(6.04400536472915,-23.7244881543039,-18.5877104476544));
#8031=CARTESIAN_POINT('Ctrl Pts',(6.3328458750325,-23.6033943292927,-18.412454310897));
#8032=CARTESIAN_POINT('Ctrl Pts',(4.69069093103208,-26.6594171221013,-19.5633541389823));
#8033=CARTESIAN_POINT('Ctrl Pts',(4.69223909572087,-26.65714606094,-19.5592302020804));
#8034=CARTESIAN_POINT('Ctrl Pts',(4.69378934186082,-26.6548732100131,-19.5551009614096));
#8035=CARTESIAN_POINT('Ctrl Pts',(4.8173347210403,-26.4734881883706,-19.2259753979357));
#8036=CARTESIAN_POINT('Ctrl Pts',(5.06422794234242,-26.2097767621017,-18.7627601539796));
#8037=CARTESIAN_POINT('Ctrl Pts',(5.64018552364941,-25.7966943284008,-18.0576226011124));
#8038=CARTESIAN_POINT('Ctrl Pts',(6.07165233243331,-25.5764079195659,-17.698666975519));
#8039=CARTESIAN_POINT('Ctrl Pts',(6.38579146260246,-25.4470092688979,-17.4948643756463));
#8040=CARTESIAN_POINT('Ctrl Pts',(4.69629227936222,-30.9188535848502,-18.1845544436047));
#8041=CARTESIAN_POINT('Ctrl Pts',(4.6972221135034,-30.9162341539804,-18.1794650277535));
#8042=CARTESIAN_POINT('Ctrl Pts',(4.6981535161338,-30.913612332691,-18.1743690741513));
#8043=CARTESIAN_POINT('Ctrl Pts',(4.77231780007441,-30.7044429799151,-17.7681891457476));
#8044=CARTESIAN_POINT('Ctrl Pts',(4.97594360927738,-30.39443206587,-17.1787768708832));
#8045=CARTESIAN_POINT('Ctrl Pts',(5.56019581187168,-29.9059924865296,-16.2618372152761));
#8046=CARTESIAN_POINT('Ctrl Pts',(6.04327328472516,-29.6487578474966,-15.7903719541305));
#8047=CARTESIAN_POINT('Ctrl Pts',(6.40447993778123,-29.5021365660676,-15.5260537354228));
#8048=CARTESIAN_POINT('Ctrl Pts',(4.69848357925263,-33.2372655437997,-17.434322090471));
#8049=CARTESIAN_POINT('Ctrl Pts',(4.69898905841277,-33.2344818158605,-17.4287903887603));
#8050=CARTESIAN_POINT('Ctrl Pts',(4.6994957452321,-33.2316954436662,-17.4232514953708));
#8051=CARTESIAN_POINT('Ctrl Pts',(4.73977129871753,-33.0094188723203,-16.9817835512115));
#8052=CARTESIAN_POINT('Ctrl Pts',(4.90888957820853,-32.6759242135645,-16.3299092112834));
#8053=CARTESIAN_POINT('Ctrl Pts',(5.48227635840193,-32.1476658602484,-15.3024303175659));
#8054=CARTESIAN_POINT('Ctrl Pts',(5.98673202972054,-31.8706315458156,-14.7707372716005));
#8055=CARTESIAN_POINT('Ctrl Pts',(6.36969755863346,-31.7150646619135,-14.4744301471681));
#8056=CARTESIAN_POINT('Ctrl Pts',(4.69999998138577,-35.6288279199276,-16.6605479593803));
#8057=CARTESIAN_POINT('Ctrl Pts',(4.6999999937966,-35.6259039673692,-16.6546545713387));
#8058=CARTESIAN_POINT('Ctrl Pts',(4.70000076367745,-35.6229773472124,-16.6487531976237));
#8059=CARTESIAN_POINT('Ctrl Pts',(4.69991249254466,-35.3894908047096,-16.1784587310082));
#8060=CARTESIAN_POINT('Ctrl Pts',(4.82309509896291,-35.0336514997383,-15.4694003344396));
#8061=CARTESIAN_POINT('Ctrl Pts',(5.37043407311354,-34.4649724063856,-14.3315620941316));
#8062=CARTESIAN_POINT('Ctrl Pts',(5.89135624040432,-34.167228561146,-13.7372128824211));
#8063=CARTESIAN_POINT('Ctrl Pts',(6.29399211631587,-34.0026314236346,-13.4080185845631));
#8064=CARTESIAN_POINT('Ctrl Pts',(6.22166772972956,-23.2707307032906,-18.6544418134656));
#8065=CARTESIAN_POINT('Ctrl Pts',(6.11677292372951,-23.2026491525405,-18.7735288907328));
#8066=CARTESIAN_POINT('Ctrl Pts',(6.00969878770484,-23.1290842838576,-18.9028745780371));
#8067=CARTESIAN_POINT('Ctrl Pts',(5.66729404361939,-22.8865461289427,-19.3426869272132));
#8068=CARTESIAN_POINT('Ctrl Pts',(5.44612467943103,-22.7203579114507,-19.6644167814116));
#8069=CARTESIAN_POINT('Ctrl Pts',(5.24013767310004,-22.5660810695537,-20.));
#8070=CARTESIAN_POINT('Origin',(9.6,-35.6200560560546,-16.6428677976579));
#8071=CARTESIAN_POINT('Origin',(9.6,-13.781158330274,-27.5623166605481));
#8072=CARTESIAN_POINT('Origin',(10.2200688709698,-26.6,-20.8489404967784));
#8073=CARTESIAN_POINT('Origin',(0.,1.12757025938493E-14,-11.));
#8074=CARTESIAN_POINT('',(11.9505,4.4914213562374,-11.));
#8075=CARTESIAN_POINT('Origin',(23.901,-4.57928932188135,-20.0707106781187));
#8076=CARTESIAN_POINT('Origin',(-6.78804838425707E-16,-52.2,5.));
#8077=CARTESIAN_POINT('',(0.,0.,0.));
#8078=CARTESIAN_POINT('Origin',(-3.29999999999998,-21.6,3.8));
#8079=CARTESIAN_POINT('',(5.79999999999998,-21.4,4.));
#8080=CARTESIAN_POINT('',(6.19999999999998,-21.8,3.6));
#8081=CARTESIAN_POINT('',(3.96666666666667,-19.5666666666667,5.83333333333332));
#8082=CARTESIAN_POINT('',(-6.19999999999998,-21.8,3.6));
#8083=CARTESIAN_POINT('',(-3.29999999999998,-21.8,3.6));
#8084=CARTESIAN_POINT('',(-5.79999999999998,-21.4,4.));
#8085=CARTESIAN_POINT('',(-5.06666666666665,-20.6666666666667,4.73333333333333));
#8086=CARTESIAN_POINT('',(-3.29999999999998,-21.4,4.));
#8087=CARTESIAN_POINT('Origin',(-6.59999999999998,-21.8,4.));
#8088=CARTESIAN_POINT('',(6.19999999999998,-21.8,0.4));
#8089=CARTESIAN_POINT('',(6.19999999999998,-21.8,7.5));
#8090=CARTESIAN_POINT('',(-6.19999999999998,-21.8,0.4));
#8091=CARTESIAN_POINT('',(-3.29999999999999,-21.8,0.4));
#8092=CARTESIAN_POINT('',(-6.19999999999998,-21.8,7.5));
#8093=CARTESIAN_POINT('Origin',(10.4433820343559,-1.92769660940667,4.2));
#8094=CARTESIAN_POINT('',(2.84852813742385,5.95000000000001,4.));
#8095=CARTESIAN_POINT('',(5.2,3.59852813742386,4.));
#8096=CARTESIAN_POINT('',(10.5848033905932,-1.78627525316936,4.));
#8097=CARTESIAN_POINT('',(4.8,3.43284271247463,4.4));
#8098=CARTESIAN_POINT('',(5.2,3.59852813742386,4.));
#8099=CARTESIAN_POINT('',(2.68284271247462,5.55000000000001,4.4));
#8100=CARTESIAN_POINT('',(10.3019606781186,-2.06911796564397,4.4));
#8101=CARTESIAN_POINT('',(2.84852813742385,5.95000000000001,4.));
#8102=CARTESIAN_POINT('Origin',(5.,-14.2789213562372,4.2));
#8103=CARTESIAN_POINT('',(5.2,-5.34852813742386,4.));
#8104=CARTESIAN_POINT('',(5.2,-14.2789213562372,4.));
#8105=CARTESIAN_POINT('',(4.8,-5.18284271247462,4.4));
#8106=CARTESIAN_POINT('',(5.2,-5.34852813742386,4.));
#8107=CARTESIAN_POINT('',(4.8,-14.2789213562372,4.4));
#8108=CARTESIAN_POINT('Origin',(-1.3414213562373,-7.49999999999999,4.2));
#8109=CARTESIAN_POINT('',(2.84852813742386,-7.69999999999999,4.));
#8110=CARTESIAN_POINT('',(-2.84852813742386,-7.69999999999999,4.));
#8111=CARTESIAN_POINT('',(-1.3414213562373,-7.69999999999999,4.));
#8112=CARTESIAN_POINT('',(-2.68284271247462,-7.29999999999999,4.4));
#8113=CARTESIAN_POINT('',(-2.84852813742386,-7.69999999999999,4.));
#8114=CARTESIAN_POINT('',(2.68284271247462,-7.29999999999999,4.4));
#8115=CARTESIAN_POINT('',(-1.3414213562373,-7.29999999999999,4.4));
#8116=CARTESIAN_POINT('',(2.68284271247462,-7.29999999999999,4.4));
#8117=CARTESIAN_POINT('Origin',(0.806617965643984,-11.0723033905932,4.2));
#8118=CARTESIAN_POINT('',(-5.2,-5.34852813742386,4.));
#8119=CARTESIAN_POINT('',(0.665196609406675,-11.2137247468305,4.));
#8120=CARTESIAN_POINT('',(-4.8,-5.18284271247462,4.4));
#8121=CARTESIAN_POINT('',(-5.2,-5.34852813742386,4.));
#8122=CARTESIAN_POINT('',(0.948039321881292,-10.9308820343559,4.4));
#8123=CARTESIAN_POINT('Origin',(-5.,-9.97107864376256,4.2));
#8124=CARTESIAN_POINT('',(-4.8,3.43284271247464,4.4));
#8125=CARTESIAN_POINT('',(-4.8,-9.97107864376256,4.4));
#8126=CARTESIAN_POINT('',(-5.2,3.59852813742387,4.));
#8127=CARTESIAN_POINT('',(-5.2,-9.97107864376256,4.));
#8128=CARTESIAN_POINT('',(-5.2,3.59852813742387,4.));
#8129=CARTESIAN_POINT('Origin',(-9.38480339059321,-0.869117965643931,4.2));
#8130=CARTESIAN_POINT('',(-2.68284271247462,5.55000000000001,4.4));
#8131=CARTESIAN_POINT('',(-9.2433820343559,-1.01053932188124,4.4));
#8132=CARTESIAN_POINT('',(-2.84852813742385,5.95000000000001,4.));
#8133=CARTESIAN_POINT('',(-9.52622474683051,-0.727696609406622,4.));
#8134=CARTESIAN_POINT('',(-2.84852813742385,5.95000000000001,4.));
#8135=CARTESIAN_POINT('Origin',(-1.86519660940667,-12.1308820343559,4.2));
#8136=CARTESIAN_POINT('',(-1.72377525316936,-12.2723033905932,4.));
#8137=CARTESIAN_POINT('',(-2.00661796564398,-11.9894606781186,4.4));
#8138=CARTESIAN_POINT('Origin',(1.34142135623732,5.75000000000001,4.2));
#8139=CARTESIAN_POINT('',(1.34142135623732,5.55000000000001,4.4));
#8140=CARTESIAN_POINT('',(1.34142135623732,5.95000000000001,4.));
#8141=CARTESIAN_POINT('Origin',(4.8,3.43284271247462,11.));
#8142=CARTESIAN_POINT('',(4.8,3.43284271247462,5.));
#8143=CARTESIAN_POINT('',(4.8,3.43284271247462,11.));
#8144=CARTESIAN_POINT('',(2.68284271247462,5.55,5.));
#8145=CARTESIAN_POINT('',(10.3019606781187,-2.06911796564404,5.));
#8146=CARTESIAN_POINT('',(2.68284271247462,5.55,11.));
#8147=CARTESIAN_POINT('Origin',(4.8,-5.18284271247463,11.));
#8148=CARTESIAN_POINT('',(4.8,-5.18284271247463,5.));
#8149=CARTESIAN_POINT('',(4.8,-5.18284271247463,11.));
#8150=CARTESIAN_POINT('',(4.8,-14.2789213562373,5.));
#8151=CARTESIAN_POINT('Origin',(2.68284271247462,-7.3,11.));
#8152=CARTESIAN_POINT('',(2.68284271247462,-7.3,5.));
#8153=CARTESIAN_POINT('',(2.68284271247462,-7.3,11.));
#8154=CARTESIAN_POINT('',(-2.00661796564404,-11.9894606781186,5.));
#8155=CARTESIAN_POINT('Origin',(-2.68284271247462,-7.3,11.));
#8156=CARTESIAN_POINT('',(-2.68284271247462,-7.3,5.));
#8157=CARTESIAN_POINT('',(-2.68284271247462,-7.3,11.));
#8158=CARTESIAN_POINT('',(-1.34142135623731,-7.29999999999999,5.));
#8159=CARTESIAN_POINT('Origin',(1.33226762955019E-14,-23.3749999999997,
4.));
#8160=CARTESIAN_POINT('',(-6.59999999999998,-22.2,4.));
#8161=CARTESIAN_POINT('',(-5.14374999999993,-20.7437499999999,4.));
#8162=CARTESIAN_POINT('',(-6.59999999999998,4.35000000000001,4.));
#8163=CARTESIAN_POINT('',(-6.59999999999998,-37.2374999999996,4.));
#8164=CARTESIAN_POINT('',(-3.59999999999998,7.35000000000001,4.));
#8165=CARTESIAN_POINT('Origin',(-3.59999999999998,4.35000000000001,4.00000000000003));
#8166=CARTESIAN_POINT('',(3.6,7.35000000000001,4.));
#8167=CARTESIAN_POINT('',(-1.79999999999998,7.35000000000001,4.));
#8168=CARTESIAN_POINT('',(6.6,4.35,4.));
#8169=CARTESIAN_POINT('Origin',(3.6,4.35000000000001,4.00000000000003));
#8170=CARTESIAN_POINT('',(6.59999999999998,-22.2,4.));
#8171=CARTESIAN_POINT('',(6.59999999999998,-9.51249999999987,4.));
#8172=CARTESIAN_POINT('',(5.14374999999994,-20.7437499999999,4.));
#8173=CARTESIAN_POINT('Origin',(-6.19999999999998,-36.,0.));
#8174=CARTESIAN_POINT('',(-6.59999999999998,-36.,0.4));
#8175=CARTESIAN_POINT('',(-6.19999999999998,-36.4,0.4));
#8176=CARTESIAN_POINT('',(-6.59999999999998,-36.,0.4));
#8177=CARTESIAN_POINT('',(-6.19999999999998,-36.,0.));
#8178=CARTESIAN_POINT('',(-6.19999999999998,-36.,0.));
#8179=CARTESIAN_POINT('',(-6.19999999999998,-36.4,0.4));
#8180=CARTESIAN_POINT('Origin',(6.19999999999998,-36.,0.));
#8181=CARTESIAN_POINT('',(6.19999999999998,-36.4,0.4));
#8182=CARTESIAN_POINT('',(6.59999999999998,-36.,0.4));
#8183=CARTESIAN_POINT('',(6.19999999999998,-36.4,0.4));
#8184=CARTESIAN_POINT('',(6.19999999999998,-36.,0.));
#8185=CARTESIAN_POINT('',(6.19999999999998,-36.,0.));
#8186=CARTESIAN_POINT('',(6.59999999999998,-36.,0.4));
#8187=CARTESIAN_POINT('Origin',(3.29999999999999,-36.2,0.2));
#8188=CARTESIAN_POINT('',(3.29999999999999,-36.4,0.4));
#8189=CARTESIAN_POINT('',(3.29999999999999,-36.,0.));
#8190=CARTESIAN_POINT('Origin',(-6.19999999999998,-22.2,0.));
#8191=CARTESIAN_POINT('',(-6.59999999999998,-22.2,0.4));
#8192=CARTESIAN_POINT('',(-6.19999999999998,-21.8,0.4));
#8193=CARTESIAN_POINT('',(-6.19999999999998,-22.2,0.));
#8194=CARTESIAN_POINT('',(-6.19999999999998,-22.2,0.));
#8195=CARTESIAN_POINT('',(-6.59999999999998,-22.2,0.4));
#8196=CARTESIAN_POINT('Origin',(6.19999999999998,-21.8,0.4));
#8197=CARTESIAN_POINT('',(6.19999999999998,-22.2,0.));
#8198=CARTESIAN_POINT('',(6.59999999999998,-22.2,0.4));
#8199=CARTESIAN_POINT('',(6.19999999999998,-22.2,0.));
#8200=CARTESIAN_POINT('',(6.19999999999998,-21.8,0.4));
#8201=CARTESIAN_POINT('',(6.59999999999998,-22.2,0.4));
#8202=CARTESIAN_POINT('Origin',(-3.29999999999999,-22.,0.2));
#8203=CARTESIAN_POINT('',(-3.29999999999999,-22.2,0.));
#8204=CARTESIAN_POINT('Origin',(6.39999999999998,-22.,7.5));
#8205=CARTESIAN_POINT('',(6.59999999999998,-22.2,7.5));
#8206=CARTESIAN_POINT('Origin',(6.39999999999998,-12.375,0.2));
#8207=CARTESIAN_POINT('',(6.59999999999998,-12.375,0.4));
#8208=CARTESIAN_POINT('',(6.19999999999998,-12.375,0.));
#8209=CARTESIAN_POINT('Origin',(-6.39999999999998,-40.0999999999998,0.2));
#8210=CARTESIAN_POINT('',(-6.59999999999998,-40.0999999999998,0.4));
#8211=CARTESIAN_POINT('',(-6.19999999999998,-40.0999999999998,0.));
#8212=CARTESIAN_POINT('Origin',(-6.39999999999998,-22.,7.5));
#8213=CARTESIAN_POINT('',(-6.59999999999998,-22.2,7.5));
#8214=CARTESIAN_POINT('Origin',(6.39999999999998,-36.2,7.5));
#8215=CARTESIAN_POINT('',(6.59999999999998,-36.,4.));
#8216=CARTESIAN_POINT('',(6.19999999999998,-36.4,4.));
#8217=CARTESIAN_POINT('',(8.00625000000005,-34.5937499999999,4.));
#8218=CARTESIAN_POINT('',(6.19999999999998,-36.4,7.5));
#8219=CARTESIAN_POINT('',(6.59999999999998,-36.,7.5));
#8220=CARTESIAN_POINT('Origin',(-6.39999999999998,-36.2,7.5));
#8221=CARTESIAN_POINT('',(-6.19999999999998,-36.4,4.));
#8222=CARTESIAN_POINT('',(-6.59999999999998,-36.,4.));
#8223=CARTESIAN_POINT('',(-8.00625000000008,-34.5937499999999,4.));
#8224=CARTESIAN_POINT('',(-6.59999999999998,-36.,7.5));
#8225=CARTESIAN_POINT('',(-6.19999999999998,-36.4,7.5));
#8226=CARTESIAN_POINT('Origin',(-6.59999999999998,-51.0999999999995,11.));
#8227=CARTESIAN_POINT('',(-6.59999999999998,-51.0999999999995,4.));
#8228=CARTESIAN_POINT('',(-6.59999999999998,-37.2374999999996,4.));
#8229=CARTESIAN_POINT('',(-6.59999999999998,-51.0999999999995,9.99999999999998));
#8230=CARTESIAN_POINT('',(-6.59999999999998,-51.0999999999995,11.));
#8231=CARTESIAN_POINT('',(-6.59999999999998,4.35000000000001,10.));
#8232=CARTESIAN_POINT('',(-6.59999999999998,-37.2374999999996,9.99999999999999));
#8233=CARTESIAN_POINT('',(-6.59999999999998,4.35,11.));
#8234=CARTESIAN_POINT('Origin',(5.55111512312578E-16,-29.1,0.));
#8235=CARTESIAN_POINT('Origin',(1.86519660940678,-34.6191179656439,4.2));
#8236=CARTESIAN_POINT('',(-5.2,-41.4014718625761,4.));
#8237=CARTESIAN_POINT('',(-2.84852813742387,-39.05,4.));
#8238=CARTESIAN_POINT('',(1.72377525316947,-34.4776966094066,4.));
#8239=CARTESIAN_POINT('',(-2.68284271247463,-39.45,4.4));
#8240=CARTESIAN_POINT('',(-2.84852813742387,-39.05,4.));
#8241=CARTESIAN_POINT('',(-4.8,-41.5671572875254,4.4));
#8242=CARTESIAN_POINT('',(2.00661796564409,-34.7605393218813,4.4));
#8243=CARTESIAN_POINT('',(-5.2,-41.4014718625761,4.));
#8244=CARTESIAN_POINT('Origin',(1.34142135623732,-39.25,4.2));
#8245=CARTESIAN_POINT('',(2.84852813742386,-39.05,4.));
#8246=CARTESIAN_POINT('',(1.34142135623732,-39.05,4.));
#8247=CARTESIAN_POINT('',(2.68284271247462,-39.45,4.4));
#8248=CARTESIAN_POINT('',(2.84852813742386,-39.05,4.));
#8249=CARTESIAN_POINT('',(1.34142135623732,-39.45,4.4));
#8250=CARTESIAN_POINT('Origin',(-5.,-32.4710786437626,4.2));
#8251=CARTESIAN_POINT('',(-4.8,-50.1828427124746,4.4));
#8252=CARTESIAN_POINT('',(-4.8,-32.4710786437626,4.4));
#8253=CARTESIAN_POINT('',(-5.2,-50.3485281374238,4.));
#8254=CARTESIAN_POINT('',(-4.8,-50.1828427124746,4.4));
#8255=CARTESIAN_POINT('',(-5.2,-32.4710786437626,4.));
#8256=CARTESIAN_POINT('Origin',(-0.806617965644089,-35.6776966094067,4.2));
#8257=CARTESIAN_POINT('',(5.2,-41.4014718625761,4.));
#8258=CARTESIAN_POINT('',(-0.665196609406779,-35.5362752531693,4.));
#8259=CARTESIAN_POINT('',(4.8,-41.5671572875254,4.4));
#8260=CARTESIAN_POINT('',(5.2,-41.4014718625761,4.));
#8261=CARTESIAN_POINT('',(-0.948039321881399,-35.819117965644,4.4));
#8262=CARTESIAN_POINT('Origin',(5.,-36.7789213562372,4.2));
#8263=CARTESIAN_POINT('',(5.2,-50.3485281374239,4.));
#8264=CARTESIAN_POINT('',(5.2,-36.7789213562372,4.));
#8265=CARTESIAN_POINT('',(4.8,-50.1828427124746,4.4));
#8266=CARTESIAN_POINT('',(5.2,-50.3485281374239,4.));
#8267=CARTESIAN_POINT('',(4.8,-36.7789213562372,4.4));
#8268=CARTESIAN_POINT('Origin',(9.38480339059334,-45.8808820343559,4.2));
#8269=CARTESIAN_POINT('',(2.84852813742385,-52.7,4.));
#8270=CARTESIAN_POINT('',(9.52622474683065,-46.0223033905932,4.));
#8271=CARTESIAN_POINT('',(2.68284271247462,-52.3,4.4));
#8272=CARTESIAN_POINT('',(2.84852813742385,-52.7,4.));
#8273=CARTESIAN_POINT('',(9.24338203435603,-45.7394606781186,4.4));
#8274=CARTESIAN_POINT('Origin',(-1.3414213562373,-52.5,4.2));
#8275=CARTESIAN_POINT('',(-2.68284271247461,-52.3,4.4));
#8276=CARTESIAN_POINT('',(-1.3414213562373,-52.3,4.4));
#8277=CARTESIAN_POINT('',(-2.84852813742384,-52.7,4.));
#8278=CARTESIAN_POINT('',(-1.3414213562373,-52.7,4.));
#8279=CARTESIAN_POINT('',(-2.84852813742384,-52.7,4.));
#8280=CARTESIAN_POINT('Origin',(-10.443382034356,-44.8223033905932,4.2));
#8281=CARTESIAN_POINT('',(-10.3019606781187,-44.6808820343559,4.4));
#8282=CARTESIAN_POINT('',(-10.5848033905933,-44.9637247468306,4.));
#8283=CARTESIAN_POINT('Origin',(-2.68284271247461,-52.3,11.));
#8284=CARTESIAN_POINT('',(-2.68284271247461,-52.3,5.));
#8285=CARTESIAN_POINT('',(-2.68284271247461,-52.3,11.));
#8286=CARTESIAN_POINT('',(2.68284271247462,-52.3,5.));
#8287=CARTESIAN_POINT('',(-1.3414213562373,-52.3,5.));
#8288=CARTESIAN_POINT('',(2.68284271247462,-52.3,11.));
#8289=CARTESIAN_POINT('Origin',(-4.8,-50.1828427124746,11.));
#8290=CARTESIAN_POINT('',(-4.8,-50.1828427124746,5.));
#8291=CARTESIAN_POINT('',(-4.8,-50.1828427124746,11.));
#8292=CARTESIAN_POINT('',(-10.3019606781186,-44.680882034356,5.));
#8293=CARTESIAN_POINT('Origin',(-4.8,-41.5671572875254,11.));
#8294=CARTESIAN_POINT('',(-4.8,-41.5671572875254,5.));
#8295=CARTESIAN_POINT('',(-4.8,-41.5671572875254,11.));
#8296=CARTESIAN_POINT('',(-4.8,-32.4710786437627,5.));
#8297=CARTESIAN_POINT('Origin',(-2.68284271247463,-39.45,11.));
#8298=CARTESIAN_POINT('',(-2.68284271247463,-39.45,5.));
#8299=CARTESIAN_POINT('',(-2.68284271247463,-39.45,11.));
#8300=CARTESIAN_POINT('',(2.00661796564402,-34.7605393218813,5.));
#8301=CARTESIAN_POINT('Origin',(1.33226762955019E-14,-23.3749999999997,
4.));
#8302=CARTESIAN_POINT('',(3.3,-36.4,4.));
#8303=CARTESIAN_POINT('',(6.60000000000001,-51.0999999999995,4.));
#8304=CARTESIAN_POINT('',(6.59999999999998,-9.51249999999987,4.));
#8305=CARTESIAN_POINT('',(3.6,-54.0999999999995,4.));
#8306=CARTESIAN_POINT('Origin',(3.60000000000001,-51.0999999999995,3.99999999999997));
#8307=CARTESIAN_POINT('',(-3.59999999999998,-54.0999999999995,4.));
#8308=CARTESIAN_POINT('',(1.80000000000001,-54.0999999999995,4.));
#8309=CARTESIAN_POINT('Origin',(-3.59999999999999,-51.0999999999995,3.99999999999997));
#8310=CARTESIAN_POINT('Origin',(-0.699999984354001,-46.775,0.2));
#8311=CARTESIAN_POINT('',(0.999999968707963,-46.575,0.4));
#8312=CARTESIAN_POINT('',(0.999999968707963,-46.975,0.));
#8313=CARTESIAN_POINT('',(0.999999968707963,-46.575,0.4));
#8314=CARTESIAN_POINT('',(-0.999999968707962,-46.975,0.));
#8315=CARTESIAN_POINT('',(-0.699999984354001,-46.975,0.));
#8316=CARTESIAN_POINT('',(-0.999999968707962,-46.575,0.4));
#8317=CARTESIAN_POINT('',(-0.999999968707962,-46.975,0.));
#8318=CARTESIAN_POINT('',(-0.699999984354001,-46.575,0.4));
#8319=CARTESIAN_POINT('Origin',(3.9801020972289E-16,-47.5,0.2));
#8320=CARTESIAN_POINT('',(-1.39999996870796,-47.5,0.4));
#8321=CARTESIAN_POINT('',(-0.999999968707962,-47.5,0.));
#8322=CARTESIAN_POINT('',(-1.39999996870796,-47.5,0.4));
#8323=CARTESIAN_POINT('',(0.999999968707963,-47.5,0.));
#8324=CARTESIAN_POINT('Origin',(3.9801020972289E-16,-47.5,0.));
#8325=CARTESIAN_POINT('',(1.39999996870796,-47.5,0.4));
#8326=CARTESIAN_POINT('',(0.999999968707963,-47.5,0.));
#8327=CARTESIAN_POINT('Origin',(3.9801020972289E-16,-47.5,0.4));
#8328=CARTESIAN_POINT('Origin',(-1.19999996870797,-36.368749992177,0.2));
#8329=CARTESIAN_POINT('',(-1.39999996870796,-46.975,0.4));
#8330=CARTESIAN_POINT('',(-1.39999996870796,-46.975,0.4));
#8331=CARTESIAN_POINT('',(-0.999999968707965,-36.368749992177,0.));
#8332=CARTESIAN_POINT('',(-1.39999996870797,-36.368749992177,0.4));
#8333=CARTESIAN_POINT('Origin',(1.19999996870795,-35.906249992177,0.2));
#8334=CARTESIAN_POINT('',(0.999999968707953,-35.906249992177,0.));
#8335=CARTESIAN_POINT('',(1.39999996870796,-46.975,0.4));
#8336=CARTESIAN_POINT('',(0.999999968707963,-46.975,0.));
#8337=CARTESIAN_POINT('',(1.39999996870795,-35.906249992177,0.4));
#8338=CARTESIAN_POINT('Origin',(-0.999999968707962,-46.975,0.4));
#8339=CARTESIAN_POINT('Origin',(-0.999999968707962,-46.975,0.4));
#8340=CARTESIAN_POINT('Origin',(0.999999968707963,-46.975,0.4));
#8341=CARTESIAN_POINT('Origin',(0.999999968707963,-46.975,0.4));
#8342=CARTESIAN_POINT('Origin',(-0.999999968707962,-46.975,11.));
#8343=CARTESIAN_POINT('',(-1.39999996870796,-46.975,5.));
#8344=CARTESIAN_POINT('',(-1.39999996870796,-46.975,11.));
#8345=CARTESIAN_POINT('',(-0.999999968707962,-46.575,5.));
#8346=CARTESIAN_POINT('Origin',(-0.999999968707962,-46.975,5.));
#8347=CARTESIAN_POINT('',(-0.999999968707962,-46.575,11.));
#8348=CARTESIAN_POINT('Origin',(-1.39999996870796,-47.5,11.));
#8349=CARTESIAN_POINT('',(-1.39999996870796,-47.5,5.));
#8350=CARTESIAN_POINT('',(-1.39999996870796,-47.5,11.));
#8351=CARTESIAN_POINT('',(-1.39999996870797,-34.9145000043809,5.));
#8352=CARTESIAN_POINT('Origin',(3.9801020972289E-16,-47.5,11.));
#8353=CARTESIAN_POINT('',(1.39999996870796,-47.5,5.));
#8354=CARTESIAN_POINT('',(1.39999996870796,-47.5,11.));
#8355=CARTESIAN_POINT('Origin',(3.9801020972289E-16,-47.5,5.));
#8356=CARTESIAN_POINT('Origin',(-3.8441472227646E-14,-25.237499984354,0.));
#8357=CARTESIAN_POINT('Origin',(-0.700000000000058,-1.775,0.2));
#8358=CARTESIAN_POINT('',(0.999999999999957,-1.575,0.4));
#8359=CARTESIAN_POINT('',(0.999999999999956,-1.975,0.));
#8360=CARTESIAN_POINT('',(0.999999999999957,-1.575,0.4));
#8361=CARTESIAN_POINT('',(-1.00000000000004,-1.975,0.));
#8362=CARTESIAN_POINT('',(-0.700000000000058,-1.975,0.));
#8363=CARTESIAN_POINT('',(-1.00000000000004,-1.575,0.4));
#8364=CARTESIAN_POINT('',(-1.00000000000004,-1.975,0.));
#8365=CARTESIAN_POINT('',(-0.700000000000058,-1.575,0.4));
#8366=CARTESIAN_POINT('Origin',(1.2000000000009,-13.4062499921769,0.2));
#8367=CARTESIAN_POINT('',(1.4,-2.5,0.4));
#8368=CARTESIAN_POINT('',(1.,-2.50000000000003,0.));
#8369=CARTESIAN_POINT('',(1.4,-2.5,0.4));
#8370=CARTESIAN_POINT('',(1.0000000000009,-13.406249992177,0.));
#8371=CARTESIAN_POINT('',(1.39999999999996,-1.97499999999997,0.4));
#8372=CARTESIAN_POINT('',(0.999999999999956,-1.975,0.));
#8373=CARTESIAN_POINT('',(1.4000000000009,-13.4062499921769,0.4));
#8374=CARTESIAN_POINT('Origin',(-1.19999999999904,-13.868749992177,0.2));
#8375=CARTESIAN_POINT('',(-1.40000000000004,-1.97500000000003,0.4));
#8376=CARTESIAN_POINT('',(-1.40000000000004,-1.97500000000003,0.4));
#8377=CARTESIAN_POINT('',(-0.999999999999999,-2.49999999999997,0.));
#8378=CARTESIAN_POINT('',(-0.999999999999041,-13.868749992177,0.));
#8379=CARTESIAN_POINT('',(-1.4,-2.5,0.4));
#8380=CARTESIAN_POINT('',(-0.999999999999999,-2.49999999999997,0.));
#8381=CARTESIAN_POINT('',(-1.39999999999904,-13.868749992177,0.4));
#8382=CARTESIAN_POINT('Origin',(3.9801020972289E-16,-2.5,0.2));
#8383=CARTESIAN_POINT('Origin',(3.9801020972289E-16,-2.5,0.));
#8384=CARTESIAN_POINT('Origin',(3.9801020972289E-16,-2.5,0.4));
#8385=CARTESIAN_POINT('Origin',(-1.00000000000004,-1.975,0.4));
#8386=CARTESIAN_POINT('Origin',(-1.00000000000004,-1.975,0.4));
#8387=CARTESIAN_POINT('Origin',(0.999999999999957,-1.975,0.4));
#8388=CARTESIAN_POINT('Origin',(0.999999999999957,-1.975,0.4));
#8389=CARTESIAN_POINT('Origin',(-1.40000000000008,-1.575,11.));
#8390=CARTESIAN_POINT('',(-1.00000000000004,-1.575,5.));
#8391=CARTESIAN_POINT('',(-1.00000000000004,-1.575,11.));
#8392=CARTESIAN_POINT('',(0.999999999999957,-1.575,5.));
#8393=CARTESIAN_POINT('',(-0.700000000000039,-1.575,5.));
#8394=CARTESIAN_POINT('',(0.999999999999957,-1.575,11.));
#8395=CARTESIAN_POINT('Origin',(-1.00000000000004,-1.975,11.));
#8396=CARTESIAN_POINT('',(-1.40000000000004,-1.97500000000003,5.));
#8397=CARTESIAN_POINT('',(-1.40000000000004,-1.97500000000003,11.));
#8398=CARTESIAN_POINT('Origin',(-1.00000000000004,-1.975,5.));
#8399=CARTESIAN_POINT('Origin',(-1.4,-2.5,11.));
#8400=CARTESIAN_POINT('',(-1.4,-2.5,5.));
#8401=CARTESIAN_POINT('',(-1.4,-2.5,11.));
#8402=CARTESIAN_POINT('',(-1.39999999999916,-12.4145000043809,5.));
#8403=CARTESIAN_POINT('Origin',(-3.8441472227646E-14,-25.237499984354,0.));
#8404=CARTESIAN_POINT('Origin',(-1.39999996870796,-46.575,11.));
#8405=CARTESIAN_POINT('',(0.999999968707963,-46.575,5.));
#8406=CARTESIAN_POINT('',(-0.699999984353981,-46.575,5.));
#8407=CARTESIAN_POINT('',(0.999999968707963,-46.575,11.));
#8408=CARTESIAN_POINT('Origin',(0.999999968707963,-46.975,11.));
#8409=CARTESIAN_POINT('',(1.39999996870796,-46.975,5.));
#8410=CARTESIAN_POINT('Origin',(0.999999968707963,-46.975,5.));
#8411=CARTESIAN_POINT('',(1.39999996870796,-46.975,11.));
#8412=CARTESIAN_POINT('Origin',(1.39999996870796,-46.575,11.));
#8413=CARTESIAN_POINT('',(1.39999996870795,-34.4520000043809,5.));
#8414=CARTESIAN_POINT('Origin',(0.999999999999957,-1.975,11.));
#8415=CARTESIAN_POINT('',(1.39999999999996,-1.97499999999997,5.));
#8416=CARTESIAN_POINT('Origin',(0.999999999999957,-1.975,5.));
#8417=CARTESIAN_POINT('',(1.39999999999996,-1.97499999999997,11.));
#8418=CARTESIAN_POINT('Origin',(1.39999999999992,-1.575,11.));
#8419=CARTESIAN_POINT('',(1.4,-2.5,5.));
#8420=CARTESIAN_POINT('',(1.40000000000078,-11.9520000043808,5.));
#8421=CARTESIAN_POINT('',(1.4,-2.5,11.));
#8422=CARTESIAN_POINT('Origin',(-1.06824914248665E-31,-45.,10.8));
#8423=CARTESIAN_POINT('',(3.4,-45.,11.));
#8424=CARTESIAN_POINT('Origin',(-2.1364982849733E-31,-45.,11.));
#8425=CARTESIAN_POINT('',(3.,-45.,10.6));
#8426=CARTESIAN_POINT('',(3.2,-45.,10.8));
#8427=CARTESIAN_POINT('',(-3.,-45.,10.6));
#8428=CARTESIAN_POINT('Origin',(0.,-45.,10.6));
#8429=CARTESIAN_POINT('Origin',(0.,-45.,10.6));
#8430=CARTESIAN_POINT('Origin',(1.33226762955019E-14,-23.3749999999998,
11.));
#8431=CARTESIAN_POINT('',(5.59999999999998,4.35,11.));
#8432=CARTESIAN_POINT('',(5.59999999999998,-51.0999999999995,11.));
#8433=CARTESIAN_POINT('',(5.59999999999998,-9.51249999999988,11.));
#8434=CARTESIAN_POINT('',(3.6,6.35,11.));
#8435=CARTESIAN_POINT('Origin',(3.6,4.35,11.));
#8436=CARTESIAN_POINT('',(-3.59999999999998,6.35,11.));
#8437=CARTESIAN_POINT('',(-1.79999999999998,6.35,11.));
#8438=CARTESIAN_POINT('',(-5.59999999999998,4.35,11.));
#8439=CARTESIAN_POINT('Origin',(-3.59999999999998,4.35,11.));
#8440=CARTESIAN_POINT('',(-5.59999999999998,-51.0999999999995,11.));
#8441=CARTESIAN_POINT('',(-5.59999999999998,-37.2374999999996,11.));
#8442=CARTESIAN_POINT('',(-3.59999999999998,-53.0999999999995,11.));
#8443=CARTESIAN_POINT('Origin',(-3.59999999999999,-51.0999999999995,11.));
#8444=CARTESIAN_POINT('',(3.6,-53.0999999999995,11.));
#8445=CARTESIAN_POINT('',(1.80000000000001,-53.0999999999995,11.));
#8446=CARTESIAN_POINT('Origin',(3.60000000000001,-51.0999999999995,11.));
#8447=CARTESIAN_POINT('',(3.4,1.20320438476714E-16,11.));
#8448=CARTESIAN_POINT('Origin',(-2.13649828497366E-31,-2.96059473233386E-16,
11.));
#8449=CARTESIAN_POINT('Origin',(0.,-45.,11.));
#8450=CARTESIAN_POINT('',(2.65329983228432,-46.4,8.));
#8451=CARTESIAN_POINT('',(-2.65329983228432,-46.4,8.));
#8452=CARTESIAN_POINT('Origin',(0.,-45.,8.));
#8453=CARTESIAN_POINT('',(-2.65329983228432,-46.4,7.8));
#8454=CARTESIAN_POINT('',(-2.65329983228432,-46.4,8.));
#8455=CARTESIAN_POINT('',(-3.,-45.,7.8));
#8456=CARTESIAN_POINT('Origin',(0.,-45.,7.8));
#8457=CARTESIAN_POINT('',(-3.,-45.,11.));
#8458=CARTESIAN_POINT('',(-2.65329983228432,-43.6,7.8));
#8459=CARTESIAN_POINT('Origin',(0.,-45.,7.8));
#8460=CARTESIAN_POINT('',(-2.65329983228432,-43.6,8.));
#8461=CARTESIAN_POINT('',(-2.65329983228432,-43.6,8.));
#8462=CARTESIAN_POINT('',(2.65329983228432,-43.6,8.));
#8463=CARTESIAN_POINT('Origin',(0.,-45.,8.));
#8464=CARTESIAN_POINT('',(2.65329983228432,-43.6,7.8));
#8465=CARTESIAN_POINT('',(2.65329983228432,-43.6,8.));
#8466=CARTESIAN_POINT('',(2.65329983228432,-46.4,7.8));
#8467=CARTESIAN_POINT('Origin',(0.,-45.,7.8));
#8468=CARTESIAN_POINT('',(2.65329983228432,-46.4,8.));
#8469=CARTESIAN_POINT('Origin',(-1.06824914248683E-31,-1.48029736616693E-16,
10.8));
#8470=CARTESIAN_POINT('',(3.,-3.67394039744206E-16,10.6));
#8471=CARTESIAN_POINT('',(3.2,2.4385723911046E-16,10.8));
#8472=CARTESIAN_POINT('',(-3.,3.67394039744206E-16,10.6));
#8473=CARTESIAN_POINT('Origin',(0.,0.,10.6));
#8474=CARTESIAN_POINT('Origin',(0.,0.,10.6));
#8475=CARTESIAN_POINT('Origin',(0.,0.,11.));
#8476=CARTESIAN_POINT('',(2.65329983228432,-1.4,8.));
#8477=CARTESIAN_POINT('',(-2.65329983228432,-1.4,8.));
#8478=CARTESIAN_POINT('Origin',(0.,0.,8.));
#8479=CARTESIAN_POINT('',(-2.65329983228432,-1.4,7.8));
#8480=CARTESIAN_POINT('',(-2.65329983228432,-1.4,8.));
#8481=CARTESIAN_POINT('',(-3.,3.67394039744206E-16,7.8));
#8482=CARTESIAN_POINT('Origin',(0.,0.,7.8));
#8483=CARTESIAN_POINT('',(-3.,3.67394039744206E-16,11.));
#8484=CARTESIAN_POINT('',(-2.65329983228432,1.4,7.8));
#8485=CARTESIAN_POINT('Origin',(0.,0.,7.8));
#8486=CARTESIAN_POINT('',(-2.65329983228432,1.4,8.));
#8487=CARTESIAN_POINT('',(-2.65329983228432,1.4,8.));
#8488=CARTESIAN_POINT('',(2.65329983228432,1.4,8.));
#8489=CARTESIAN_POINT('Origin',(0.,0.,8.));
#8490=CARTESIAN_POINT('',(2.65329983228432,1.4,7.8));
#8491=CARTESIAN_POINT('',(2.65329983228432,1.4,8.));
#8492=CARTESIAN_POINT('',(2.65329983228432,-1.4,7.8));
#8493=CARTESIAN_POINT('Origin',(0.,0.,7.8));
#8494=CARTESIAN_POINT('',(2.65329983228432,-1.4,8.));
#8495=CARTESIAN_POINT('Origin',(6.09999999999998,-9.51249999999988,10.5));
#8496=CARTESIAN_POINT('',(6.6,4.35,10.));
#8497=CARTESIAN_POINT('',(6.6,4.35,10.));
#8498=CARTESIAN_POINT('',(6.60000000000001,-51.0999999999995,9.99999999999998));
#8499=CARTESIAN_POINT('',(5.59999999999998,-51.0999999999995,11.));
#8500=CARTESIAN_POINT('',(6.59999999999998,-9.51249999999988,10.));
#8501=CARTESIAN_POINT('Origin',(3.6,4.35,10.5));
#8502=CARTESIAN_POINT('',(3.6,7.35,10.));
#8503=CARTESIAN_POINT('',(3.6,7.35,10.));
#8504=CARTESIAN_POINT('Origin',(3.6,4.35,10.));
#8505=CARTESIAN_POINT('Origin',(-1.79999999999998,6.85,10.5));
#8506=CARTESIAN_POINT('',(-3.59999999999998,7.35,10.));
#8507=CARTESIAN_POINT('',(-1.79999999999998,7.35,10.));
#8508=CARTESIAN_POINT('',(-3.59999999999998,7.35,10.));
#8509=CARTESIAN_POINT('Origin',(-3.59999999999998,4.35,10.5));
#8510=CARTESIAN_POINT('',(-6.59999999999998,4.35000000000001,10.));
#8511=CARTESIAN_POINT('Origin',(-3.59999999999998,4.35,10.));
#8512=CARTESIAN_POINT('Origin',(-6.09999999999998,-37.2374999999996,10.5));
#8513=CARTESIAN_POINT('',(-6.59999999999998,-51.0999999999995,9.99999999999998));
#8514=CARTESIAN_POINT('Origin',(-3.59999999999999,-51.0999999999995,10.5));
#8515=CARTESIAN_POINT('',(-3.59999999999998,-54.0999999999995,9.99999999999999));
#8516=CARTESIAN_POINT('',(-3.59999999999998,-54.0999999999995,9.99999999999999));
#8517=CARTESIAN_POINT('Origin',(-3.59999999999999,-51.0999999999995,9.99999999999999));
#8518=CARTESIAN_POINT('Origin',(1.80000000000001,-53.5999999999995,10.5));
#8519=CARTESIAN_POINT('',(3.6,-54.0999999999995,10.));
#8520=CARTESIAN_POINT('',(1.80000000000001,-54.0999999999995,10.));
#8521=CARTESIAN_POINT('',(3.6,-54.0999999999995,10.));
#8522=CARTESIAN_POINT('Origin',(3.60000000000001,-51.0999999999995,10.5));
#8523=CARTESIAN_POINT('Origin',(3.60000000000001,-51.0999999999995,9.99999999999999));
#8524=CARTESIAN_POINT('Origin',(-3.59999999999998,4.35,11.));
#8525=CARTESIAN_POINT('',(-3.59999999999998,7.35,11.));
#8526=CARTESIAN_POINT('Origin',(-3.59999999999998,7.35,11.));
#8527=CARTESIAN_POINT('',(3.6,7.35,11.));
#8528=CARTESIAN_POINT('Origin',(3.6,4.35,11.));
#8529=CARTESIAN_POINT('',(6.6,4.35,11.));
#8530=CARTESIAN_POINT('Origin',(6.59999999999998,4.35,11.));
#8531=CARTESIAN_POINT('',(6.60000000000001,-51.0999999999995,11.));
#8532=CARTESIAN_POINT('Origin',(0.,-22.5,7.8));
#8533=CARTESIAN_POINT('',(1.4,-46.4,7.8));
#8534=CARTESIAN_POINT('',(1.4,-43.6,7.8));
#8535=CARTESIAN_POINT('',(1.4,-33.05,7.8));
#8536=CARTESIAN_POINT('',(2.65329983228432,-46.4,7.8));
#8537=CARTESIAN_POINT('',(2.65329983228432,-43.6,7.8));
#8538=CARTESIAN_POINT('Origin',(-2.2,0.,7.8));
#8539=CARTESIAN_POINT('',(-1.4,-1.4,7.8));
#8540=CARTESIAN_POINT('',(2.65329983228432,-1.4,7.8));
#8541=CARTESIAN_POINT('',(-1.4,1.4,7.8));
#8542=CARTESIAN_POINT('',(-1.4,-0.7,7.8));
#8543=CARTESIAN_POINT('',(2.65329983228432,1.4,7.8));
#8544=CARTESIAN_POINT('Origin',(0.,-22.5,7.8));
#8545=CARTESIAN_POINT('',(-1.4,-43.6,7.8));
#8546=CARTESIAN_POINT('',(2.65329983228432,-43.6,7.8));
#8547=CARTESIAN_POINT('',(-1.4,-46.4,7.8));
#8548=CARTESIAN_POINT('',(2.65329983228432,-46.4,7.8));
#8549=CARTESIAN_POINT('',(-1.4,-33.75,7.8));
#8550=CARTESIAN_POINT('Origin',(2.2,0.,7.8));
#8551=CARTESIAN_POINT('',(1.4,1.4,7.8));
#8552=CARTESIAN_POINT('',(2.65329983228432,1.4,7.8));
#8553=CARTESIAN_POINT('',(1.4,-1.4,7.8));
#8554=CARTESIAN_POINT('',(1.4,0.7,7.8));
#8555=CARTESIAN_POINT('',(2.65329983228432,-1.4,7.8));
#8556=CARTESIAN_POINT('Origin',(1.4,-43.6,8.));
#8557=CARTESIAN_POINT('',(1.4,-43.6,7.6));
#8558=CARTESIAN_POINT('',(1.4,-43.6,8.));
#8559=CARTESIAN_POINT('',(1.4,-45.,7.6));
#8560=CARTESIAN_POINT('',(1.4,-43.6,7.6));
#8561=CARTESIAN_POINT('',(1.4,-46.4,7.6));
#8562=CARTESIAN_POINT('',(1.4,-43.6,7.6));
#8563=CARTESIAN_POINT('',(1.4,-46.4,8.));
#8564=CARTESIAN_POINT('Origin',(0.,-44.8290000087618,8.));
#8565=CARTESIAN_POINT('',(0.7,-43.6,8.));
#8566=CARTESIAN_POINT('Origin',(0.,-44.8290000087618,8.));
#8567=CARTESIAN_POINT('',(0.7,-46.4,8.));
#8568=CARTESIAN_POINT('Origin',(0.,0.170999999999999,8.));
#8569=CARTESIAN_POINT('',(-1.32664991614216,1.4,8.));
#8570=CARTESIAN_POINT('Origin',(1.4,1.4,8.));
#8571=CARTESIAN_POINT('',(1.4,1.4,7.6));
#8572=CARTESIAN_POINT('',(1.4,1.4,8.));
#8573=CARTESIAN_POINT('',(1.4,-2.77555756156289E-16,7.6));
#8574=CARTESIAN_POINT('',(1.4,1.4,7.6));
#8575=CARTESIAN_POINT('',(1.4,-1.4,7.6));
#8576=CARTESIAN_POINT('',(1.4,1.4,7.6));
#8577=CARTESIAN_POINT('',(1.4,-1.4,8.));
#8578=CARTESIAN_POINT('Origin',(0.7,0.7,7.6));
#8579=CARTESIAN_POINT('',(0.,1.4,7.6));
#8580=CARTESIAN_POINT('',(2.65329983228432,1.4,7.6));
#8581=CARTESIAN_POINT('Origin',(0.,0.,7.6));
#8582=CARTESIAN_POINT('Origin',(1.4,-1.4,8.));
#8583=CARTESIAN_POINT('',(1.32664991614216,-1.4,8.));
#8584=CARTESIAN_POINT('',(0.,-1.4,7.6));
#8585=CARTESIAN_POINT('',(2.65329983228432,-1.4,7.6));
#8586=CARTESIAN_POINT('',(-1.4,-1.4,7.6));
#8587=CARTESIAN_POINT('',(2.65329983228432,-1.4,7.6));
#8588=CARTESIAN_POINT('',(-1.4,-1.4,8.));
#8589=CARTESIAN_POINT('Origin',(0.7,-0.7,7.6));
#8590=CARTESIAN_POINT('Origin',(0.,0.,7.6));
#8591=CARTESIAN_POINT('Origin',(-1.4,-1.4,8.));
#8592=CARTESIAN_POINT('',(-1.4,0.,7.6));
#8593=CARTESIAN_POINT('',(-1.4,1.4,7.6));
#8594=CARTESIAN_POINT('',(-1.4,1.4,7.6));
#8595=CARTESIAN_POINT('',(-1.4,1.4,7.6));
#8596=CARTESIAN_POINT('',(-1.4,1.4,8.));
#8597=CARTESIAN_POINT('Origin',(-0.7,-0.7,7.6));
#8598=CARTESIAN_POINT('Origin',(0.,0.,7.6));
#8599=CARTESIAN_POINT('Origin',(-1.4,1.4,8.));
#8600=CARTESIAN_POINT('',(2.65329983228432,1.4,7.6));
#8601=CARTESIAN_POINT('Origin',(-0.7,0.7,7.6));
#8602=CARTESIAN_POINT('Origin',(0.,0.,7.6));
#8603=CARTESIAN_POINT('Origin',(0.,-22.5,7.6));
#8604=CARTESIAN_POINT('',(2.77555756156289E-16,-43.6,7.6));
#8605=CARTESIAN_POINT('Origin',(0.,-45.,7.6));
#8606=CARTESIAN_POINT('',(2.65329983228432,-43.6,7.6));
#8607=CARTESIAN_POINT('Origin',(1.4,-46.4,8.));
#8608=CARTESIAN_POINT('',(0.,-46.4,7.6));
#8609=CARTESIAN_POINT('',(2.65329983228432,-46.4,7.6));
#8610=CARTESIAN_POINT('',(-1.4,-46.4,7.6));
#8611=CARTESIAN_POINT('',(2.65329983228432,-46.4,7.6));
#8612=CARTESIAN_POINT('',(-1.4,-46.4,8.));
#8613=CARTESIAN_POINT('Origin',(0.,-22.5,7.6));
#8614=CARTESIAN_POINT('Origin',(0.,-45.,7.6));
#8615=CARTESIAN_POINT('Origin',(0.,-22.5,7.6));
#8616=CARTESIAN_POINT('',(-1.4,-45.,7.6));
#8617=CARTESIAN_POINT('',(-1.4,-43.6,7.6));
#8618=CARTESIAN_POINT('Origin',(0.,-45.,7.6));
#8619=CARTESIAN_POINT('Origin',(-1.4,-43.6,8.));
#8620=CARTESIAN_POINT('',(-1.4,-43.6,7.6));
#8621=CARTESIAN_POINT('',(-1.4,-43.6,8.));
#8622=CARTESIAN_POINT('',(2.65329983228432,-43.6,7.6));
#8623=CARTESIAN_POINT('Origin',(-1.4,-45.,8.));
#8624=CARTESIAN_POINT('',(-1.4,-43.6,7.6));
#8625=CARTESIAN_POINT('Origin',(0.,-22.5,7.6));
#8626=CARTESIAN_POINT('Origin',(0.,-45.,7.6));
#8627=CARTESIAN_POINT('Origin',(6.59999999999998,-36.4,4.));
#8628=CARTESIAN_POINT('Origin',(0.,-45.,8.));
#8629=CARTESIAN_POINT('',(-1.4,-45.,5.));
#8630=CARTESIAN_POINT('Origin',(0.,-45.,5.));
#8631=CARTESIAN_POINT('',(-1.4,-45.,8.));
#8632=CARTESIAN_POINT('Origin',(0.,0.,8.));
#8633=CARTESIAN_POINT('',(-1.4,-1.71450551880629E-16,5.));
#8634=CARTESIAN_POINT('Origin',(0.,0.,5.));
#8635=CARTESIAN_POINT('',(-1.4,1.71450551880629E-16,8.));
#8636=CARTESIAN_POINT('Origin',(0.,0.170999999999999,8.));
#8637=CARTESIAN_POINT('Origin',(3.9801020972289E-16,-2.5,11.));
#8638=CARTESIAN_POINT('Origin',(3.9801020972289E-16,-2.5,5.));
#8639=CARTESIAN_POINT('Origin',(0.,-23.375,5.));
#8640=CARTESIAN_POINT('',(2.68284271247462,-39.45,5.));
#8641=CARTESIAN_POINT('',(1.34142135623731,-39.45,5.));
#8642=CARTESIAN_POINT('',(4.8,-41.5671572875254,5.));
#8643=CARTESIAN_POINT('',(-0.948039321881338,-35.819117965644,5.));
#8644=CARTESIAN_POINT('',(4.8,-50.1828427124746,5.));
#8645=CARTESIAN_POINT('',(4.8,-36.7789213562373,5.));
#8646=CARTESIAN_POINT('',(9.24338203435596,-45.7394606781186,5.));
#8647=CARTESIAN_POINT('Origin',(2.68284271247462,-52.3,11.));
#8648=CARTESIAN_POINT('',(4.8,-50.1828427124746,11.));
#8649=CARTESIAN_POINT('Origin',(4.8,-50.1828427124746,11.));
#8650=CARTESIAN_POINT('',(4.8,-41.5671572875254,11.));
#8651=CARTESIAN_POINT('Origin',(4.8,-41.5671572875254,11.));
#8652=CARTESIAN_POINT('',(2.68284271247462,-39.45,11.));
#8653=CARTESIAN_POINT('Origin',(0.,-23.375,5.));
#8654=CARTESIAN_POINT('',(-4.8,-5.18284271247463,5.));
#8655=CARTESIAN_POINT('',(0.948039321881353,-10.9308820343559,5.));
#8656=CARTESIAN_POINT('',(-4.8,3.43284271247463,5.));
#8657=CARTESIAN_POINT('',(-4.8,-9.97107864376269,5.));
#8658=CARTESIAN_POINT('',(-2.68284271247462,5.55,5.));
#8659=CARTESIAN_POINT('',(-9.24338203435596,-1.01053932188131,5.));
#8660=CARTESIAN_POINT('',(1.34142135623731,5.55000000000001,5.));
#8661=CARTESIAN_POINT('Origin',(2.68284271247462,5.55,11.));
#8662=CARTESIAN_POINT('',(-2.68284271247462,5.55,11.));
#8663=CARTESIAN_POINT('Origin',(-2.68284271247462,5.55,11.));
#8664=CARTESIAN_POINT('',(-4.8,3.43284271247463,11.));
#8665=CARTESIAN_POINT('Origin',(-3.59999999999999,-51.0999999999995,11.));
#8666=CARTESIAN_POINT('',(-3.59999999999998,-54.0999999999995,11.));
#8667=CARTESIAN_POINT('Origin',(3.6,-54.0999999999995,11.));
#8668=CARTESIAN_POINT('',(3.6,-54.0999999999995,11.));
#8669=CARTESIAN_POINT('Origin',(-4.8,-5.18284271247463,11.));
#8670=CARTESIAN_POINT('',(-4.8,-5.18284271247463,11.));
#8671=CARTESIAN_POINT('Origin',(-4.8,3.43284271247463,11.));
#8672=CARTESIAN_POINT('Origin',(2.68284271247462,-39.45,11.));
#8673=CARTESIAN_POINT('Origin',(3.60000000000001,-51.0999999999995,11.));
#8674=CARTESIAN_POINT('',(0.,0.,0.));
#8675=CARTESIAN_POINT('',(0.,0.,0.));
#8676=CARTESIAN_POINT('Origin',(0.,1.12103877145985E-43,10.85));
#8677=CARTESIAN_POINT('',(1.5,1.83697019872103E-16,10.7));
#8678=CARTESIAN_POINT('Origin',(0.,1.12103877145985E-43,10.7));
#8679=CARTESIAN_POINT('',(1.2,-1.46957615897682E-16,11.));
#8680=CARTESIAN_POINT('',(1.35,-1.65327317884893E-16,10.85));
#8681=CARTESIAN_POINT('Origin',(0.,1.12103877145985E-43,11.));
#8682=CARTESIAN_POINT('Origin',(0.,1.12103877145985E-43,3.));
#8683=CARTESIAN_POINT('',(1.5,1.83697019872103E-16,3.));
#8684=CARTESIAN_POINT('',(1.5,1.83697019872103E-16,3.));
#8685=CARTESIAN_POINT('Origin',(0.,1.12103877145985E-43,3.));
#8686=CARTESIAN_POINT('Origin',(0.,0.,11.));
#8687=CARTESIAN_POINT('Origin',(0.,1.12103877145985E-43,0.));
#8688=CARTESIAN_POINT('',(-2.75,-3.36777869765522E-16,0.));
#8689=CARTESIAN_POINT('Origin',(0.,1.12103877145985E-43,0.));
#8690=CARTESIAN_POINT('',(-1.25,0.721687836487032,0.));
#8691=CARTESIAN_POINT('',(3.25260651745651E-16,1.44337567297407,0.));
#8692=CARTESIAN_POINT('Origin',(0.,1.12103877145985E-43,0.));
#8693=CARTESIAN_POINT('',(-1.25,-0.721687836487032,0.));
#8694=CARTESIAN_POINT('Origin',(0.,1.12103877145985E-43,0.));
#8695=CARTESIAN_POINT('',(1.0842021724855E-16,-1.44337567297407,0.));
#8696=CARTESIAN_POINT('Origin',(0.,1.12103877145985E-43,0.));
#8697=CARTESIAN_POINT('',(1.25,-0.721687836487032,0.));
#8698=CARTESIAN_POINT('Origin',(0.,1.12103877145985E-43,0.));
#8699=CARTESIAN_POINT('',(1.25,0.721687836487033,0.));
#8700=CARTESIAN_POINT('Origin',(0.,1.12103877145985E-43,0.));
#8701=CARTESIAN_POINT('Origin',(0.,1.12103877145985E-43,0.));
#8702=CARTESIAN_POINT('Origin',(1.25,2.1650635094611,1.875));
#8703=CARTESIAN_POINT('',(-1.25,0.721687836487032,1.875));
#8704=CARTESIAN_POINT('',(-7.27797177348144E-17,1.44337567297406,1.875));
#8705=CARTESIAN_POINT('',(-1.25,0.721687836487032,1.875));
#8706=CARTESIAN_POINT('',(1.25,0.721687836487032,1.875));
#8707=CARTESIAN_POINT('',(-7.27797177348144E-17,1.44337567297406,1.875));
#8708=CARTESIAN_POINT('',(1.25,-0.721687836487033,1.875));
#8709=CARTESIAN_POINT('',(1.25,0.721687836487032,1.875));
#8710=CARTESIAN_POINT('',(7.89908703118279E-17,-1.44337567297406,1.875));
#8711=CARTESIAN_POINT('',(1.25,-0.721687836487033,1.875));
#8712=CARTESIAN_POINT('',(-1.25,-0.721687836487032,1.875));
#8713=CARTESIAN_POINT('',(7.89908703118279E-17,-1.44337567297406,1.875));
#8714=CARTESIAN_POINT('',(-1.25,-0.721687836487032,1.875));
#8715=CARTESIAN_POINT('Origin',(-7.27797177348144E-17,1.44337567297406,
1.875));
#8716=CARTESIAN_POINT('',(-7.27797177348144E-17,1.44337567297406,1.875));
#8717=CARTESIAN_POINT('Ctrl Pts',(3.48138564520321E-15,1.44337567297406,
1.7811740510342E-15));
#8718=CARTESIAN_POINT('Ctrl Pts',(0.625,1.08253175473055,0.360843918243513));
#8719=CARTESIAN_POINT('Ctrl Pts',(1.25,0.721687836487035,2.34791124909054E-15));
#8720=CARTESIAN_POINT('',(1.25,0.721687836487032,1.875));
#8721=CARTESIAN_POINT('Origin',(1.25,0.721687836487032,1.875));
#8722=CARTESIAN_POINT('Ctrl Pts',(1.25,0.72168783648703,8.905870255171E-16));
#8723=CARTESIAN_POINT('Ctrl Pts',(1.25,1.11022302462516E-15,0.360843918243513));
#8724=CARTESIAN_POINT('Ctrl Pts',(1.25,-0.721687836487027,2.44911432017202E-15));
#8725=CARTESIAN_POINT('',(1.25,-0.721687836487033,1.875));
#8726=CARTESIAN_POINT('Origin',(1.25,-0.721687836487033,1.875));
#8727=CARTESIAN_POINT('Ctrl Pts',(1.25,-0.721687836487035,1.55852729465492E-15));
#8728=CARTESIAN_POINT('Ctrl Pts',(0.625,-1.08253175473055,0.360843918243513));
#8729=CARTESIAN_POINT('Ctrl Pts',(4.29101021385511E-15,-1.44337567297406,
1.90261773633198E-15));
#8730=CARTESIAN_POINT('',(7.89908703118279E-17,-1.44337567297406,1.875));
#8731=CARTESIAN_POINT('Origin',(7.89908703118279E-17,-1.44337567297406,
1.875));
#8732=CARTESIAN_POINT('Ctrl Pts',(-5.26255969623741E-15,-1.44337567297406,
3.07657336087725E-15));
#8733=CARTESIAN_POINT('Ctrl Pts',(-0.625000000000001,-1.08253175473055,
0.360843918243512));
#8734=CARTESIAN_POINT('Ctrl Pts',(-1.25,-0.721687836487035,2.06454265006237E-15));
#8735=CARTESIAN_POINT('',(-1.25,-0.721687836487032,1.875));
#8736=CARTESIAN_POINT('Origin',(-1.25,-0.721687836487032,1.875));
#8737=CARTESIAN_POINT('Ctrl Pts',(-1.25,0.721687836487027,2.20622694957645E-15));
#8738=CARTESIAN_POINT('Ctrl Pts',(-1.25,-1.11022302462516E-15,0.360843918243513));
#8739=CARTESIAN_POINT('Ctrl Pts',(-1.25,-0.721687836487029,7.8938395443561E-16));
#8740=CARTESIAN_POINT('',(-1.25,0.721687836487032,1.875));
#8741=CARTESIAN_POINT('Origin',(-1.25,0.721687836487032,1.875));
#8742=CARTESIAN_POINT('Ctrl Pts',(-1.25,0.721687836487035,2.30743002065794E-15));
#8743=CARTESIAN_POINT('Ctrl Pts',(-0.625,1.08253175473055,0.360843918243512));
#8744=CARTESIAN_POINT('Ctrl Pts',(-3.96716038639435E-15,1.44337567297406,
2.00382080741348E-15));
#8745=CARTESIAN_POINT('Origin',(0.,1.12103877145985E-43,3.));
#8746=CARTESIAN_POINT('',(-2.35,2.87791997799628E-16,3.));
#8747=CARTESIAN_POINT('Origin',(0.,1.12103877145985E-43,3.));
#8748=CARTESIAN_POINT('Origin',(0.,1.12103877145985E-43,0.));
#8749=CARTESIAN_POINT('Origin',(0.,1.12103877145985E-43,0.));
#8750=CARTESIAN_POINT('Origin',(0.,1.12103877145985E-43,0.));
#8751=CARTESIAN_POINT('Origin',(0.,1.12103877145985E-43,0.));
#8752=CARTESIAN_POINT('Origin',(0.,1.12103877145985E-43,0.));
#8753=CARTESIAN_POINT('Origin',(0.,1.12103877145985E-43,0.));
#8754=CARTESIAN_POINT('Origin',(0.,1.12103877145985E-43,2.8));
#8755=CARTESIAN_POINT('',(-2.75,-3.36777869765522E-16,2.6));
#8756=CARTESIAN_POINT('Origin',(0.,1.12103877145985E-43,2.6));
#8757=CARTESIAN_POINT('',(-2.55,3.12284933782575E-16,2.8));
#8758=CARTESIAN_POINT('Origin',(0.,1.12103877145985E-43,0.));
#8759=CARTESIAN_POINT('',(-2.75,-3.36777869765522E-16,0.));
#8760=CARTESIAN_POINT('',(0.,0.,0.));
#8761=CARTESIAN_POINT('',(0.,45.,-6.66133814775094E-15));
#8762=CARTESIAN_POINT('Origin',(7.03123222485963,-20.2663547871506,-15.5));
#8763=CARTESIAN_POINT('',(7.03123222485962,-20.2663547871507,-16.9828427124746));
#8764=CARTESIAN_POINT('',(4.90302709665448,-19.8457934823674,-16.9828427124746));
#8765=CARTESIAN_POINT('',(8.62170189985622,-20.5806524988091,-16.9828427124746));
#8766=CARTESIAN_POINT('',(7.03123222485962,-20.2663547871507,-15.5));
#8767=CARTESIAN_POINT('',(7.03123222485962,-20.2663547871506,-15.5));
#8768=CARTESIAN_POINT('',(4.90302709665448,-19.8457934823674,-15.5));
#8769=CARTESIAN_POINT('',(10.4426921548445,-20.9405041068547,-15.5));
#8770=CARTESIAN_POINT('',(4.90302709665449,-19.8457934823674,-16.1));
#8771=CARTESIAN_POINT('Origin',(7.03123222485962,5.351,-15.5));
#8772=CARTESIAN_POINT('',(7.03123222485962,-20.8641343741231,-16.9828427124746));
#8773=CARTESIAN_POINT('',(7.03123222485962,-18.1,-16.9828427124746));
#8774=CARTESIAN_POINT('',(7.03123222485962,-16.6851602813304,-6.61654480909172));
#8775=CARTESIAN_POINT('Origin',(10.7644904710627,-18.1,-16.9828427124746));
#8776=CARTESIAN_POINT('',(4.90302709665449,-20.4435730693399,-16.9828427124746));
#8777=CARTESIAN_POINT('',(4.90302709665449,-12.9,-16.9828427124746));
#8778=CARTESIAN_POINT('',(10.0984821521807,-21.470263273276,-16.9828427124746));
#8779=CARTESIAN_POINT('Origin',(4.90302709665449,-12.9,-16.7));
#8780=CARTESIAN_POINT('',(4.90302709665448,-19.2909316964169,-14.1236185148202));
#8781=CARTESIAN_POINT('Origin',(7.94001351624389,-9.40081378656875,11.8983724268625));
#8782=CARTESIAN_POINT('Origin',(23.5320452143977,-21.6,-8.));
#8783=CARTESIAN_POINT('',(-4.6,-21.6,-8.));
#8784=CARTESIAN_POINT('',(-4.6,-36.6,-8.));
#8785=CARTESIAN_POINT('',(-4.6,-21.6,-8.));
#8786=CARTESIAN_POINT('',(4.6,-36.6,-8.));
#8787=CARTESIAN_POINT('',(11.7660226071989,-36.6,-8.));
#8788=CARTESIAN_POINT('',(19.9,-21.6,-8.));
#8789=CARTESIAN_POINT('',(4.6,-36.6,-8.));
#8790=CARTESIAN_POINT('',(11.7660226071989,-21.6,-8.));
#8791=CARTESIAN_POINT('Origin',(1.12373237558852E-14,-36.6,26.0544532106631));
#8792=CARTESIAN_POINT('',(-4.6,-36.6,4.));
#8793=CARTESIAN_POINT('',(-4.6,-36.6,-11.));
#8794=CARTESIAN_POINT('',(4.6,-36.6,4.));
#8795=CARTESIAN_POINT('',(-4.59999999999999,-36.6,4.));
#8796=CARTESIAN_POINT('',(4.6,-36.6,4.));
#8797=CARTESIAN_POINT('Origin',(23.901,-4.65,-20.));
#8798=CARTESIAN_POINT('',(2.6,5.35,-10.0000000000001));
#8799=CARTESIAN_POINT('',(-2.6,5.35,-10.0000000000001));
#8800=CARTESIAN_POINT('',(23.9,5.35,-10.0000000000001));
#8801=CARTESIAN_POINT('',(4.6,3.35000000000009,-12.));
#8802=CARTESIAN_POINT('',(-21.7939924833553,29.7439924833554,14.393992483355));
#8803=CARTESIAN_POINT('',(2.5,-4.65,-20.));
#8804=CARTESIAN_POINT('',(4.6,3.35000000000009,-12.));
#8805=CARTESIAN_POINT('',(-2.5,-4.65,-20.));
#8806=CARTESIAN_POINT('',(23.901,-4.65,-20.));
#8807=CARTESIAN_POINT('',(-4.6,3.35000000000009,-12.));
#8808=CARTESIAN_POINT('',(-4.6,3.35000000000009,-12.));
#8809=CARTESIAN_POINT('',(1.06666666666668,9.01666666666667,-6.33333333333349));
#8810=CARTESIAN_POINT('',(2.5,4.3500000000001,-11.));
#8811=CARTESIAN_POINT('',(-2.5,4.3500000000001,-11.));
#8812=CARTESIAN_POINT('',(0.,4.3500000000001,-11.));
#8813=CARTESIAN_POINT('',(-2.5,1.20068715452509E-14,-15.35));
#8814=CARTESIAN_POINT('',(-2.5,-2.15025,-17.50025));
#8815=CARTESIAN_POINT('',(2.5,1.13680681220833E-14,-15.35));
#8816=CARTESIAN_POINT('Origin',(0.,1.01047642475647E-14,-15.35));
#8817=CARTESIAN_POINT('',(2.5,-2.15025,-17.50025));
#8818=CARTESIAN_POINT('Origin',(2.5,5.35,-20.0010000000001));
#8819=CARTESIAN_POINT('',(2.5,1.5141091682333E-14,-11.));
#8820=CARTESIAN_POINT('',(2.5,7.33396867869906E-15,-20.001));
#8821=CARTESIAN_POINT('',(2.5,2.67500000000001,-11.));
#8822=CARTESIAN_POINT('Origin',(-2.5,5.35,-20.0010000000001));
#8823=CARTESIAN_POINT('',(-2.5,1.57798951055006E-14,-11.));
#8824=CARTESIAN_POINT('',(-2.5,2.67500000000001,-11.));
#8825=CARTESIAN_POINT('',(-2.5,7.97277210186667E-15,-20.001));
#8826=CARTESIAN_POINT('Origin',(0.,1.12757025938493E-14,-11.));
#8827=CARTESIAN_POINT('Origin',(0.,1.38777878078145E-14,-11.));
#8828=CARTESIAN_POINT('Origin',(0.,6.07066480418048E-15,-20.001));
#8829=CARTESIAN_POINT('Origin',(-9.89269684351295E-16,-29.1,-19.5));
#8830=CARTESIAN_POINT('',(3.,-29.1,-16.3));
#8831=CARTESIAN_POINT('Origin',(-9.89269684351295E-16,-29.1,-16.3));
#8832=CARTESIAN_POINT('',(3.,-29.1,-20.));
#8833=CARTESIAN_POINT('',(3.,-29.1,-19.5));
#8834=CARTESIAN_POINT('Origin',(-9.89269684351295E-16,-29.1,-20.));
#8835=CARTESIAN_POINT('Origin',(10.2200688709698,-26.6,-20.8489404967784));
#8836=CARTESIAN_POINT('',(11.9519074843977,-21.6,-20.));
#8837=CARTESIAN_POINT('',(5.09875629027911,-22.6124010738208,-19.9999999999252));
#8838=CARTESIAN_POINT('Origin',(11.9519074844141,-26.6000000000209,-20.));
#8839=CARTESIAN_POINT('',(19.9,-21.6,-16.103876217842));
#8840=CARTESIAN_POINT('',(8.4518552480203,-21.6,-21.7157118805772));
#8841=CARTESIAN_POINT('',(16.8888365925133,-24.5521209877321,-12.5));
#8842=CARTESIAN_POINT('Origin',(14.7999999999994,-26.6000000000006,-18.6038762178428));
#8843=CARTESIAN_POINT('',(7.30301200666848,-24.5521438630914,-17.1989221828325));
#8844=CARTESIAN_POINT('',(19.3166220924739,-24.5521209877321,-11.3099090686468));
#8845=CARTESIAN_POINT('Ctrl Pts',(5.09875628972263,-22.6124010744103,-19.9999999998864));
#8846=CARTESIAN_POINT('Ctrl Pts',(5.41352505453467,-22.8739894980455,-19.4605835516859));
#8847=CARTESIAN_POINT('Ctrl Pts',(5.76182549701754,-23.1734361790993,-18.9530150188015));
#8848=CARTESIAN_POINT('Ctrl Pts',(6.49650618753763,-23.8206177006121,-18.022806130838));
#8849=CARTESIAN_POINT('Ctrl Pts',(6.88709592190761,-24.1719091528655,-17.5938529628563));
#8850=CARTESIAN_POINT('Ctrl Pts',(7.29684601092712,-24.5464877563869,-17.2047762757847));
#8851=CARTESIAN_POINT('Ctrl Pts',(7.29992603478588,-24.5493037314416,-17.2018549799723));
#8852=CARTESIAN_POINT('Ctrl Pts',(7.30300710002031,-24.5521209877321,-17.1989360257318));
#8853=CARTESIAN_POINT('Origin',(9.6,-13.781158330274,-27.5623166605481));
#8854=CARTESIAN_POINT('',(4.6,-36.6,-16.1528958256852));
#8855=CARTESIAN_POINT('',(7.59227547816871,-33.6663965900307,-12.5));
#8856=CARTESIAN_POINT('Origin',(9.60000000000074,-31.6980392156855,-18.6038762178429));
#8857=CARTESIAN_POINT('',(4.6,-35.6200560560546,-16.6428677976579));
#8858=CARTESIAN_POINT('',(4.6,-51.7811583302741,-8.56231666054814));
#8859=CARTESIAN_POINT('',(7.59227547816871,-33.5721770437867,-12.547109773122));
#8860=CARTESIAN_POINT('Origin',(9.6,-35.6200560560546,-16.6428677976579));
#8861=CARTESIAN_POINT('',(7.59227547816871,-11.7332793180061,-23.4665586360123));
#8862=CARTESIAN_POINT('Ctrl Pts',(4.6,-22.9851523540463,-20.6941395257567));
#8863=CARTESIAN_POINT('Ctrl Pts',(5.40293132639866,-22.1360630929798,-19.3383746660598));
#8864=CARTESIAN_POINT('Ctrl Pts',(7.03211831812931,-21.6393851113291,-18.7880925825073));
#8865=CARTESIAN_POINT('Ctrl Pts',(4.59999999999975,-24.6714209078863,-20.1534522139047));
#8866=CARTESIAN_POINT('Ctrl Pts',(5.38121608053632,-23.7542854481593,-18.5399082168433));
#8867=CARTESIAN_POINT('Ctrl Pts',(7.21619286442531,-23.2172043722919,-17.9089503312926));
#8868=CARTESIAN_POINT('Ctrl Pts',(4.60000000000014,-26.6281101098178,-19.5260568786149));
#8869=CARTESIAN_POINT('Ctrl Pts',(5.30561848299063,-25.6280752224799,-17.6400709755313));
#8870=CARTESIAN_POINT('Ctrl Pts',(7.35838848453232,-25.0575877481223,-16.9190549080308));
#8871=CARTESIAN_POINT('Ctrl Pts',(4.59999999999986,-30.9062022345047,-18.1543239328248));
#8872=CARTESIAN_POINT('Ctrl Pts',(5.04019989986378,-29.7006584923892,-15.7338864891642));
#8873=CARTESIAN_POINT('Ctrl Pts',(7.54636362759028,-29.0981785824286,-14.8066148129081));
#8874=CARTESIAN_POINT('Ctrl Pts',(4.6,-33.2265460748829,-17.410325907852));
#8875=CARTESIAN_POINT('Ctrl Pts',(4.84476832225702,-31.9286445809903,-14.7156932378147));
#8876=CARTESIAN_POINT('Ctrl Pts',(7.59227547822552,-31.297313100144,-13.6845417449155));
#8877=CARTESIAN_POINT('Ctrl Pts',(4.6,-35.620056056057,-16.6428677976571));
#8878=CARTESIAN_POINT('Ctrl Pts',(4.59999999999975,-34.1588977257829,-13.7205511371087));
#8879=CARTESIAN_POINT('Ctrl Pts',(7.59227547816871,-33.572177043789,-12.5471097731208));
#8880=CARTESIAN_POINT('',(4.6,-25.15,-20.));
#8881=CARTESIAN_POINT('Origin',(9.19300816328266,-30.5425213835915,-20.));
#8882=CARTESIAN_POINT('Ctrl Pts',(7.59227547816869,-33.5721770437867,-12.547109773122));
#8883=CARTESIAN_POINT('Ctrl Pts',(7.59227547816871,-33.2278615628543,-12.7192675135882));
#8884=CARTESIAN_POINT('Ctrl Pts',(7.59122478594979,-32.8838711449888,-12.8917777677262));
#8885=CARTESIAN_POINT('Ctrl Pts',(7.58908359250919,-32.5401218849842,-13.0647020023563));
#8886=CARTESIAN_POINT('Ctrl Pts',(7.58704737760173,-32.2132259799353,-13.2291480994432));
#8887=CARTESIAN_POINT('Ctrl Pts',(7.5840249061139,-31.8865478506104,-13.3939687677762));
#8888=CARTESIAN_POINT('Ctrl Pts',(7.57997066475354,-31.5600570501834,-13.5592015412056));
#8889=CARTESIAN_POINT('Ctrl Pts',(7.57608661439723,-31.247271846487,-13.7174980893069));
#8890=CARTESIAN_POINT('Ctrl Pts',(7.5712555586726,-30.9346583113361,-13.8761730214532));
#8891=CARTESIAN_POINT('Ctrl Pts',(7.56542759050947,-30.6222330632145,-14.0352424926528));
#8892=CARTESIAN_POINT('Ctrl Pts',(7.55989973833268,-30.3258964087278,-14.1861205513554));
#8893=CARTESIAN_POINT('Ctrl Pts',(7.55347495488447,-30.0297290410071,-14.3373536388668));
#8894=CARTESIAN_POINT('Ctrl Pts',(7.54610222560563,-29.7337874792422,-14.4889385027291));
#8895=CARTESIAN_POINT('Ctrl Pts',(7.54057267864651,-29.5118313079185,-14.6026271506258));
#8896=CARTESIAN_POINT('Ctrl Pts',(7.53450974683123,-29.2900029493084,-14.7165133553305));
#8897=CARTESIAN_POINT('Ctrl Pts',(7.52788874026735,-29.0683439153913,-14.8305884637419));
#8898=CARTESIAN_POINT('Ctrl Pts',(7.52322500773077,-28.9122107899316,-14.9109411698721));
#8899=CARTESIAN_POINT('Ctrl Pts',(7.51828510284477,-28.7561865004582,-14.9913748366117));
#8900=CARTESIAN_POINT('Ctrl Pts',(7.51305843067972,-28.6002530332725,-15.0719036644031));
#8901=CARTESIAN_POINT('Ctrl Pts',(7.504541465944,-28.3461563921976,-15.2031269676541));
#8902=CARTESIAN_POINT('Ctrl Pts',(7.49526332640237,-28.0922907968877,-15.3346078729275));
#8903=CARTESIAN_POINT('Ctrl Pts',(7.48516942700263,-27.8385793473296,-15.4664115876084));
#8904=CARTESIAN_POINT('Ctrl Pts',(7.47558276199268,-27.5976172988903,-15.5915919574212));
#8905=CARTESIAN_POINT('Ctrl Pts',(7.46526022098518,-27.3567942371049,-15.7170635574352));
#8906=CARTESIAN_POINT('Ctrl Pts',(7.45414676567957,-27.1160894976621,-15.8428636993652));
#8907=CARTESIAN_POINT('Ctrl Pts',(7.45355874818708,-27.1033537108681,-15.8495198366311));
#8908=CARTESIAN_POINT('Ctrl Pts',(7.45296851458306,-27.0906182664906,-15.8561768890179));
#8909=CARTESIAN_POINT('Ctrl Pts',(7.45237605606129,-27.0778831652754,-15.8628348604695));
#8910=CARTESIAN_POINT('Ctrl Pts',(7.44146735190161,-26.8433967894456,-15.9854254523842));
#8911=CARTESIAN_POINT('Ctrl Pts',(7.42980307637466,-26.60903750109,-16.1083228786831));
#8912=CARTESIAN_POINT('Ctrl Pts',(7.41733814329091,-26.374802103148,-16.2315508389696));
#8913=CARTESIAN_POINT('Ctrl Pts',(7.40515261003678,-26.1458170607302,-16.3520166607933));
#8914=CARTESIAN_POINT('Ctrl Pts',(7.39220188978606,-25.9169502291832,-16.4727984688466));
#8915=CARTESIAN_POINT('Ctrl Pts',(7.37843815568507,-25.6882429395648,-16.5938990421366));
#8916=CARTESIAN_POINT('Ctrl Pts',(7.36513906886581,-25.4672565358378,-16.7109114042057));
#8917=CARTESIAN_POINT('Ctrl Pts',(7.35108090646673,-25.2464189979952,-16.8282214292049));
#8918=CARTESIAN_POINT('Ctrl Pts',(7.33621550259165,-25.0258112968782,-16.9458122424473));
#8919=CARTESIAN_POINT('Ctrl Pts',(7.32556782200779,-24.8677960585722,-17.0300393128669));
#8920=CARTESIAN_POINT('Ctrl Pts',(7.31450588640535,-24.7098996136917,-17.1144100527593));
#8921=CARTESIAN_POINT('Ctrl Pts',(7.30301043430359,-24.5521667384508,-17.1989115159199));
#8922=CARTESIAN_POINT('',(4.6,-25.15,-20.));
#8923=CARTESIAN_POINT('Origin',(10.8726217349242,-11.0900741696227,-22.1801483392454));
#8924=CARTESIAN_POINT('',(4.6,-36.6,-12.5));
#8925=CARTESIAN_POINT('Origin',(4.6,-36.6,-12.5));
#8926=CARTESIAN_POINT('',(4.6,-36.6,4.));
#8927=CARTESIAN_POINT('',(19.9,-21.6,26.0544532106631));
#8928=CARTESIAN_POINT('Origin',(-6.31088724176809E-29,0.827999999999998,
-16.3));
#8929=CARTESIAN_POINT('Origin',(2.0540446486007,-10.1,3.));
#8930=CARTESIAN_POINT('',(2.0540446486007,-10.7819851171331,3.));
#8931=CARTESIAN_POINT('',(2.4180148828669,-10.7819851171331,4.));
#8932=CARTESIAN_POINT('',(2.0540446486007,-10.7819851171331,3.));
#8933=CARTESIAN_POINT('',(2.4180148828669,-10.1,4.));
#8934=CARTESIAN_POINT('',(2.4180148828669,-10.7819851171331,4.));
#8935=CARTESIAN_POINT('',(2.0540446486007,-10.1,3.));
#8936=CARTESIAN_POINT('',(2.4180148828669,-10.1,3.99999999999997));
#8937=CARTESIAN_POINT('',(2.0540446486007,-10.1,3.));
#8938=CARTESIAN_POINT('Origin',(1.4180148828669,-10.1,3.));
#8939=CARTESIAN_POINT('',(1.4180148828669,-9.1,4.));
#8940=CARTESIAN_POINT('',(1.4180148828669,-9.4639702342662,3.));
#8941=CARTESIAN_POINT('',(1.4180148828669,-9.1,3.99999999999997));
#8942=CARTESIAN_POINT('Origin',(1.4180148828669,-10.1,3.));
#8943=CARTESIAN_POINT('Origin',(1.4180148828669,-10.1,4.));
#8944=CARTESIAN_POINT('Origin',(3.4180148828669,-10.7819851171331,3.));
#8945=CARTESIAN_POINT('',(3.4180148828669,-12.1459553513993,3.));
#8946=CARTESIAN_POINT('',(3.4180148828669,-11.7819851171331,4.));
#8947=CARTESIAN_POINT('',(3.4180148828669,-12.1459553513993,3.));
#8948=CARTESIAN_POINT('Origin',(3.4180148828669,-10.7819851171331,4.));
#8949=CARTESIAN_POINT('Origin',(3.4180148828669,-10.7819851171331,3.));
#8950=CARTESIAN_POINT('Origin',(1.4180148828669,-9.4639702342662,3.));
#8951=CARTESIAN_POINT('',(-1.4180148828669,-9.1,4.));
#8952=CARTESIAN_POINT('',(-1.4180148828669,-9.4639702342662,3.));
#8953=CARTESIAN_POINT('',(-1.4180148828669,-9.1,3.99999999999997));
#8954=CARTESIAN_POINT('',(1.4180148828669,-9.4639702342662,3.));
#8955=CARTESIAN_POINT('',(1.4180148828669,-9.1,4.));
#8956=CARTESIAN_POINT('Origin',(1.4180148828669,-12.1459553513993,3.));
#8957=CARTESIAN_POINT('',(8.70000000000001,-12.1459553513993,3.));
#8958=CARTESIAN_POINT('',(8.70000000000001,-11.7819851171331,4.));
#8959=CARTESIAN_POINT('',(8.70000000000001,-12.1459553513993,3.));
#8960=CARTESIAN_POINT('',(8.70000000000001,-11.7819851171331,4.));
#8961=CARTESIAN_POINT('',(1.4180148828669,-12.1459553513993,3.));
#8962=CARTESIAN_POINT('Origin',(-1.4180148828669,-10.1,3.));
#8963=CARTESIAN_POINT('',(-2.4180148828669,-10.1,4.));
#8964=CARTESIAN_POINT('',(-2.0540446486007,-10.1,3.));
#8965=CARTESIAN_POINT('',(-2.4180148828669,-10.1,3.99999999999997));
#8966=CARTESIAN_POINT('Origin',(-1.4180148828669,-10.1,3.));
#8967=CARTESIAN_POINT('Origin',(-1.4180148828669,-10.1,4.));
#8968=CARTESIAN_POINT('Origin',(8.70000000000001,-12.7819851171331,3.));
#8969=CARTESIAN_POINT('',(9.33602976573381,-12.7819851171331,3.));
#8970=CARTESIAN_POINT('',(9.70000000000001,-12.7819851171331,4.));
#8971=CARTESIAN_POINT('',(9.33602976573381,-12.7819851171331,3.));
#8972=CARTESIAN_POINT('Origin',(8.70000000000001,-12.7819851171331,4.));
#8973=CARTESIAN_POINT('Origin',(8.70000000000001,-12.7819851171331,3.));
#8974=CARTESIAN_POINT('Origin',(-2.0540446486007,-10.1,3.));
#8975=CARTESIAN_POINT('',(-2.41801488286691,-18.4180148828669,4.));
#8976=CARTESIAN_POINT('',(-2.05404464860071,-18.4180148828669,3.));
#8977=CARTESIAN_POINT('',(-2.41801488286691,-18.4180148828669,3.99999999999997));
#8978=CARTESIAN_POINT('',(-2.0540446486007,-10.1,3.));
#8979=CARTESIAN_POINT('',(-2.4180148828669,-10.1,4.));
#8980=CARTESIAN_POINT('Origin',(9.33602976573381,-10.1,3.));
#8981=CARTESIAN_POINT('',(9.33602976573381,-18.4180148828669,3.));
#8982=CARTESIAN_POINT('',(9.7,-18.4180148828669,4.));
#8983=CARTESIAN_POINT('',(9.33602976573381,-18.4180148828669,3.));
#8984=CARTESIAN_POINT('',(9.70000000000001,-12.7819851171331,4.));
#8985=CARTESIAN_POINT('',(9.33602976573381,-10.1,3.));
#8986=CARTESIAN_POINT('Origin',(-1.41801488286691,-18.4180148828669,3.));
#8987=CARTESIAN_POINT('',(-1.41801488286691,-19.4180148828669,4.));
#8988=CARTESIAN_POINT('',(-1.41801488286691,-19.0540446486007,3.));
#8989=CARTESIAN_POINT('',(-1.41801488286691,-19.4180148828669,3.99999999999997));
#8990=CARTESIAN_POINT('Origin',(-1.41801488286691,-18.4180148828669,3.));
#8991=CARTESIAN_POINT('Origin',(-1.41801488286691,-18.4180148828669,4.));
#8992=CARTESIAN_POINT('Origin',(8.70000000000001,-18.4180148828669,3.));
#8993=CARTESIAN_POINT('',(8.70000000000001,-19.0540446486007,3.));
#8994=CARTESIAN_POINT('',(8.70000000000001,-19.4180148828669,4.));
#8995=CARTESIAN_POINT('',(8.70000000000001,-19.0540446486007,3.));
#8996=CARTESIAN_POINT('Origin',(8.70000000000001,-18.4180148828669,4.));
#8997=CARTESIAN_POINT('Origin',(8.70000000000001,-18.4180148828669,3.));
#8998=CARTESIAN_POINT('Origin',(1.4180148828669,-19.0540446486007,3.));
#8999=CARTESIAN_POINT('',(-1.41801488286691,-19.4180148828669,4.));
#9000=CARTESIAN_POINT('',(1.4180148828669,-19.0540446486007,3.));
#9001=CARTESIAN_POINT('Origin',(1.4180148828669,-10.1,3.));
#9002=CARTESIAN_POINT('Origin',(10.5,-19.2970562748477,5.002));
#9003=CARTESIAN_POINT('',(10.5,-11.9029437251523,-19.4048271552087));
#9004=CARTESIAN_POINT('',(10.5,-13.7591390348451,-20.));
#9005=CARTESIAN_POINT('',(10.5,-11.5114678707849,-19.2793038351711));
#9006=CARTESIAN_POINT('',(10.5,-11.9029437251523,-20.));
#9007=CARTESIAN_POINT('',(10.5,-11.9029437251523,5.002));
#9008=CARTESIAN_POINT('',(10.5,-19.2970562748477,-20.));
#9009=CARTESIAN_POINT('Origin',(5.15062558448923,4.19902474648027,-13.0957084280854));
#9010=CARTESIAN_POINT('',(5.52662137227905,-20.368557737732,-20.));
#9011=CARTESIAN_POINT('',(5.52662137227905,-9.60000000000001,-16.547155835597));
#9012=CARTESIAN_POINT('',(5.52662137227905,-21.485197352107,-20.3580407581162));
#9013=CARTESIAN_POINT('',(4.22400421221018,-18.5651768556964,-20.));
#9014=CARTESIAN_POINT('Origin',(5.15062558448927,-17.3337345934283,-20.));
#9015=CARTESIAN_POINT('',(4.22400421221018,-9.60000000000001,-17.1253941945663));
#9016=CARTESIAN_POINT('',(4.22400421221018,4.08422209858729,-12.7376676699692));
#9017=CARTESIAN_POINT('Origin',(5.15062558448917,-9.6,-17.5202454209447));
#9018=CARTESIAN_POINT('Origin',(-4.6,-45.,3.5));
#9019=CARTESIAN_POINT('',(-4.6,-21.6,3.5));
#9020=CARTESIAN_POINT('',(-4.41801488286691,-21.4180148828669,4.));
#9021=CARTESIAN_POINT('',(-4.11825560793377,-21.1182556079338,4.82358183915093));
#9022=CARTESIAN_POINT('',(-4.41801488286691,-5.2819851171331,4.));
#9023=CARTESIAN_POINT('',(-4.41801488286691,0.,4.));
#9024=CARTESIAN_POINT('',(-4.6,-5.10000000000001,3.5));
#9025=CARTESIAN_POINT('',(-0.421391034034204,-9.27860896596579,14.9806337787221));
#9026=CARTESIAN_POINT('',(-4.6,-45.,3.5));
#9027=CARTESIAN_POINT('Origin',(6.63186320019452E-15,-21.6,3.5));
#9028=CARTESIAN_POINT('',(19.9,-21.6,3.5));
#9029=CARTESIAN_POINT('',(19.8246192963334,-21.4180148828669,4.));
#9030=CARTESIAN_POINT('',(19.8024510905433,-21.3644960997948,4.14704164800716));
#9031=CARTESIAN_POINT('',(6.57598818161591E-15,-21.4180148828669,4.));
#9032=CARTESIAN_POINT('',(6.63186320019452E-15,-21.6,3.5));
#9033=CARTESIAN_POINT('Origin',(20.6213170896001,-20.6213170896002,4.));
#9034=CARTESIAN_POINT('',(21.9,-19.6,3.5));
#9035=CARTESIAN_POINT('',(21.9,-19.6,3.5));
#9036=CARTESIAN_POINT('',(21.7180148828669,-19.5246192963334,4.));
#9037=CARTESIAN_POINT('',(20.9689914078859,-19.2143636144604,6.05792508415188));
#9038=CARTESIAN_POINT('',(20.6213170896001,-20.6213170896002,4.));
#9039=CARTESIAN_POINT('Origin',(5.0213170896002,5.02131708960018,4.));
#9040=CARTESIAN_POINT('',(21.7180148828669,-11.6753807036666,4.));
#9041=CARTESIAN_POINT('',(19.8246192963334,-9.7819851171331,4.));
#9042=CARTESIAN_POINT('',(5.0213170896002,5.02131708960018,4.));
#9043=CARTESIAN_POINT('',(21.9,-11.6,3.49999999999999));
#9044=CARTESIAN_POINT('',(20.5964014495555,-12.139968199484,7.08160758138017));
#9045=CARTESIAN_POINT('',(19.9,-9.60000000000001,3.5));
#9046=CARTESIAN_POINT('',(19.9,-9.60000000000001,3.49999999999999));
#9047=CARTESIAN_POINT('',(19.5084610167226,-10.545258723626,6.09707699870512));
#9048=CARTESIAN_POINT('Origin',(2.77555756156289E-15,-9.60000000000001,
3.5));
#9049=CARTESIAN_POINT('',(4.6,-9.6,3.5));
#9050=CARTESIAN_POINT('',(2.77555756156289E-15,-9.60000000000001,3.5));
#9051=CARTESIAN_POINT('',(4.41801488286691,-9.7819851171331,4.));
#9052=CARTESIAN_POINT('',(4.11825560793377,-10.0817443920662,4.82358183915092));
#9053=CARTESIAN_POINT('',(2.82817320405776E-15,-9.78198511713311,4.));
#9054=CARTESIAN_POINT('Origin',(4.41801488286691,0.,4.));
#9055=CARTESIAN_POINT('',(4.41801488286691,-5.2819851171331,4.));
#9056=CARTESIAN_POINT('',(4.6,-5.10000000000001,3.5));
#9057=CARTESIAN_POINT('',(4.97118155877042,-4.72881844122959,2.48018704876026));
#9058=CARTESIAN_POINT('',(4.41801488286691,-5.10000000000001,4.));
#9059=CARTESIAN_POINT('',(4.6,-9.60000000000001,3.5));
#9060=CARTESIAN_POINT('Origin',(-26.1214466094067,-18.8785533905932,5.));
#9061=CARTESIAN_POINT('',(-2.39289321881346,4.85,5.));
#9062=CARTESIAN_POINT('',(-2.6,5.35,4.81801488286691));
#9063=CARTESIAN_POINT('',(-2.25791922763771,4.52414395993589,5.11860189923919));
#9064=CARTESIAN_POINT('',(-4.6,3.35000000000001,4.81801488286691));
#9065=CARTESIAN_POINT('',(-4.6,3.35000000000001,4.81801488286691));
#9066=CARTESIAN_POINT('',(-4.1,3.14289321881347,5.));
#9067=CARTESIAN_POINT('',(10.7577459758078,-3.01138667066033,10.4077772834823));
#9068=CARTESIAN_POINT('',(-26.1214466094067,-18.8785533905932,5.));
#9069=CARTESIAN_POINT('Origin',(-4.6,-45.,4.81801488286691));
#9070=CARTESIAN_POINT('',(-4.6,-5.10000000000001,4.81801488286691));
#9071=CARTESIAN_POINT('',(-4.1,-4.89289321881347,5.));
#9072=CARTESIAN_POINT('',(-17.2737138455991,-10.3496241604827,0.205160285461563));
#9073=CARTESIAN_POINT('',(-4.1,-45.,5.));
#9074=CARTESIAN_POINT('',(-4.6,-45.,4.81801488286691));
#9075=CARTESIAN_POINT('Origin',(0.,5.35,4.81801488286691));
#9076=CARTESIAN_POINT('',(2.39289321881346,4.85,5.));
#9077=CARTESIAN_POINT('',(2.6,5.35,4.81801488286691));
#9078=CARTESIAN_POINT('',(-2.02221726915246,-5.80901961942318,8.87956586792933));
#9079=CARTESIAN_POINT('',(0.,5.35,4.81801488286691));
#9080=CARTESIAN_POINT('',(0.,4.85,5.));
#9081=CARTESIAN_POINT('Origin',(18.0035533905933,-26.9964466094067,5.));
#9082=CARTESIAN_POINT('',(-2.6,-7.1,4.81801488286691));
#9083=CARTESIAN_POINT('',(-2.39289321881346,-6.6,5.));
#9084=CARTESIAN_POINT('',(-6.18800722597948,-15.7622157068528,1.66522620277945));
#9085=CARTESIAN_POINT('',(18.0035533905933,-26.9964466094067,5.));
#9086=CARTESIAN_POINT('',(-4.6,-5.10000000000001,4.81801488286691));
#9087=CARTESIAN_POINT('Origin',(26.1214466094067,-18.8785533905933,5.));
#9088=CARTESIAN_POINT('',(4.1,3.14289321881346,5.));
#9089=CARTESIAN_POINT('',(4.6,3.35,4.81801488286691));
#9090=CARTESIAN_POINT('',(-11.1919612118919,-3.19124451043543,10.5658187046818));
#9091=CARTESIAN_POINT('',(2.6,5.35,4.81801488286691));
#9092=CARTESIAN_POINT('',(26.1214466094067,-18.8785533905933,5.));
#9093=CARTESIAN_POINT('Origin',(-4.6,-7.1,4.81801488286691));
#9094=CARTESIAN_POINT('',(2.6,-7.1,4.81801488286691));
#9095=CARTESIAN_POINT('',(2.39289321881345,-6.6,5.));
#9096=CARTESIAN_POINT('',(1.65269939961214,-4.8130140428994,5.65040969743629));
#9097=CARTESIAN_POINT('',(2.6,-6.6,5.));
#9098=CARTESIAN_POINT('',(-2.6,-7.1,4.81801488286691));
#9099=CARTESIAN_POINT('Origin',(4.1,-45.,5.));
#9100=CARTESIAN_POINT('',(4.1,-4.89289321881346,5.));
#9101=CARTESIAN_POINT('',(4.6,-5.10000000000001,4.81801488286691));
#9102=CARTESIAN_POINT('',(-5.82905911165656,-0.780142273161196,8.61388197091247));
#9103=CARTESIAN_POINT('',(4.6,-5.10000000000001,4.81801488286691));
#9104=CARTESIAN_POINT('',(4.1,3.35,5.));
#9105=CARTESIAN_POINT('Origin',(-18.0035533905933,-26.9964466094067,5.));
#9106=CARTESIAN_POINT('',(4.6,-5.10000000000001,4.81801488286691));
#9107=CARTESIAN_POINT('',(-18.0035533905933,-26.9964466094067,5.));
#9108=CARTESIAN_POINT('Origin',(4.72131708960016,-49.7213170896002,5.));
#9109=CARTESIAN_POINT('',(2.52461929633342,-51.9180148828669,5.));
#9110=CARTESIAN_POINT('',(2.6,-52.1,4.5));
#9111=CARTESIAN_POINT('',(2.4749465891752,-51.7980943595657,5.32947892989918));
#9112=CARTESIAN_POINT('',(4.6,-50.1,4.5));
#9113=CARTESIAN_POINT('',(4.6,-50.1,4.5));
#9114=CARTESIAN_POINT('',(4.41801488286691,-50.0246192963334,5.));
#9115=CARTESIAN_POINT('',(4.17934326363282,-49.9257582746931,5.65574488451035));
#9116=CARTESIAN_POINT('',(4.72131708960016,-49.7213170896002,5.));
#9117=CARTESIAN_POINT('Origin',(4.41801488286691,-45.,5.));
#9118=CARTESIAN_POINT('',(4.6,-41.65,4.5));
#9119=CARTESIAN_POINT('',(4.41801488286691,-41.7253807036666,5.));
#9120=CARTESIAN_POINT('',(4.26246903078584,-41.7898099051694,5.42735871628257));
#9121=CARTESIAN_POINT('',(4.41801488286691,-41.65,5.));
#9122=CARTESIAN_POINT('',(4.6,-50.1,4.5));
#9123=CARTESIAN_POINT('Origin',(-6.52219718720987E-16,-51.9180148828669,
5.));
#9124=CARTESIAN_POINT('',(-2.52461929633342,-51.9180148828669,5.));
#9125=CARTESIAN_POINT('',(-2.59999999999999,-52.1,4.5));
#9126=CARTESIAN_POINT('',(-2.4634959329308,-51.7704500299624,5.40543110126019));
#9127=CARTESIAN_POINT('',(-2.59999999999999,-52.1,4.5));
#9128=CARTESIAN_POINT('',(2.6,-51.9180148828669,5.));
#9129=CARTESIAN_POINT('Origin',(3.84631708960016,-41.1536829103998,5.));
#9130=CARTESIAN_POINT('',(2.6,-39.65,4.5));
#9131=CARTESIAN_POINT('',(2.52461929633342,-39.8319851171331,5.));
#9132=CARTESIAN_POINT('',(2.48784290643859,-39.9207711763923,5.24393769297705));
#9133=CARTESIAN_POINT('',(3.84631708960016,-41.1536829103998,5.));
#9134=CARTESIAN_POINT('',(4.6,-41.65,4.5));
#9135=CARTESIAN_POINT('Origin',(-4.72131708960016,-49.7213170896001,5.));
#9136=CARTESIAN_POINT('',(-4.41801488286691,-50.0246192963334,5.));
#9137=CARTESIAN_POINT('',(-4.6,-50.1,4.5));
#9138=CARTESIAN_POINT('',(-4.35774776429687,-49.9996558384566,5.16558254740678));
#9139=CARTESIAN_POINT('',(-2.59999999999999,-52.1,4.5));
#9140=CARTESIAN_POINT('',(-4.72131708960016,-49.7213170896001,5.));
#9141=CARTESIAN_POINT('Origin',(-4.6,-39.65,4.5));
#9142=CARTESIAN_POINT('',(-2.60000000000001,-39.65,4.5));
#9143=CARTESIAN_POINT('',(-2.52461929633343,-39.8319851171331,5.));
#9144=CARTESIAN_POINT('',(-2.63935065158567,-39.5549991232537,4.23898723631107));
#9145=CARTESIAN_POINT('',(-2.60000000000001,-39.8319851171331,5.));
#9146=CARTESIAN_POINT('',(2.6,-39.65,4.5));
#9147=CARTESIAN_POINT('Origin',(-4.6,-45.,4.5));
#9148=CARTESIAN_POINT('',(-4.41801488286691,-41.7253807036666,5.));
#9149=CARTESIAN_POINT('',(-4.6,-41.65,4.5));
#9150=CARTESIAN_POINT('',(-4.3796106467322,-41.7412882591262,5.10551477159152));
#9151=CARTESIAN_POINT('',(-4.6,-45.,4.5));
#9152=CARTESIAN_POINT('',(-4.41801488286691,-45.,5.));
#9153=CARTESIAN_POINT('Origin',(-3.84631708960017,-41.1536829103998,5.));
#9154=CARTESIAN_POINT('',(-2.60000000000001,-39.65,4.5));
#9155=CARTESIAN_POINT('',(-3.84631708960017,-41.1536829103998,5.));
#9156=CARTESIAN_POINT('Origin',(4.6,-5.10000000000001,5.));
#9157=CARTESIAN_POINT('',(4.6,-5.10000000000001,5.));
#9158=CARTESIAN_POINT('',(2.6,-7.1,4.));
#9159=CARTESIAN_POINT('',(2.6,-7.1,-37.9732355197929));
#9160=CARTESIAN_POINT('',(4.6,-5.10000000000001,4.));
#9161=CARTESIAN_POINT('Origin',(-4.6,-5.10000000000001,5.));
#9162=CARTESIAN_POINT('',(-2.6,-7.1,4.));
#9163=CARTESIAN_POINT('',(-2.6,-7.1,4.));
#9164=CARTESIAN_POINT('',(-4.6,-5.10000000000001,5.));
#9165=CARTESIAN_POINT('',(-4.6,-5.10000000000001,4.));
#9166=CARTESIAN_POINT('Origin',(-2.60000000000001,-39.65,-37.9732355197929));
#9167=CARTESIAN_POINT('',(-4.6,-41.65,4.));
#9168=CARTESIAN_POINT('',(-4.6,-41.65,4.));
#9169=CARTESIAN_POINT('',(-2.60000000000001,-39.65,4.));
#9170=CARTESIAN_POINT('',(-2.60000000000001,-39.65,5.));
#9171=CARTESIAN_POINT('',(-2.60000000000001,-39.65,4.));
#9172=CARTESIAN_POINT('Origin',(4.6,-41.65,5.));
#9173=CARTESIAN_POINT('',(2.6,-39.65,4.));
#9174=CARTESIAN_POINT('',(2.6,-39.65,-37.9732355197929));
#9175=CARTESIAN_POINT('',(4.6,-41.65,4.));
#9176=CARTESIAN_POINT('',(4.6,-41.65,5.));
#9177=CARTESIAN_POINT('',(4.6,-41.65,4.));
#9178=CARTESIAN_POINT('Origin',(-2.59999999999999,-52.1,5.));
#9179=CARTESIAN_POINT('',(-2.59999999999999,-52.0999999999995,-10.0000000000001));
#9180=CARTESIAN_POINT('',(-2.59999999999999,-52.1,-10.0000000000001));
#9181=CARTESIAN_POINT('',(-4.6,-50.1000000000001,-12.));
#9182=CARTESIAN_POINT('',(-4.6,-50.1,5.));
#9183=CARTESIAN_POINT('',(2.40000000000001,-57.1,-5.00000000000013));
#9184=CARTESIAN_POINT('Origin',(-4.6,3.35000000000001,5.));
#9185=CARTESIAN_POINT('',(-4.6,3.35000000000001,5.));
#9186=CARTESIAN_POINT('',(-2.6,5.35,63.1819774500661));
#9187=CARTESIAN_POINT('Origin',(2.6,5.35,63.1819774500661));
#9188=CARTESIAN_POINT('',(2.6,5.35,-10.0000000000001));
#9189=CARTESIAN_POINT('',(4.6,3.35,5.));
#9190=CARTESIAN_POINT('Origin',(4.6,-50.1,5.));
#9191=CARTESIAN_POINT('',(4.6,-50.0999999999996,-12.));
#9192=CARTESIAN_POINT('',(4.6,-50.1,5.));
#9193=CARTESIAN_POINT('',(2.6,-52.0999999999995,-10.0000000000001));
#9194=CARTESIAN_POINT('',(2.6,-52.1,5.));
#9195=CARTESIAN_POINT('',(-1.06666666666667,-55.7666666666667,-6.33333333333348));
#9196=CARTESIAN_POINT('Origin',(-1.75,-45.,5.));
#9197=CARTESIAN_POINT('',(-1.75,-2.5,5.));
#9198=CARTESIAN_POINT('',(-1.6,-2.5,4.14930772705734));
#9199=CARTESIAN_POINT('',(-1.75,-2.5,5.));
#9200=CARTESIAN_POINT('',(-1.6,0.75,4.14930772705734));
#9201=CARTESIAN_POINT('',(-1.6,-2.5,4.14930772705734));
#9202=CARTESIAN_POINT('',(-1.75,0.75,5.));
#9203=CARTESIAN_POINT('',(-1.6,0.75,4.14930772705734));
#9204=CARTESIAN_POINT('',(-1.75,0.75,5.));
#9205=CARTESIAN_POINT('Origin',(3.06161699786838E-17,0.75,5.));
#9206=CARTESIAN_POINT('',(1.6,0.75,4.14930772705734));
#9207=CARTESIAN_POINT('',(1.75,0.75,5.));
#9208=CARTESIAN_POINT('',(1.6,0.75,4.14930772705734));
#9209=CARTESIAN_POINT('Origin',(3.06161699786838E-17,0.75,5.));
#9210=CARTESIAN_POINT('Origin',(3.06161699786838E-17,0.75,4.14930772705734));
#9211=CARTESIAN_POINT('Origin',(3.9801020972289E-16,-2.5,5.));
#9212=CARTESIAN_POINT('',(1.75,-2.5,5.));
#9213=CARTESIAN_POINT('',(1.6,-2.5,4.14930772705734));
#9214=CARTESIAN_POINT('',(1.75,-2.5,5.));
#9215=CARTESIAN_POINT('Origin',(3.9801020972289E-16,-2.5,4.14930772705734));
#9216=CARTESIAN_POINT('Origin',(3.9801020972289E-16,-2.5,5.));
#9217=CARTESIAN_POINT('Origin',(1.75000000000001,-45.,5.));
#9218=CARTESIAN_POINT('',(1.6,0.75,4.14930772705734));
#9219=CARTESIAN_POINT('',(1.75,-2.5,5.));
#9220=CARTESIAN_POINT('Origin',(-1.6,-45.,4.14930772705736));
#9221=CARTESIAN_POINT('',(-1.6,-44.25,4.14930772705736));
#9222=CARTESIAN_POINT('',(-1.75,-44.25,5.));
#9223=CARTESIAN_POINT('',(-1.6,-44.25,4.14930772705736));
#9224=CARTESIAN_POINT('',(-1.75,-47.5,5.));
#9225=CARTESIAN_POINT('',(-1.75,-45.,5.));
#9226=CARTESIAN_POINT('',(-1.6,-47.5,4.14930772705736));
#9227=CARTESIAN_POINT('',(-1.75,-47.5,5.));
#9228=CARTESIAN_POINT('',(-1.6,-45.,4.14930772705736));
#9229=CARTESIAN_POINT('Origin',(3.9801020972289E-16,-47.5,4.14930772705736));
#9230=CARTESIAN_POINT('',(1.75,-47.5,5.));
#9231=CARTESIAN_POINT('',(1.6,-47.5,4.14930772705736));
#9232=CARTESIAN_POINT('',(1.75,-47.5,5.));
#9233=CARTESIAN_POINT('Origin',(3.9801020972289E-16,-47.5,4.14930772705736));
#9234=CARTESIAN_POINT('Origin',(3.9801020972289E-16,-47.5,5.));
#9235=CARTESIAN_POINT('Origin',(3.06161699786838E-17,-44.25,4.14930772705736));
#9236=CARTESIAN_POINT('',(1.6,-44.25,4.14930772705736));
#9237=CARTESIAN_POINT('',(1.75,-44.25,5.));
#9238=CARTESIAN_POINT('',(1.6,-44.25,4.14930772705736));
#9239=CARTESIAN_POINT('Origin',(3.06161699786838E-17,-44.25,5.));
#9240=CARTESIAN_POINT('Origin',(3.06161699786838E-17,-44.25,4.14930772705736));
#9241=CARTESIAN_POINT('Origin',(1.75,-45.,5.));
#9242=CARTESIAN_POINT('',(1.75,-47.5,5.));
#9243=CARTESIAN_POINT('',(1.6,-44.25,4.14930772705736));
#9244=CARTESIAN_POINT('Origin',(8.28727186109754,-47.7767416465077,-3.20215051004578));
#9245=CARTESIAN_POINT('',(2.49999999999999,-42.1,-20.));
#9246=CARTESIAN_POINT('',(2.5,-42.1,-20.));
#9247=CARTESIAN_POINT('',(4.6,-25.15,-20.));
#9248=CARTESIAN_POINT('',(4.6,-50.1000000000001,-12.));
#9249=CARTESIAN_POINT('Origin',(-8.28727186109754,-47.7767416465077,-3.20215051004578));
#9250=CARTESIAN_POINT('',(-4.6,-25.15,-20.));
#9251=CARTESIAN_POINT('',(-2.5,-42.1,-20.));
#9252=CARTESIAN_POINT('',(-2.5,-42.1,-20.));
#9253=CARTESIAN_POINT('',(-4.6,-50.1000000000001,-12.));
#9254=CARTESIAN_POINT('',(-4.6,-25.15,-20.));
#9255=CARTESIAN_POINT('Origin',(8.28727186109754,1.02674164650766,-3.20215051004578));
#9256=CARTESIAN_POINT('',(4.6,-9.60000000000001,-16.1523046092185));
#9257=CARTESIAN_POINT('',(9.4328276452254,-9.60000000000001,-3.64478616866952));
#9258=CARTESIAN_POINT('',(2.5,-4.65,-20.));
#9259=CARTESIAN_POINT('',(4.6,-21.6,-20.));
#9260=CARTESIAN_POINT('Origin',(22.3224496960396,-19.4042982677473,-26.8478447774631));
#9261=CARTESIAN_POINT('',(12.0618414930051,-11.6835149676818,-20.));
#9262=CARTESIAN_POINT('',(12.8029437251523,-9.60000000000001,-19.6477370336013));
#9263=CARTESIAN_POINT('',(23.4561672421508,-9.6,-24.1872809038504));
#9264=CARTESIAN_POINT('',(9.21992922978959,-13.1830144953627,-19.2698078615414));
#9265=CARTESIAN_POINT('Origin',(-8.28727186109754,1.02674164650766,-3.20215051004578));
#9266=CARTESIAN_POINT('',(-4.59999999999998,-21.5999999999998,-20.));
#9267=CARTESIAN_POINT('',(-2.5,-4.65,-20.));
#9268=CARTESIAN_POINT('',(-4.6,-21.6,-20.));
#9269=CARTESIAN_POINT('Origin',(23.901,-42.1,-20.));
#9270=CARTESIAN_POINT('',(23.9,-52.0999999999995,-10.0000000000001));
#9271=CARTESIAN_POINT('',(23.901,-42.1,-20.));
#9272=CARTESIAN_POINT('Origin',(-4.6,-39.65,-37.9732355197929));
#9273=CARTESIAN_POINT('',(-4.6,-39.65,4.));
#9274=CARTESIAN_POINT('Origin',(-4.6,-7.1,-37.9732355197929));
#9275=CARTESIAN_POINT('',(-4.6,-7.1,4.));
#9276=CARTESIAN_POINT('Origin',(0.,0.,-1.));
#9277=CARTESIAN_POINT('',(1.575,-1.92881870865708E-16,-1.));
#9278=CARTESIAN_POINT('Origin',(0.,0.,-1.));
#9279=CARTESIAN_POINT('Origin',(0.,0.,0.));
#9280=CARTESIAN_POINT('',(-1.6,-2.5,0.));
#9281=CARTESIAN_POINT('',(-1.6,0.75,0.));
#9282=CARTESIAN_POINT('',(-1.6,-1.06752213906265E-16,0.));
#9283=CARTESIAN_POINT('',(1.6,-2.5,0.));
#9284=CARTESIAN_POINT('Origin',(3.9801020972289E-16,-2.5,0.));
#9285=CARTESIAN_POINT('',(1.6,0.75,0.));
#9286=CARTESIAN_POINT('',(1.6,3.20256641718795E-16,0.));
#9287=CARTESIAN_POINT('Origin',(3.06161699786838E-17,0.75,0.));
#9288=CARTESIAN_POINT('',(1.575,-1.92881870865708E-16,0.));
#9289=CARTESIAN_POINT('Origin',(0.,0.,0.));
#9290=CARTESIAN_POINT('Origin',(1.6,3.20256641718795E-16,63.1819774500661));
#9291=CARTESIAN_POINT('',(1.6,-2.5,63.1819774500661));
#9292=CARTESIAN_POINT('',(1.6,0.75,63.1819774500661));
#9293=CARTESIAN_POINT('Origin',(3.9801020972289E-16,-2.5,63.1819774500661));
#9294=CARTESIAN_POINT('',(-1.6,-2.5,63.1819774500661));
#9295=CARTESIAN_POINT('Origin',(-1.6,-1.06752213906265E-16,63.1819774500661));
#9296=CARTESIAN_POINT('',(-1.6,0.75,63.1819774500661));
#9297=CARTESIAN_POINT('Origin',(3.06161699786838E-17,0.75,63.1819774500661));
#9298=CARTESIAN_POINT('Origin',(0.,5.35,63.1819774500661));
#9299=CARTESIAN_POINT('Origin',(0.,-45.,-1.));
#9300=CARTESIAN_POINT('',(1.575,-45.,-1.));
#9301=CARTESIAN_POINT('Origin',(0.,-45.,-1.));
#9302=CARTESIAN_POINT('Origin',(0.,-45.,0.));
#9303=CARTESIAN_POINT('',(-1.6,-44.25,0.));
#9304=CARTESIAN_POINT('',(-1.6,-47.5,0.));
#9305=CARTESIAN_POINT('',(-1.6,-45.,0.));
#9306=CARTESIAN_POINT('',(1.6,-47.5,0.));
#9307=CARTESIAN_POINT('Origin',(3.9801020972289E-16,-47.5,0.));
#9308=CARTESIAN_POINT('',(1.6,-44.25,0.));
#9309=CARTESIAN_POINT('',(1.6,-45.,0.));
#9310=CARTESIAN_POINT('Origin',(3.06161699786838E-17,-44.25,0.));
#9311=CARTESIAN_POINT('',(1.575,-45.,0.));
#9312=CARTESIAN_POINT('Origin',(0.,-45.,0.));
#9313=CARTESIAN_POINT('Origin',(0.,-45.,5.));
#9314=CARTESIAN_POINT('Origin',(1.6,-45.,5.));
#9315=CARTESIAN_POINT('',(1.6,-47.5,5.));
#9316=CARTESIAN_POINT('',(1.6,-44.25,5.));
#9317=CARTESIAN_POINT('Origin',(3.06161699786838E-17,-44.25,5.));
#9318=CARTESIAN_POINT('',(-1.6,-44.25,5.));
#9319=CARTESIAN_POINT('Origin',(-1.6,-45.,5.));
#9320=CARTESIAN_POINT('',(-1.6,-47.5,5.));
#9321=CARTESIAN_POINT('Origin',(3.9801020972289E-16,-47.5,5.));
#9322=CARTESIAN_POINT('Origin',(4.6,-45.,5.));
#9323=CARTESIAN_POINT('',(4.6,-9.6,26.0544532106631));
#9324=CARTESIAN_POINT('Origin',(-6.69376993447572E-16,-52.1,5.));
#9325=CARTESIAN_POINT('Origin',(21.9,0.,26.0544532106631));
#9326=CARTESIAN_POINT('',(21.9,-11.6,-20.));
#9327=CARTESIAN_POINT('',(21.9,-19.6,-20.));
#9328=CARTESIAN_POINT('',(21.9,-9.6,-20.));
#9329=CARTESIAN_POINT('',(21.9,-11.6,26.0544532106631));
#9330=CARTESIAN_POINT('',(21.9,0.,3.5));
#9331=CARTESIAN_POINT('',(21.9,-19.6,26.0544532106631));
#9332=CARTESIAN_POINT('Origin',(6.63186320019452E-15,-21.6,26.0544532106631));
#9333=CARTESIAN_POINT('',(19.9,-21.6,-20.));
#9334=CARTESIAN_POINT('',(19.9,-21.6,26.0544532106631));
#9335=CARTESIAN_POINT('',(21.9,-21.6,-20.));
#9336=CARTESIAN_POINT('Origin',(0.,-45.,5.));
#9337=CARTESIAN_POINT('Origin',(0.,0.,4.));
#9338=CARTESIAN_POINT('',(21.7180148828669,0.,4.));
#9339=CARTESIAN_POINT('Origin',(0.,0.,4.));
#9340=CARTESIAN_POINT('',(4.6,-45.,4.));
#9341=CARTESIAN_POINT('',(-4.6,-7.1,4.));
#9342=CARTESIAN_POINT('Origin',(-4.6,-45.,5.));
#9343=CARTESIAN_POINT('',(-4.6,-21.6,-20.));
#9344=CARTESIAN_POINT('',(-4.6,-21.6,-20.));
#9345=CARTESIAN_POINT('Origin',(4.6,-45.,5.));
#9346=CARTESIAN_POINT('Origin',(2.77555756156289E-15,-9.60000000000001,
26.0544532106631));
#9347=CARTESIAN_POINT('',(12.8029437251523,-9.6,-20.));
#9348=CARTESIAN_POINT('',(19.9,-9.6,-20.));
#9349=CARTESIAN_POINT('',(4.6,-9.6,-20.));
#9350=CARTESIAN_POINT('',(12.8029437251523,-9.6,5.002));
#9351=CARTESIAN_POINT('',(19.9,-9.60000000000001,26.0544532106631));
#9352=CARTESIAN_POINT('Origin',(6.63186320019452E-15,-21.6,26.0544532106631));
#9353=CARTESIAN_POINT('',(19.9,-21.6,26.0544532106631));
#9354=CARTESIAN_POINT('Origin',(0.,-45.,5.));
#9355=CARTESIAN_POINT('',(1.575,-45.,5.));
#9356=CARTESIAN_POINT('Origin',(0.,0.,5.));
#9357=CARTESIAN_POINT('',(1.575,-1.92881870865708E-16,5.));
#9358=CARTESIAN_POINT('Origin',(0.,0.,-20.));
#9359=CARTESIAN_POINT('',(10.5,-11.9029437251523,-20.));
#9360=CARTESIAN_POINT('',(5.15000000000004,5.15000000000002,-20.));
#9361=CARTESIAN_POINT('',(20.75,-20.75,-20.));
#9362=CARTESIAN_POINT('Origin',(10.5,-11.9029437251523,5.002));
#9363=CARTESIAN_POINT('Origin',(21.9,0.,3.5));
#9364=CARTESIAN_POINT('Origin',(19.9,-9.60000000000001,26.0544532106631));
#9365=CARTESIAN_POINT('Origin',(21.9,-19.6,26.0544532106631));
#9366=CARTESIAN_POINT('',(0.,0.,0.));
#9367=CARTESIAN_POINT('',(0.,0.,0.));
#9368=CARTESIAN_POINT('',(0.,0.,11.));
#9369=UNCERTAINTY_MEASURE_WITH_UNIT(LENGTH_MEASURE(0.01),#9381,
'DISTANCE_ACCURACY_VALUE',
'Maximum model space distance between geometric entities at asserted c
onnectivities');
#9370=UNCERTAINTY_MEASURE_WITH_UNIT(LENGTH_MEASURE(0.01),#9381,
'DISTANCE_ACCURACY_VALUE',
'Maximum model space distance between geometric entities at asserted c
onnectivities');
#9371=UNCERTAINTY_MEASURE_WITH_UNIT(LENGTH_MEASURE(0.01),#9381,
'DISTANCE_ACCURACY_VALUE',
'Maximum model space distance between geometric entities at asserted c
onnectivities');
#9372=UNCERTAINTY_MEASURE_WITH_UNIT(LENGTH_MEASURE(0.01),#9381,
'DISTANCE_ACCURACY_VALUE',
'Maximum model space distance between geometric entities at asserted c
onnectivities');
#9373=UNCERTAINTY_MEASURE_WITH_UNIT(LENGTH_MEASURE(0.01),#9381,
'DISTANCE_ACCURACY_VALUE',
'Maximum model space distance between geometric entities at asserted c
onnectivities');
#9374=UNCERTAINTY_MEASURE_WITH_UNIT(LENGTH_MEASURE(0.01),#9381,
'DISTANCE_ACCURACY_VALUE',
'Maximum model space distance between geometric entities at asserted c
onnectivities');
#9375=(
GEOMETRIC_REPRESENTATION_CONTEXT(3)
GLOBAL_UNCERTAINTY_ASSIGNED_CONTEXT((#9369))
GLOBAL_UNIT_ASSIGNED_CONTEXT((#9381,#9383,#9384))
REPRESENTATION_CONTEXT('','3D')
);
#9376=(
GEOMETRIC_REPRESENTATION_CONTEXT(3)
GLOBAL_UNCERTAINTY_ASSIGNED_CONTEXT((#9370))
GLOBAL_UNIT_ASSIGNED_CONTEXT((#9381,#9383,#9384))
REPRESENTATION_CONTEXT('','3D')
);
#9377=(
GEOMETRIC_REPRESENTATION_CONTEXT(3)
GLOBAL_UNCERTAINTY_ASSIGNED_CONTEXT((#9371))
GLOBAL_UNIT_ASSIGNED_CONTEXT((#9381,#9383,#9384))
REPRESENTATION_CONTEXT('','3D')
);
#9378=(
GEOMETRIC_REPRESENTATION_CONTEXT(3)
GLOBAL_UNCERTAINTY_ASSIGNED_CONTEXT((#9372))
GLOBAL_UNIT_ASSIGNED_CONTEXT((#9381,#9383,#9384))
REPRESENTATION_CONTEXT('','3D')
);
#9379=(
GEOMETRIC_REPRESENTATION_CONTEXT(3)
GLOBAL_UNCERTAINTY_ASSIGNED_CONTEXT((#9373))
GLOBAL_UNIT_ASSIGNED_CONTEXT((#9381,#9383,#9384))
REPRESENTATION_CONTEXT('','3D')
);
#9380=(
GEOMETRIC_REPRESENTATION_CONTEXT(3)
GLOBAL_UNCERTAINTY_ASSIGNED_CONTEXT((#9374))
GLOBAL_UNIT_ASSIGNED_CONTEXT((#9381,#9383,#9384))
REPRESENTATION_CONTEXT('','3D')
);
#9381=(
LENGTH_UNIT()
NAMED_UNIT(*)
SI_UNIT(.MILLI.,.METRE.)
);
#9382=(
LENGTH_UNIT()
NAMED_UNIT(*)
SI_UNIT($,.METRE.)
);
#9383=(
NAMED_UNIT(*)
PLANE_ANGLE_UNIT()
SI_UNIT($,.RADIAN.)
);
#9384=(
NAMED_UNIT(*)
SI_UNIT($,.STERADIAN.)
SOLID_ANGLE_UNIT()
);
#9385=SHAPE_DEFINITION_REPRESENTATION(#9390,#9400);
#9386=SHAPE_DEFINITION_REPRESENTATION(#9391,#9401);
#9387=SHAPE_DEFINITION_REPRESENTATION(#9392,#9402);
#9388=SHAPE_DEFINITION_REPRESENTATION(#9393,#9403);
#9389=SHAPE_DEFINITION_REPRESENTATION(#9394,#9404);
#9390=PRODUCT_DEFINITION_SHAPE('',$,#9406);
#9391=PRODUCT_DEFINITION_SHAPE('',$,#9407);
#9392=PRODUCT_DEFINITION_SHAPE('',$,#9408);
#9393=PRODUCT_DEFINITION_SHAPE('',$,#9409);
#9394=PRODUCT_DEFINITION_SHAPE('',$,#9410);
#9395=PRODUCT_DEFINITION_SHAPE($,$,#29);
#9396=PRODUCT_DEFINITION_SHAPE($,$,#30);
#9397=PRODUCT_DEFINITION_SHAPE($,$,#31);
#9398=PRODUCT_DEFINITION_SHAPE($,$,#32);
#9399=PRODUCT_DEFINITION_SHAPE($,$,#33);
#9400=SHAPE_REPRESENTATION('',(#5553,#6007,#6008,#6009),#9375);
#9401=SHAPE_REPRESENTATION('',(#5554),#9376);
#9402=SHAPE_REPRESENTATION('',(#5643),#9377);
#9403=SHAPE_REPRESENTATION('',(#5821,#5855,#5856),#9378);
#9404=SHAPE_REPRESENTATION('',(#5822),#9379);
#9405=PRODUCT_DEFINITION_CONTEXT('part definition',#9422,'design');
#9406=PRODUCT_DEFINITION(
'INDX Tool Dock Universal 1515 Bar_Tool holder body',
'Tool_Holder_Magnet_Jig_2 v2',#9411,#9405);
#9407=PRODUCT_DEFINITION('Magnet_Jig_A','Magnet_Jig_A',#9412,#9405);
#9408=PRODUCT_DEFINITION('Magnet_Jig_B','Magnet_Jig_B',#9413,#9405);
#9409=PRODUCT_DEFINITION('Hardware','Hardware',#9414,#9405);
#9410=PRODUCT_DEFINITION('M3x8 SHCS','M3x8 SHCS v1',#9415,#9405);
#9411=PRODUCT_DEFINITION_FORMATION('',$,#9424);
#9412=PRODUCT_DEFINITION_FORMATION('',$,#9425);
#9413=PRODUCT_DEFINITION_FORMATION('',$,#9426);
#9414=PRODUCT_DEFINITION_FORMATION('',$,#9427);
#9415=PRODUCT_DEFINITION_FORMATION('',$,#9428);
#9416=PRODUCT_RELATED_PRODUCT_CATEGORY('Tool_Holder_Magnet_Jig_2 v2',
'Tool_Holder_Magnet_Jig_2 v2',(#9424));
#9417=PRODUCT_RELATED_PRODUCT_CATEGORY('Magnet_Jig_A','Magnet_Jig_A',(#9425));
#9418=PRODUCT_RELATED_PRODUCT_CATEGORY('Magnet_Jig_B','Magnet_Jig_B',(#9426));
#9419=PRODUCT_RELATED_PRODUCT_CATEGORY('Hardware','Hardware',(#9427));
#9420=PRODUCT_RELATED_PRODUCT_CATEGORY('M3x8 SHCS v1','M3x8 SHCS v1',(#9428));
#9421=APPLICATION_PROTOCOL_DEFINITION('international standard',
'automotive_design',2009,#9422);
#9422=APPLICATION_CONTEXT(
'Core Data for Automotive Mechanical Design Process');
#9423=PRODUCT_CONTEXT('part definition',#9422,'mechanical');
#9424=PRODUCT('INDX Tool Dock Universal 1515 Bar_Tool holder body',
'Tool_Holder_Magnet_Jig_2 v2',$,(#9423));
#9425=PRODUCT('Magnet_Jig_A','Magnet_Jig_A',$,(#9423));
#9426=PRODUCT('Magnet_Jig_B','Magnet_Jig_B',$,(#9423));
#9427=PRODUCT('Hardware','Hardware',$,(#9423));
#9428=PRODUCT('M3x8 SHCS','M3x8 SHCS v1',$,(#9423));
#9429=PRESENTATION_STYLE_ASSIGNMENT((#9433));
#9430=PRESENTATION_STYLE_ASSIGNMENT((#9434));
#9431=PRESENTATION_STYLE_ASSIGNMENT((#9435));
#9432=PRESENTATION_STYLE_ASSIGNMENT((#9436));
#9433=SURFACE_STYLE_USAGE(.BOTH.,#9437);
#9434=SURFACE_STYLE_USAGE(.BOTH.,#9438);
#9435=SURFACE_STYLE_USAGE(.BOTH.,#9439);
#9436=SURFACE_STYLE_USAGE(.BOTH.,#9440);
#9437=SURFACE_SIDE_STYLE('',(#9441));
#9438=SURFACE_SIDE_STYLE('',(#9442));
#9439=SURFACE_SIDE_STYLE('',(#9443));
#9440=SURFACE_SIDE_STYLE('',(#9444));
#9441=SURFACE_STYLE_FILL_AREA(#9445);
#9442=SURFACE_STYLE_FILL_AREA(#9446);
#9443=SURFACE_STYLE_FILL_AREA(#9447);
#9444=SURFACE_STYLE_FILL_AREA(#9448);
#9445=FILL_AREA_STYLE('Plate',(#9449));
#9446=FILL_AREA_STYLE('Plastic - Matte (Black)',(#9450));
#9447=FILL_AREA_STYLE('Plastic - Matte (Red)',(#9451));
#9448=FILL_AREA_STYLE('Opaque(160,160,160)',(#9452));
#9449=FILL_AREA_STYLE_COLOUR('Plate',#9453);
#9450=FILL_AREA_STYLE_COLOUR('Plastic - Matte (Black)',#9454);
#9451=FILL_AREA_STYLE_COLOUR('Plastic - Matte (Red)',#9455);
#9452=FILL_AREA_STYLE_COLOUR('Opaque(160,160,160)',#9456);
#9453=COLOUR_RGB('Plate',0.6,0.6,0.6);
#9454=COLOUR_RGB('Plastic - Matte (Black)',0.0980392156862745,0.0980392156862745,
0.0980392156862745);
#9455=COLOUR_RGB('Plastic - Matte (Red)',0.768627450980392,0.207843137254902,
0.152941176470588);
#9456=COLOUR_RGB('Opaque(160,160,160)',0.627450980392157,0.627450980392157,
0.627450980392157);
ENDSEC;
END-ISO-10303-21;
