ISO-10303-21;
HEADER;
/* Generated by software containing ST-Developer
 * from STEP Tools, Inc. (www.steptools.com) 
 */
/* OPTION: using custom renumber hook */

FILE_DESCRIPTION(
/* description */ ('STEP AP242 Edition 2',
'CAx-IF Rec.Pracs.---Representation and Presentation of Product Manufa
cturing Information (PMI)---4.0---2014-10-13',
'CAx-IF Rec.Pracs.---3D Tessellated Geometry---0.4---2014-09-14','2;1',
'CAx-IF Rec.Pracs.---User Defined Attributes---1.5---2016-08-15'),
/* implementation_level */ '2;1');

FILE_NAME(
/* name */ 'INDX_Dock_2020_Print_Ready - [a]_magnet_holder_1x',
/* time_stamp */ '2026-07-20T11:41:31Z',
/* author */ (''),
/* organization */ (''),
/* preprocessor_version */ 'ST-DEVELOPER v20',
/* originating_system */ 'ONSHAPE BY PTC INC, 1.218',
/* authorisation */ '  ');

FILE_SCHEMA (('AP242_MANAGED_MODEL_BASED_3D_ENGINEERING_MIM_LF { 1 0 10303 442 3 1 4 }'));
ENDSEC;

DATA;
#10=SHAPE_REPRESENTATION_RELATIONSHIP('','',#1274,#11);
#11=ADVANCED_BREP_SHAPE_REPRESENTATION('',(#1272),#2179);
#12=TOROIDAL_SURFACE('',#1310,0.000459896997625684,0.000249310611395233);
#13=TOROIDAL_SURFACE('',#1314,0.000459896995321365,0.000249310611637424);
#14=TOROIDAL_SURFACE('',#1320,0.000459896997626193,0.000249310611395375);
#15=TOROIDAL_SURFACE('',#1324,0.0004598969969532,0.000249310611424883);
#16=TOROIDAL_SURFACE('',#1330,0.00045989699532098,0.000249310611637545);
#17=TOROIDAL_SURFACE('',#1334,0.000459896997624494,0.000249310611395114);
#18=TOROIDAL_SURFACE('',#1340,0.000459896997624764,0.000249310611395631);
#19=TOROIDAL_SURFACE('',#1344,0.000459896995321653,0.000249310611637494);
#20=B_SPLINE_CURVE_WITH_KNOTS('',3,(#1704,#1705,#1706,#1707),
 .UNSPECIFIED.,.F.,.F.,(4,4),(128.035390059647,176.208680705509),
 .UNSPECIFIED.);
#21=B_SPLINE_CURVE_WITH_KNOTS('',3,(#1719,#1720,#1721,#1722),
 .UNSPECIFIED.,.F.,.F.,(4,4),(3.79131929232289,51.9646099365404),
 .UNSPECIFIED.);
#22=B_SPLINE_CURVE_WITH_KNOTS('',3,(#1740,#1741,#1742,#1743),
 .UNSPECIFIED.,.F.,.F.,(4,4),(128.03539005853,176.208680704866),
 .UNSPECIFIED.);
#23=B_SPLINE_CURVE_WITH_KNOTS('',3,(#1755,#1756,#1757,#1758),
 .UNSPECIFIED.,.F.,.F.,(4,4),(3.79131929374447,51.964609938802),
 .UNSPECIFIED.);
#24=B_SPLINE_CURVE_WITH_KNOTS('',3,(#1776,#1777,#1778,#1779),
 .UNSPECIFIED.,.F.,.F.,(4,4),(308.035390059946,356.208680705676),
 .UNSPECIFIED.);
#25=B_SPLINE_CURVE_WITH_KNOTS('',3,(#1791,#1792,#1793,#1794),
 .UNSPECIFIED.,.F.,.F.,(4,4),(183.791319292779,231.964609937176),
 .UNSPECIFIED.);
#26=B_SPLINE_CURVE_WITH_KNOTS('',3,(#1812,#1813,#1814,#1815),
 .UNSPECIFIED.,.F.,.F.,(4,4),(308.035390061372,356.208680706502),
 .UNSPECIFIED.);
#27=B_SPLINE_CURVE_WITH_KNOTS('',3,(#1827,#1828,#1829,#1830),
 .UNSPECIFIED.,.F.,.F.,(4,4),(183.79131929428,231.96460993993),
 .UNSPECIFIED.);
#28=B_SPLINE_CURVE_WITH_KNOTS('',3,(#1876,#1877,#1878,#1879),
 .UNSPECIFIED.,.F.,.F.,(4,4),(149.999999998357,164.999999998914),
 .UNSPECIFIED.);
#29=B_SPLINE_CURVE_WITH_KNOTS('',3,(#1883,#1884,#1885,#1886),
 .UNSPECIFIED.,.F.,.F.,(4,4),(194.999999959947,209.999999941922),
 .UNSPECIFIED.);
#30=B_SPLINE_CURVE_WITH_KNOTS('',3,(#1889,#1890,#1891,#1892),
 .UNSPECIFIED.,.F.,.F.,(4,4),(329.999999999248,344.999999999498),
 .UNSPECIFIED.);
#31=B_SPLINE_CURVE_WITH_KNOTS('',3,(#1896,#1897,#1898,#1899),
 .UNSPECIFIED.,.F.,.F.,(4,4),(14.9999999802472,29.9999999713354),
 .UNSPECIFIED.);
#32=B_SPLINE_CURVE_WITH_KNOTS('',3,(#1902,#1903,#1904,#1905),
 .UNSPECIFIED.,.F.,.F.,(4,4),(150.000000025098,165.000000017323),
 .UNSPECIFIED.);
#33=B_SPLINE_CURVE_WITH_KNOTS('',3,(#1909,#1910,#1911,#1912),
 .UNSPECIFIED.,.F.,.F.,(4,4),(15.0000000146263,30.0000000212426),
 .UNSPECIFIED.);
#34=B_SPLINE_CURVE_WITH_KNOTS('',3,(#1915,#1916,#1917,#1918),
 .UNSPECIFIED.,.F.,.F.,(4,4),(330.000000012673,345.000000008774),
 .UNSPECIFIED.);
#35=B_SPLINE_CURVE_WITH_KNOTS('',3,(#1922,#1923,#1924,#1925),
 .UNSPECIFIED.,.F.,.F.,(4,4),(194.999999995081,209.999999992875),
 .UNSPECIFIED.);
#36=B_SPLINE_CURVE_WITH_KNOTS('',3,(#1964,#1965,#1966,#1967),
 .UNSPECIFIED.,.F.,.F.,(4,4),(90.,135.),.UNSPECIFIED.);
#37=B_SPLINE_CURVE_WITH_KNOTS('',3,(#1969,#1970,#1971,#1972),
 .UNSPECIFIED.,.F.,.F.,(4,4),(30.0000000000007,90.),.UNSPECIFIED.);
#38=B_SPLINE_CURVE_WITH_KNOTS('',3,(#1973,#1974,#1975,#1976),
 .UNSPECIFIED.,.F.,.F.,(4,4),(44.9999999997823,89.9999999997668),
 .UNSPECIFIED.);
#39=B_SPLINE_CURVE_WITH_KNOTS('',3,(#1978,#1979,#1980,#1981),
 .UNSPECIFIED.,.F.,.F.,(4,4),(131.566533565854,179.272053455871),
 .UNSPECIFIED.);
#40=B_SPLINE_CURVE_WITH_KNOTS('',3,(#1983,#1984,#1985,#1986),
 .UNSPECIFIED.,.F.,.F.,(4,4),(44.9999999995815,89.9999999994706),
 .UNSPECIFIED.);
#41=B_SPLINE_CURVE_WITH_KNOTS('',3,(#1988,#1989,#1990,#1991),
 .UNSPECIFIED.,.F.,.F.,(4,4),(311.566533569001,359.272053456599),
 .UNSPECIFIED.);
#42=B_SPLINE_CURVE_WITH_KNOTS('',3,(#1993,#1994,#1995,#1996),
 .UNSPECIFIED.,.F.,.F.,(4,4),(90.,150.),.UNSPECIFIED.);
#43=B_SPLINE_CURVE_WITH_KNOTS('',3,(#1998,#1999,#2000,#2001),
 .UNSPECIFIED.,.F.,.F.,(4,4),(180.,225.),.UNSPECIFIED.);
#44=B_SPLINE_CURVE_WITH_KNOTS('',3,(#2006,#2007,#2008,#2009),
 .UNSPECIFIED.,.F.,.F.,(4,4),(180.,225.),.UNSPECIFIED.);
#45=B_SPLINE_CURVE_WITH_KNOTS('',3,(#2011,#2012,#2013,#2014),
 .UNSPECIFIED.,.F.,.F.,(4,4),(30.0000000000007,90.),.UNSPECIFIED.);
#46=B_SPLINE_CURVE_WITH_KNOTS('',3,(#2015,#2016,#2017,#2018),
 .UNSPECIFIED.,.F.,.F.,(4,4),(44.9999999991363,89.9999999988824),
 .UNSPECIFIED.);
#47=B_SPLINE_CURVE_WITH_KNOTS('',3,(#2020,#2021,#2022,#2023),
 .UNSPECIFIED.,.F.,.F.,(4,4),(311.566533566223,359.272053455951),
 .UNSPECIFIED.);
#48=B_SPLINE_CURVE_WITH_KNOTS('',3,(#2025,#2026,#2027,#2028),
 .UNSPECIFIED.,.F.,.F.,(4,4),(45.0000000011892,90.0000000015002),
 .UNSPECIFIED.);
#49=B_SPLINE_CURVE_WITH_KNOTS('',3,(#2030,#2031,#2032,#2033),
 .UNSPECIFIED.,.F.,.F.,(4,4),(131.566533566294,179.272053455983),
 .UNSPECIFIED.);
#50=B_SPLINE_CURVE_WITH_KNOTS('',3,(#2035,#2036,#2037,#2038),
 .UNSPECIFIED.,.F.,.F.,(4,4),(270.,330.),.UNSPECIFIED.);
#51=B_SPLINE_CURVE_WITH_KNOTS('',3,(#2040,#2041,#2042,#2043),
 .UNSPECIFIED.,.F.,.F.,(4,4),(90.,135.),.UNSPECIFIED.);
#52=B_SPLINE_CURVE_WITH_KNOTS('',3,(#2048,#2049,#2050,#2051),
 .UNSPECIFIED.,.F.,.F.,(4,4),(270.,315.000000000016),.UNSPECIFIED.);
#53=B_SPLINE_CURVE_WITH_KNOTS('',3,(#2053,#2054,#2055,#2056),
 .UNSPECIFIED.,.F.,.F.,(4,4),(210.,270.),.UNSPECIFIED.);
#54=B_SPLINE_CURVE_WITH_KNOTS('',3,(#2057,#2058,#2059,#2060),
 .UNSPECIFIED.,.F.,.F.,(4,4),(224.999999999633,269.999999999523),
 .UNSPECIFIED.);
#55=B_SPLINE_CURVE_WITH_KNOTS('',3,(#2062,#2063,#2064,#2065),
 .UNSPECIFIED.,.F.,.F.,(4,4),(311.566533569031,359.272053456603),
 .UNSPECIFIED.);
#56=B_SPLINE_CURVE_WITH_KNOTS('',3,(#2067,#2068,#2069,#2070),
 .UNSPECIFIED.,.F.,.F.,(4,4),(225.00000000143,270.000000001867),
 .UNSPECIFIED.);
#57=B_SPLINE_CURVE_WITH_KNOTS('',3,(#2072,#2073,#2074,#2075),
 .UNSPECIFIED.,.F.,.F.,(4,4),(131.566533568185,179.272053456422),
 .UNSPECIFIED.);
#58=B_SPLINE_CURVE_WITH_KNOTS('',3,(#2077,#2078,#2079,#2080),
 .UNSPECIFIED.,.F.,.F.,(4,4),(270.,330.),.UNSPECIFIED.);
#59=B_SPLINE_CURVE_WITH_KNOTS('',3,(#2082,#2083,#2084,#2085),
 .UNSPECIFIED.,.F.,.F.,(4,4),(0.,45.),.UNSPECIFIED.);
#60=B_SPLINE_CURVE_WITH_KNOTS('',3,(#2090,#2091,#2092,#2093),
 .UNSPECIFIED.,.F.,.F.,(4,4),(0.,45.),.UNSPECIFIED.);
#61=B_SPLINE_CURVE_WITH_KNOTS('',3,(#2095,#2096,#2097,#2098),
 .UNSPECIFIED.,.F.,.F.,(4,4),(210.,270.),.UNSPECIFIED.);
#62=B_SPLINE_CURVE_WITH_KNOTS('',3,(#2099,#2100,#2101,#2102),
 .UNSPECIFIED.,.F.,.F.,(4,4),(224.99999999944,269.999999999284),
 .UNSPECIFIED.);
#63=B_SPLINE_CURVE_WITH_KNOTS('',3,(#2104,#2105,#2106,#2107),
 .UNSPECIFIED.,.F.,.F.,(4,4),(131.566533567769,179.272053456323),
 .UNSPECIFIED.);
#64=B_SPLINE_CURVE_WITH_KNOTS('',3,(#2109,#2110,#2111,#2112),
 .UNSPECIFIED.,.F.,.F.,(4,4),(224.999999998962,269.999999998591),
 .UNSPECIFIED.);
#65=B_SPLINE_CURVE_WITH_KNOTS('',3,(#2114,#2115,#2116,#2117),
 .UNSPECIFIED.,.F.,.F.,(4,4),(311.566533566157,359.272053455963),
 .UNSPECIFIED.);
#66=B_SPLINE_CURVE_WITH_KNOTS('',3,(#2119,#2120,#2121,#2122),
 .UNSPECIFIED.,.F.,.F.,(4,4),(90.,150.),.UNSPECIFIED.);
#67=B_SPLINE_CURVE_WITH_KNOTS('',3,(#2124,#2125,#2126,#2127),
 .UNSPECIFIED.,.F.,.F.,(4,4),(270.,315.000000000016),.UNSPECIFIED.);
#68=LINE('',#1697,#180);
#69=LINE('',#1700,#181);
#70=LINE('',#1702,#182);
#71=LINE('',#1709,#183);
#72=LINE('',#1711,#184);
#73=LINE('',#1713,#185);
#74=LINE('',#1715,#186);
#75=LINE('',#1717,#187);
#76=LINE('',#1724,#188);
#77=LINE('',#1727,#189);
#78=LINE('',#1729,#190);
#79=LINE('',#1731,#191);
#80=LINE('',#1733,#192);
#81=LINE('',#1736,#193);
#82=LINE('',#1738,#194);
#83=LINE('',#1745,#195);
#84=LINE('',#1747,#196);
#85=LINE('',#1749,#197);
#86=LINE('',#1751,#198);
#87=LINE('',#1753,#199);
#88=LINE('',#1760,#200);
#89=LINE('',#1763,#201);
#90=LINE('',#1765,#202);
#91=LINE('',#1767,#203);
#92=LINE('',#1769,#204);
#93=LINE('',#1772,#205);
#94=LINE('',#1774,#206);
#95=LINE('',#1781,#207);
#96=LINE('',#1783,#208);
#97=LINE('',#1785,#209);
#98=LINE('',#1787,#210);
#99=LINE('',#1789,#211);
#100=LINE('',#1796,#212);
#101=LINE('',#1799,#213);
#102=LINE('',#1801,#214);
#103=LINE('',#1803,#215);
#104=LINE('',#1805,#216);
#105=LINE('',#1808,#217);
#106=LINE('',#1810,#218);
#107=LINE('',#1817,#219);
#108=LINE('',#1819,#220);
#109=LINE('',#1821,#221);
#110=LINE('',#1823,#222);
#111=LINE('',#1825,#223);
#112=LINE('',#1832,#224);
#113=LINE('',#1835,#225);
#114=LINE('',#1837,#226);
#115=LINE('',#1839,#227);
#116=LINE('',#1841,#228);
#117=LINE('',#1844,#229);
#118=LINE('',#1846,#230);
#119=LINE('',#1848,#231);
#120=LINE('',#1850,#232);
#121=LINE('',#1852,#233);
#122=LINE('',#1854,#234);
#123=LINE('',#1856,#235);
#124=LINE('',#1858,#236);
#125=LINE('',#1861,#237);
#126=LINE('',#1863,#238);
#127=LINE('',#1865,#239);
#128=LINE('',#1867,#240);
#129=LINE('',#1869,#241);
#130=LINE('',#1871,#242);
#131=LINE('',#1873,#243);
#132=LINE('',#1875,#244);
#133=LINE('',#1881,#245);
#134=LINE('',#1888,#246);
#135=LINE('',#1894,#247);
#136=LINE('',#1901,#248);
#137=LINE('',#1907,#249);
#138=LINE('',#1914,#250);
#139=LINE('',#1920,#251);
#140=LINE('',#1927,#252);
#141=LINE('',#1930,#253);
#142=LINE('',#1932,#254);
#143=LINE('',#1934,#255);
#144=LINE('',#1936,#256);
#145=LINE('',#1939,#257);
#146=LINE('',#1941,#258);
#147=LINE('',#1943,#259);
#148=LINE('',#1945,#260);
#149=LINE('',#1948,#261);
#150=LINE('',#1950,#262);
#151=LINE('',#1952,#263);
#152=LINE('',#1954,#264);
#153=LINE('',#1957,#265);
#154=LINE('',#1959,#266);
#155=LINE('',#1961,#267);
#156=LINE('',#2131,#268);
#157=LINE('',#2132,#269);
#158=LINE('',#2134,#270);
#159=LINE('',#2136,#271);
#160=LINE('',#2138,#272);
#161=LINE('',#2140,#273);
#162=LINE('',#2142,#274);
#163=LINE('',#2144,#275);
#164=LINE('',#2146,#276);
#165=LINE('',#2148,#277);
#166=LINE('',#2150,#278);
#167=LINE('',#2152,#279);
#168=LINE('',#2154,#280);
#169=LINE('',#2156,#281);
#170=LINE('',#2158,#282);
#171=LINE('',#2160,#283);
#172=LINE('',#2163,#284);
#173=LINE('',#2164,#285);
#174=LINE('',#2166,#286);
#175=LINE('',#2168,#287);
#176=LINE('',#2170,#288);
#177=LINE('',#2172,#289);
#178=LINE('',#2174,#290);
#179=LINE('',#2176,#291);
#180=VECTOR('',#1401,1.);
#181=VECTOR('',#1402,1.);
#182=VECTOR('',#1403,1.);
#183=VECTOR('',#1404,1.);
#184=VECTOR('',#1405,1.);
#185=VECTOR('',#1406,1.);
#186=VECTOR('',#1407,1.);
#187=VECTOR('',#1408,1.);
#188=VECTOR('',#1411,1.);
#189=VECTOR('',#1412,1.);
#190=VECTOR('',#1413,1.);
#191=VECTOR('',#1414,1.);
#192=VECTOR('',#1417,1.);
#193=VECTOR('',#1418,1.);
#194=VECTOR('',#1419,1.);
#195=VECTOR('',#1420,1.);
#196=VECTOR('',#1421,1.);
#197=VECTOR('',#1422,1.);
#198=VECTOR('',#1423,1.);
#199=VECTOR('',#1424,1.);
#200=VECTOR('',#1427,1.);
#201=VECTOR('',#1428,1.);
#202=VECTOR('',#1429,1.);
#203=VECTOR('',#1430,1.);
#204=VECTOR('',#1433,1.);
#205=VECTOR('',#1434,1.);
#206=VECTOR('',#1435,1.);
#207=VECTOR('',#1436,1.);
#208=VECTOR('',#1437,1.);
#209=VECTOR('',#1438,1.);
#210=VECTOR('',#1439,1.);
#211=VECTOR('',#1440,1.);
#212=VECTOR('',#1443,1.);
#213=VECTOR('',#1444,1.);
#214=VECTOR('',#1445,1.);
#215=VECTOR('',#1446,1.);
#216=VECTOR('',#1449,1.);
#217=VECTOR('',#1450,1.);
#218=VECTOR('',#1451,1.);
#219=VECTOR('',#1452,1.);
#220=VECTOR('',#1453,1.);
#221=VECTOR('',#1454,1.);
#222=VECTOR('',#1455,1.);
#223=VECTOR('',#1456,1.);
#224=VECTOR('',#1459,1.);
#225=VECTOR('',#1460,1.);
#226=VECTOR('',#1461,1.);
#227=VECTOR('',#1462,1.);
#228=VECTOR('',#1465,1.);
#229=VECTOR('',#1466,1.);
#230=VECTOR('',#1467,1.);
#231=VECTOR('',#1468,1.);
#232=VECTOR('',#1469,1.);
#233=VECTOR('',#1470,1.);
#234=VECTOR('',#1471,1.);
#235=VECTOR('',#1472,1.);
#236=VECTOR('',#1475,1.);
#237=VECTOR('',#1476,1.);
#238=VECTOR('',#1477,1.);
#239=VECTOR('',#1478,1.);
#240=VECTOR('',#1479,1.);
#241=VECTOR('',#1480,1.);
#242=VECTOR('',#1481,1.);
#243=VECTOR('',#1482,1.);
#244=VECTOR('',#1485,1.);
#245=VECTOR('',#1486,1.);
#246=VECTOR('',#1489,1.);
#247=VECTOR('',#1490,1.);
#248=VECTOR('',#1493,1.);
#249=VECTOR('',#1494,1.);
#250=VECTOR('',#1497,1.);
#251=VECTOR('',#1498,1.);
#252=VECTOR('',#1501,1.);
#253=VECTOR('',#1502,1.);
#254=VECTOR('',#1503,1.);
#255=VECTOR('',#1504,1.);
#256=VECTOR('',#1507,1.);
#257=VECTOR('',#1508,1.);
#258=VECTOR('',#1509,1.);
#259=VECTOR('',#1510,1.);
#260=VECTOR('',#1513,1.);
#261=VECTOR('',#1514,1.);
#262=VECTOR('',#1515,1.);
#263=VECTOR('',#1516,1.);
#264=VECTOR('',#1519,1.);
#265=VECTOR('',#1520,1.);
#266=VECTOR('',#1521,1.);
#267=VECTOR('',#1522,1.);
#268=VECTOR('',#1605,1.);
#269=VECTOR('',#1606,1.);
#270=VECTOR('',#1609,1.);
#271=VECTOR('',#1612,1.);
#272=VECTOR('',#1615,1.);
#273=VECTOR('',#1618,1.);
#274=VECTOR('',#1621,1.);
#275=VECTOR('',#1624,1.);
#276=VECTOR('',#1627,1.);
#277=VECTOR('',#1630,1.);
#278=VECTOR('',#1633,1.);
#279=VECTOR('',#1636,1.);
#280=VECTOR('',#1639,1.);
#281=VECTOR('',#1642,1.);
#282=VECTOR('',#1645,1.);
#283=VECTOR('',#1648,1.);
#284=VECTOR('',#1653,1.);
#285=VECTOR('',#1654,1.);
#286=VECTOR('',#1657,1.);
#287=VECTOR('',#1660,1.);
#288=VECTOR('',#1663,1.);
#289=VECTOR('',#1666,1.);
#290=VECTOR('',#1669,1.);
#291=VECTOR('',#1672,1.);
#292=PLANE('',#1288);
#293=PLANE('',#1289);
#294=PLANE('',#1290);
#295=PLANE('',#1291);
#296=PLANE('',#1292);
#297=PLANE('',#1293);
#298=PLANE('',#1294);
#299=PLANE('',#1295);
#300=PLANE('',#1296);
#301=PLANE('',#1297);
#302=PLANE('',#1298);
#303=PLANE('',#1299);
#304=PLANE('',#1300);
#305=PLANE('',#1301);
#306=PLANE('',#1302);
#307=PLANE('',#1303);
#308=PLANE('',#1304);
#309=PLANE('',#1305);
#310=PLANE('',#1306);
#311=PLANE('',#1348);
#312=PLANE('',#1349);
#313=PLANE('',#1352);
#314=PLANE('',#1353);
#315=PLANE('',#1356);
#316=PLANE('',#1357);
#317=PLANE('',#1360);
#318=PLANE('',#1361);
#319=PLANE('',#1363);
#320=PLANE('',#1364);
#321=PLANE('',#1365);
#322=PLANE('',#1366);
#323=PLANE('',#1367);
#324=PLANE('',#1368);
#325=PLANE('',#1369);
#326=PLANE('',#1370);
#327=CYLINDRICAL_SURFACE('',#1285,0.00325);
#328=CYLINDRICAL_SURFACE('',#1286,0.00255);
#329=CYLINDRICAL_SURFACE('',#1307,0.00025);
#330=CYLINDRICAL_SURFACE('',#1309,0.00025);
#331=CYLINDRICAL_SURFACE('',#1311,0.00025);
#332=CYLINDRICAL_SURFACE('',#1312,0.00025);
#333=CYLINDRICAL_SURFACE('',#1313,0.00025);
#334=CYLINDRICAL_SURFACE('',#1315,0.00025);
#335=CYLINDRICAL_SURFACE('',#1317,0.00025);
#336=CYLINDRICAL_SURFACE('',#1319,0.00025);
#337=CYLINDRICAL_SURFACE('',#1321,0.00025);
#338=CYLINDRICAL_SURFACE('',#1322,0.00025);
#339=CYLINDRICAL_SURFACE('',#1323,0.00025);
#340=CYLINDRICAL_SURFACE('',#1325,0.00025);
#341=CYLINDRICAL_SURFACE('',#1327,0.00025);
#342=CYLINDRICAL_SURFACE('',#1329,0.00025);
#343=CYLINDRICAL_SURFACE('',#1331,0.00025);
#344=CYLINDRICAL_SURFACE('',#1332,0.00025);
#345=CYLINDRICAL_SURFACE('',#1333,0.00025);
#346=CYLINDRICAL_SURFACE('',#1335,0.00025);
#347=CYLINDRICAL_SURFACE('',#1337,0.00025);
#348=CYLINDRICAL_SURFACE('',#1339,0.00025);
#349=CYLINDRICAL_SURFACE('',#1341,0.00025);
#350=CYLINDRICAL_SURFACE('',#1342,0.00025);
#351=CYLINDRICAL_SURFACE('',#1343,0.00025);
#352=CYLINDRICAL_SURFACE('',#1345,0.00025);
#353=ORIENTED_EDGE('',*,*,#703,.F.);
#354=ORIENTED_EDGE('',*,*,#704,.F.);
#355=ORIENTED_EDGE('',*,*,#705,.F.);
#356=ORIENTED_EDGE('',*,*,#706,.F.);
#357=ORIENTED_EDGE('',*,*,#707,.F.);
#358=ORIENTED_EDGE('',*,*,#708,.F.);
#359=ORIENTED_EDGE('',*,*,#705,.T.);
#360=ORIENTED_EDGE('',*,*,#704,.T.);
#361=ORIENTED_EDGE('',*,*,#708,.T.);
#362=ORIENTED_EDGE('',*,*,#709,.F.);
#363=ORIENTED_EDGE('',*,*,#706,.T.);
#364=ORIENTED_EDGE('',*,*,#709,.T.);
#365=ORIENTED_EDGE('',*,*,#710,.T.);
#366=ORIENTED_EDGE('',*,*,#711,.T.);
#367=ORIENTED_EDGE('',*,*,#712,.T.);
#368=ORIENTED_EDGE('',*,*,#713,.F.);
#369=ORIENTED_EDGE('',*,*,#714,.T.);
#370=ORIENTED_EDGE('',*,*,#715,.F.);
#371=ORIENTED_EDGE('',*,*,#716,.T.);
#372=ORIENTED_EDGE('',*,*,#717,.T.);
#373=ORIENTED_EDGE('',*,*,#718,.T.);
#374=ORIENTED_EDGE('',*,*,#719,.F.);
#375=ORIENTED_EDGE('',*,*,#720,.T.);
#376=ORIENTED_EDGE('',*,*,#721,.T.);
#377=ORIENTED_EDGE('',*,*,#722,.T.);
#378=ORIENTED_EDGE('',*,*,#723,.T.);
#379=ORIENTED_EDGE('',*,*,#724,.T.);
#380=ORIENTED_EDGE('',*,*,#725,.T.);
#381=ORIENTED_EDGE('',*,*,#726,.T.);
#382=ORIENTED_EDGE('',*,*,#727,.F.);
#383=ORIENTED_EDGE('',*,*,#728,.T.);
#384=ORIENTED_EDGE('',*,*,#729,.F.);
#385=ORIENTED_EDGE('',*,*,#730,.T.);
#386=ORIENTED_EDGE('',*,*,#731,.T.);
#387=ORIENTED_EDGE('',*,*,#732,.T.);
#388=ORIENTED_EDGE('',*,*,#733,.F.);
#389=ORIENTED_EDGE('',*,*,#734,.T.);
#390=ORIENTED_EDGE('',*,*,#735,.T.);
#391=ORIENTED_EDGE('',*,*,#736,.T.);
#392=ORIENTED_EDGE('',*,*,#737,.T.);
#393=ORIENTED_EDGE('',*,*,#738,.T.);
#394=ORIENTED_EDGE('',*,*,#739,.T.);
#395=ORIENTED_EDGE('',*,*,#740,.T.);
#396=ORIENTED_EDGE('',*,*,#741,.F.);
#397=ORIENTED_EDGE('',*,*,#742,.T.);
#398=ORIENTED_EDGE('',*,*,#743,.F.);
#399=ORIENTED_EDGE('',*,*,#744,.T.);
#400=ORIENTED_EDGE('',*,*,#745,.T.);
#401=ORIENTED_EDGE('',*,*,#746,.T.);
#402=ORIENTED_EDGE('',*,*,#747,.F.);
#403=ORIENTED_EDGE('',*,*,#748,.T.);
#404=ORIENTED_EDGE('',*,*,#749,.T.);
#405=ORIENTED_EDGE('',*,*,#750,.T.);
#406=ORIENTED_EDGE('',*,*,#751,.T.);
#407=ORIENTED_EDGE('',*,*,#752,.T.);
#408=ORIENTED_EDGE('',*,*,#753,.T.);
#409=ORIENTED_EDGE('',*,*,#754,.T.);
#410=ORIENTED_EDGE('',*,*,#755,.F.);
#411=ORIENTED_EDGE('',*,*,#756,.T.);
#412=ORIENTED_EDGE('',*,*,#757,.F.);
#413=ORIENTED_EDGE('',*,*,#758,.T.);
#414=ORIENTED_EDGE('',*,*,#759,.T.);
#415=ORIENTED_EDGE('',*,*,#760,.T.);
#416=ORIENTED_EDGE('',*,*,#761,.F.);
#417=ORIENTED_EDGE('',*,*,#762,.T.);
#418=ORIENTED_EDGE('',*,*,#763,.T.);
#419=ORIENTED_EDGE('',*,*,#764,.T.);
#420=ORIENTED_EDGE('',*,*,#765,.T.);
#421=ORIENTED_EDGE('',*,*,#766,.T.);
#422=ORIENTED_EDGE('',*,*,#767,.T.);
#423=ORIENTED_EDGE('',*,*,#768,.T.);
#424=ORIENTED_EDGE('',*,*,#769,.T.);
#425=ORIENTED_EDGE('',*,*,#770,.T.);
#426=ORIENTED_EDGE('',*,*,#771,.T.);
#427=ORIENTED_EDGE('',*,*,#772,.T.);
#428=ORIENTED_EDGE('',*,*,#773,.T.);
#429=ORIENTED_EDGE('',*,*,#707,.T.);
#430=ORIENTED_EDGE('',*,*,#774,.T.);
#431=ORIENTED_EDGE('',*,*,#775,.T.);
#432=ORIENTED_EDGE('',*,*,#776,.T.);
#433=ORIENTED_EDGE('',*,*,#777,.T.);
#434=ORIENTED_EDGE('',*,*,#778,.T.);
#435=ORIENTED_EDGE('',*,*,#779,.T.);
#436=ORIENTED_EDGE('',*,*,#780,.T.);
#437=ORIENTED_EDGE('',*,*,#781,.T.);
#438=ORIENTED_EDGE('',*,*,#703,.T.);
#439=ORIENTED_EDGE('',*,*,#717,.F.);
#440=ORIENTED_EDGE('',*,*,#782,.T.);
#441=ORIENTED_EDGE('',*,*,#757,.T.);
#442=ORIENTED_EDGE('',*,*,#783,.T.);
#443=ORIENTED_EDGE('',*,*,#784,.T.);
#444=ORIENTED_EDGE('',*,*,#785,.T.);
#445=ORIENTED_EDGE('',*,*,#731,.F.);
#446=ORIENTED_EDGE('',*,*,#786,.T.);
#447=ORIENTED_EDGE('',*,*,#715,.T.);
#448=ORIENTED_EDGE('',*,*,#787,.T.);
#449=ORIENTED_EDGE('',*,*,#788,.T.);
#450=ORIENTED_EDGE('',*,*,#789,.T.);
#451=ORIENTED_EDGE('',*,*,#745,.F.);
#452=ORIENTED_EDGE('',*,*,#790,.T.);
#453=ORIENTED_EDGE('',*,*,#729,.T.);
#454=ORIENTED_EDGE('',*,*,#791,.T.);
#455=ORIENTED_EDGE('',*,*,#792,.T.);
#456=ORIENTED_EDGE('',*,*,#793,.T.);
#457=ORIENTED_EDGE('',*,*,#759,.F.);
#458=ORIENTED_EDGE('',*,*,#794,.T.);
#459=ORIENTED_EDGE('',*,*,#743,.T.);
#460=ORIENTED_EDGE('',*,*,#795,.T.);
#461=ORIENTED_EDGE('',*,*,#796,.T.);
#462=ORIENTED_EDGE('',*,*,#797,.T.);
#463=ORIENTED_EDGE('',*,*,#798,.T.);
#464=ORIENTED_EDGE('',*,*,#799,.T.);
#465=ORIENTED_EDGE('',*,*,#800,.T.);
#466=ORIENTED_EDGE('',*,*,#801,.T.);
#467=ORIENTED_EDGE('',*,*,#802,.T.);
#468=ORIENTED_EDGE('',*,*,#803,.T.);
#469=ORIENTED_EDGE('',*,*,#804,.T.);
#470=ORIENTED_EDGE('',*,*,#805,.T.);
#471=ORIENTED_EDGE('',*,*,#806,.T.);
#472=ORIENTED_EDGE('',*,*,#807,.T.);
#473=ORIENTED_EDGE('',*,*,#808,.T.);
#474=ORIENTED_EDGE('',*,*,#809,.T.);
#475=ORIENTED_EDGE('',*,*,#810,.T.);
#476=ORIENTED_EDGE('',*,*,#811,.T.);
#477=ORIENTED_EDGE('',*,*,#812,.T.);
#478=ORIENTED_EDGE('',*,*,#813,.T.);
#479=ORIENTED_EDGE('',*,*,#726,.F.);
#480=ORIENTED_EDGE('',*,*,#814,.T.);
#481=ORIENTED_EDGE('',*,*,#734,.F.);
#482=ORIENTED_EDGE('',*,*,#815,.F.);
#483=ORIENTED_EDGE('',*,*,#791,.F.);
#484=ORIENTED_EDGE('',*,*,#728,.F.);
#485=ORIENTED_EDGE('',*,*,#816,.F.);
#486=ORIENTED_EDGE('',*,*,#810,.F.);
#487=ORIENTED_EDGE('',*,*,#817,.F.);
#488=ORIENTED_EDGE('',*,*,#727,.T.);
#489=ORIENTED_EDGE('',*,*,#815,.T.);
#490=ORIENTED_EDGE('',*,*,#818,.F.);
#491=ORIENTED_EDGE('',*,*,#816,.T.);
#492=ORIENTED_EDGE('',*,*,#817,.T.);
#493=ORIENTED_EDGE('',*,*,#813,.F.);
#494=ORIENTED_EDGE('',*,*,#819,.F.);
#495=ORIENTED_EDGE('',*,*,#792,.F.);
#496=ORIENTED_EDGE('',*,*,#818,.T.);
#497=ORIENTED_EDGE('',*,*,#737,.F.);
#498=ORIENTED_EDGE('',*,*,#820,.F.);
#499=ORIENTED_EDGE('',*,*,#811,.F.);
#500=ORIENTED_EDGE('',*,*,#819,.T.);
#501=ORIENTED_EDGE('',*,*,#812,.F.);
#502=ORIENTED_EDGE('',*,*,#821,.F.);
#503=ORIENTED_EDGE('',*,*,#746,.F.);
#504=ORIENTED_EDGE('',*,*,#793,.F.);
#505=ORIENTED_EDGE('',*,*,#821,.T.);
#506=ORIENTED_EDGE('',*,*,#820,.T.);
#507=ORIENTED_EDGE('',*,*,#822,.F.);
#508=ORIENTED_EDGE('',*,*,#747,.T.);
#509=ORIENTED_EDGE('',*,*,#736,.F.);
#510=ORIENTED_EDGE('',*,*,#823,.T.);
#511=ORIENTED_EDGE('',*,*,#738,.F.);
#512=ORIENTED_EDGE('',*,*,#822,.T.);
#513=ORIENTED_EDGE('',*,*,#740,.F.);
#514=ORIENTED_EDGE('',*,*,#824,.T.);
#515=ORIENTED_EDGE('',*,*,#748,.F.);
#516=ORIENTED_EDGE('',*,*,#825,.F.);
#517=ORIENTED_EDGE('',*,*,#795,.F.);
#518=ORIENTED_EDGE('',*,*,#742,.F.);
#519=ORIENTED_EDGE('',*,*,#826,.F.);
#520=ORIENTED_EDGE('',*,*,#798,.F.);
#521=ORIENTED_EDGE('',*,*,#827,.F.);
#522=ORIENTED_EDGE('',*,*,#741,.T.);
#523=ORIENTED_EDGE('',*,*,#825,.T.);
#524=ORIENTED_EDGE('',*,*,#828,.F.);
#525=ORIENTED_EDGE('',*,*,#826,.T.);
#526=ORIENTED_EDGE('',*,*,#827,.T.);
#527=ORIENTED_EDGE('',*,*,#801,.F.);
#528=ORIENTED_EDGE('',*,*,#829,.F.);
#529=ORIENTED_EDGE('',*,*,#796,.F.);
#530=ORIENTED_EDGE('',*,*,#828,.T.);
#531=ORIENTED_EDGE('',*,*,#751,.F.);
#532=ORIENTED_EDGE('',*,*,#830,.F.);
#533=ORIENTED_EDGE('',*,*,#799,.F.);
#534=ORIENTED_EDGE('',*,*,#829,.T.);
#535=ORIENTED_EDGE('',*,*,#800,.F.);
#536=ORIENTED_EDGE('',*,*,#831,.F.);
#537=ORIENTED_EDGE('',*,*,#760,.F.);
#538=ORIENTED_EDGE('',*,*,#797,.F.);
#539=ORIENTED_EDGE('',*,*,#831,.T.);
#540=ORIENTED_EDGE('',*,*,#830,.T.);
#541=ORIENTED_EDGE('',*,*,#832,.F.);
#542=ORIENTED_EDGE('',*,*,#761,.T.);
#543=ORIENTED_EDGE('',*,*,#750,.F.);
#544=ORIENTED_EDGE('',*,*,#833,.T.);
#545=ORIENTED_EDGE('',*,*,#752,.F.);
#546=ORIENTED_EDGE('',*,*,#832,.T.);
#547=ORIENTED_EDGE('',*,*,#754,.F.);
#548=ORIENTED_EDGE('',*,*,#834,.T.);
#549=ORIENTED_EDGE('',*,*,#762,.F.);
#550=ORIENTED_EDGE('',*,*,#835,.F.);
#551=ORIENTED_EDGE('',*,*,#783,.F.);
#552=ORIENTED_EDGE('',*,*,#756,.F.);
#553=ORIENTED_EDGE('',*,*,#836,.F.);
#554=ORIENTED_EDGE('',*,*,#802,.F.);
#555=ORIENTED_EDGE('',*,*,#837,.F.);
#556=ORIENTED_EDGE('',*,*,#755,.T.);
#557=ORIENTED_EDGE('',*,*,#835,.T.);
#558=ORIENTED_EDGE('',*,*,#838,.F.);
#559=ORIENTED_EDGE('',*,*,#836,.T.);
#560=ORIENTED_EDGE('',*,*,#837,.T.);
#561=ORIENTED_EDGE('',*,*,#805,.F.);
#562=ORIENTED_EDGE('',*,*,#839,.F.);
#563=ORIENTED_EDGE('',*,*,#784,.F.);
#564=ORIENTED_EDGE('',*,*,#838,.T.);
#565=ORIENTED_EDGE('',*,*,#765,.F.);
#566=ORIENTED_EDGE('',*,*,#840,.F.);
#567=ORIENTED_EDGE('',*,*,#803,.F.);
#568=ORIENTED_EDGE('',*,*,#839,.T.);
#569=ORIENTED_EDGE('',*,*,#804,.F.);
#570=ORIENTED_EDGE('',*,*,#841,.F.);
#571=ORIENTED_EDGE('',*,*,#718,.F.);
#572=ORIENTED_EDGE('',*,*,#785,.F.);
#573=ORIENTED_EDGE('',*,*,#841,.T.);
#574=ORIENTED_EDGE('',*,*,#840,.T.);
#575=ORIENTED_EDGE('',*,*,#842,.F.);
#576=ORIENTED_EDGE('',*,*,#719,.T.);
#577=ORIENTED_EDGE('',*,*,#764,.F.);
#578=ORIENTED_EDGE('',*,*,#843,.T.);
#579=ORIENTED_EDGE('',*,*,#710,.F.);
#580=ORIENTED_EDGE('',*,*,#842,.T.);
#581=ORIENTED_EDGE('',*,*,#712,.F.);
#582=ORIENTED_EDGE('',*,*,#844,.T.);
#583=ORIENTED_EDGE('',*,*,#720,.F.);
#584=ORIENTED_EDGE('',*,*,#845,.F.);
#585=ORIENTED_EDGE('',*,*,#787,.F.);
#586=ORIENTED_EDGE('',*,*,#714,.F.);
#587=ORIENTED_EDGE('',*,*,#846,.F.);
#588=ORIENTED_EDGE('',*,*,#806,.F.);
#589=ORIENTED_EDGE('',*,*,#847,.F.);
#590=ORIENTED_EDGE('',*,*,#713,.T.);
#591=ORIENTED_EDGE('',*,*,#845,.T.);
#592=ORIENTED_EDGE('',*,*,#848,.F.);
#593=ORIENTED_EDGE('',*,*,#846,.T.);
#594=ORIENTED_EDGE('',*,*,#847,.T.);
#595=ORIENTED_EDGE('',*,*,#809,.F.);
#596=ORIENTED_EDGE('',*,*,#849,.F.);
#597=ORIENTED_EDGE('',*,*,#788,.F.);
#598=ORIENTED_EDGE('',*,*,#848,.T.);
#599=ORIENTED_EDGE('',*,*,#723,.F.);
#600=ORIENTED_EDGE('',*,*,#850,.F.);
#601=ORIENTED_EDGE('',*,*,#807,.F.);
#602=ORIENTED_EDGE('',*,*,#849,.T.);
#603=ORIENTED_EDGE('',*,*,#808,.F.);
#604=ORIENTED_EDGE('',*,*,#851,.F.);
#605=ORIENTED_EDGE('',*,*,#732,.F.);
#606=ORIENTED_EDGE('',*,*,#789,.F.);
#607=ORIENTED_EDGE('',*,*,#851,.T.);
#608=ORIENTED_EDGE('',*,*,#850,.T.);
#609=ORIENTED_EDGE('',*,*,#852,.F.);
#610=ORIENTED_EDGE('',*,*,#733,.T.);
#611=ORIENTED_EDGE('',*,*,#722,.F.);
#612=ORIENTED_EDGE('',*,*,#853,.T.);
#613=ORIENTED_EDGE('',*,*,#724,.F.);
#614=ORIENTED_EDGE('',*,*,#852,.T.);
#615=ORIENTED_EDGE('',*,*,#854,.F.);
#616=ORIENTED_EDGE('',*,*,#844,.F.);
#617=ORIENTED_EDGE('',*,*,#855,.F.);
#618=ORIENTED_EDGE('',*,*,#855,.T.);
#619=ORIENTED_EDGE('',*,*,#711,.F.);
#620=ORIENTED_EDGE('',*,*,#856,.F.);
#621=ORIENTED_EDGE('',*,*,#772,.F.);
#622=ORIENTED_EDGE('',*,*,#854,.T.);
#623=ORIENTED_EDGE('',*,*,#771,.F.);
#624=ORIENTED_EDGE('',*,*,#857,.F.);
#625=ORIENTED_EDGE('',*,*,#721,.F.);
#626=ORIENTED_EDGE('',*,*,#856,.T.);
#627=ORIENTED_EDGE('',*,*,#843,.F.);
#628=ORIENTED_EDGE('',*,*,#858,.F.);
#629=ORIENTED_EDGE('',*,*,#853,.F.);
#630=ORIENTED_EDGE('',*,*,#857,.T.);
#631=ORIENTED_EDGE('',*,*,#859,.F.);
#632=ORIENTED_EDGE('',*,*,#858,.T.);
#633=ORIENTED_EDGE('',*,*,#763,.F.);
#634=ORIENTED_EDGE('',*,*,#860,.F.);
#635=ORIENTED_EDGE('',*,*,#773,.F.);
#636=ORIENTED_EDGE('',*,*,#859,.T.);
#637=ORIENTED_EDGE('',*,*,#770,.F.);
#638=ORIENTED_EDGE('',*,*,#861,.F.);
#639=ORIENTED_EDGE('',*,*,#725,.F.);
#640=ORIENTED_EDGE('',*,*,#860,.T.);
#641=ORIENTED_EDGE('',*,*,#834,.F.);
#642=ORIENTED_EDGE('',*,*,#862,.F.);
#643=ORIENTED_EDGE('',*,*,#814,.F.);
#644=ORIENTED_EDGE('',*,*,#861,.T.);
#645=ORIENTED_EDGE('',*,*,#863,.F.);
#646=ORIENTED_EDGE('',*,*,#862,.T.);
#647=ORIENTED_EDGE('',*,*,#753,.F.);
#648=ORIENTED_EDGE('',*,*,#864,.F.);
#649=ORIENTED_EDGE('',*,*,#766,.F.);
#650=ORIENTED_EDGE('',*,*,#863,.T.);
#651=ORIENTED_EDGE('',*,*,#769,.F.);
#652=ORIENTED_EDGE('',*,*,#865,.F.);
#653=ORIENTED_EDGE('',*,*,#735,.F.);
#654=ORIENTED_EDGE('',*,*,#864,.T.);
#655=ORIENTED_EDGE('',*,*,#833,.F.);
#656=ORIENTED_EDGE('',*,*,#866,.F.);
#657=ORIENTED_EDGE('',*,*,#823,.F.);
#658=ORIENTED_EDGE('',*,*,#865,.T.);
#659=ORIENTED_EDGE('',*,*,#867,.F.);
#660=ORIENTED_EDGE('',*,*,#866,.T.);
#661=ORIENTED_EDGE('',*,*,#749,.F.);
#662=ORIENTED_EDGE('',*,*,#868,.F.);
#663=ORIENTED_EDGE('',*,*,#767,.F.);
#664=ORIENTED_EDGE('',*,*,#867,.T.);
#665=ORIENTED_EDGE('',*,*,#768,.F.);
#666=ORIENTED_EDGE('',*,*,#869,.F.);
#667=ORIENTED_EDGE('',*,*,#739,.F.);
#668=ORIENTED_EDGE('',*,*,#868,.T.);
#669=ORIENTED_EDGE('',*,*,#824,.F.);
#670=ORIENTED_EDGE('',*,*,#869,.T.);
#671=ORIENTED_EDGE('',*,*,#870,.F.);
#672=ORIENTED_EDGE('',*,*,#786,.F.);
#673=ORIENTED_EDGE('',*,*,#871,.F.);
#674=ORIENTED_EDGE('',*,*,#779,.F.);
#675=ORIENTED_EDGE('',*,*,#871,.T.);
#676=ORIENTED_EDGE('',*,*,#730,.F.);
#677=ORIENTED_EDGE('',*,*,#872,.F.);
#678=ORIENTED_EDGE('',*,*,#780,.F.);
#679=ORIENTED_EDGE('',*,*,#870,.T.);
#680=ORIENTED_EDGE('',*,*,#778,.F.);
#681=ORIENTED_EDGE('',*,*,#873,.F.);
#682=ORIENTED_EDGE('',*,*,#716,.F.);
#683=ORIENTED_EDGE('',*,*,#872,.T.);
#684=ORIENTED_EDGE('',*,*,#790,.F.);
#685=ORIENTED_EDGE('',*,*,#874,.F.);
#686=ORIENTED_EDGE('',*,*,#781,.F.);
#687=ORIENTED_EDGE('',*,*,#873,.T.);
#688=ORIENTED_EDGE('',*,*,#777,.F.);
#689=ORIENTED_EDGE('',*,*,#875,.F.);
#690=ORIENTED_EDGE('',*,*,#782,.F.);
#691=ORIENTED_EDGE('',*,*,#874,.T.);
#692=ORIENTED_EDGE('',*,*,#744,.F.);
#693=ORIENTED_EDGE('',*,*,#876,.F.);
#694=ORIENTED_EDGE('',*,*,#774,.F.);
#695=ORIENTED_EDGE('',*,*,#875,.T.);
#696=ORIENTED_EDGE('',*,*,#776,.F.);
#697=ORIENTED_EDGE('',*,*,#877,.F.);
#698=ORIENTED_EDGE('',*,*,#758,.F.);
#699=ORIENTED_EDGE('',*,*,#876,.T.);
#700=ORIENTED_EDGE('',*,*,#794,.F.);
#701=ORIENTED_EDGE('',*,*,#877,.T.);
#702=ORIENTED_EDGE('',*,*,#775,.F.);
#703=EDGE_CURVE('',#878,#878,#981,.F.);
#704=EDGE_CURVE('',#879,#879,#982,.F.);
#705=EDGE_CURVE('',#880,#880,#983,.T.);
#706=EDGE_CURVE('',#881,#881,#984,.T.);
#707=EDGE_CURVE('',#882,#882,#985,.F.);
#708=EDGE_CURVE('',#883,#883,#986,.T.);
#709=EDGE_CURVE('',#884,#884,#987,.T.);
#710=EDGE_CURVE('',#885,#886,#68,.T.);
#711=EDGE_CURVE('',#886,#887,#69,.T.);
#712=EDGE_CURVE('',#887,#888,#70,.F.);
#713=EDGE_CURVE('',#889,#888,#20,.F.);
#714=EDGE_CURVE('',#889,#890,#71,.T.);
#715=EDGE_CURVE('',#891,#890,#72,.T.);
#716=EDGE_CURVE('',#891,#892,#73,.F.);
#717=EDGE_CURVE('',#892,#893,#74,.T.);
#718=EDGE_CURVE('',#893,#894,#75,.T.);
#719=EDGE_CURVE('',#885,#894,#21,.F.);
#720=EDGE_CURVE('',#895,#896,#76,.T.);
#721=EDGE_CURVE('',#896,#897,#77,.F.);
#722=EDGE_CURVE('',#897,#898,#78,.F.);
#723=EDGE_CURVE('',#898,#895,#79,.T.);
#724=EDGE_CURVE('',#899,#900,#80,.T.);
#725=EDGE_CURVE('',#900,#901,#81,.T.);
#726=EDGE_CURVE('',#901,#902,#82,.F.);
#727=EDGE_CURVE('',#903,#902,#22,.F.);
#728=EDGE_CURVE('',#903,#904,#83,.T.);
#729=EDGE_CURVE('',#905,#904,#84,.T.);
#730=EDGE_CURVE('',#905,#906,#85,.F.);
#731=EDGE_CURVE('',#906,#907,#86,.T.);
#732=EDGE_CURVE('',#907,#908,#87,.T.);
#733=EDGE_CURVE('',#899,#908,#23,.F.);
#734=EDGE_CURVE('',#909,#910,#88,.T.);
#735=EDGE_CURVE('',#910,#911,#89,.F.);
#736=EDGE_CURVE('',#911,#912,#90,.F.);
#737=EDGE_CURVE('',#912,#909,#91,.T.);
#738=EDGE_CURVE('',#913,#914,#92,.F.);
#739=EDGE_CURVE('',#914,#915,#93,.F.);
#740=EDGE_CURVE('',#915,#916,#94,.T.);
#741=EDGE_CURVE('',#917,#916,#24,.F.);
#742=EDGE_CURVE('',#917,#918,#95,.T.);
#743=EDGE_CURVE('',#919,#918,#96,.T.);
#744=EDGE_CURVE('',#919,#920,#97,.T.);
#745=EDGE_CURVE('',#920,#921,#98,.F.);
#746=EDGE_CURVE('',#921,#922,#99,.T.);
#747=EDGE_CURVE('',#913,#922,#25,.F.);
#748=EDGE_CURVE('',#923,#924,#100,.T.);
#749=EDGE_CURVE('',#924,#925,#101,.F.);
#750=EDGE_CURVE('',#925,#926,#102,.F.);
#751=EDGE_CURVE('',#926,#923,#103,.T.);
#752=EDGE_CURVE('',#927,#928,#104,.F.);
#753=EDGE_CURVE('',#928,#929,#105,.F.);
#754=EDGE_CURVE('',#929,#930,#106,.T.);
#755=EDGE_CURVE('',#931,#930,#26,.F.);
#756=EDGE_CURVE('',#931,#932,#107,.T.);
#757=EDGE_CURVE('',#933,#932,#108,.T.);
#758=EDGE_CURVE('',#933,#934,#109,.T.);
#759=EDGE_CURVE('',#934,#935,#110,.F.);
#760=EDGE_CURVE('',#935,#936,#111,.T.);
#761=EDGE_CURVE('',#927,#936,#27,.F.);
#762=EDGE_CURVE('',#937,#938,#112,.T.);
#763=EDGE_CURVE('',#938,#939,#113,.F.);
#764=EDGE_CURVE('',#939,#940,#114,.F.);
#765=EDGE_CURVE('',#940,#937,#115,.T.);
#766=EDGE_CURVE('',#941,#942,#116,.T.);
#767=EDGE_CURVE('',#942,#943,#117,.T.);
#768=EDGE_CURVE('',#943,#944,#118,.T.);
#769=EDGE_CURVE('',#944,#945,#119,.T.);
#770=EDGE_CURVE('',#945,#946,#120,.F.);
#771=EDGE_CURVE('',#946,#947,#121,.T.);
#772=EDGE_CURVE('',#947,#948,#122,.F.);
#773=EDGE_CURVE('',#948,#941,#123,.T.);
#774=EDGE_CURVE('',#949,#950,#124,.F.);
#775=EDGE_CURVE('',#950,#951,#125,.T.);
#776=EDGE_CURVE('',#951,#952,#126,.T.);
#777=EDGE_CURVE('',#952,#953,#127,.T.);
#778=EDGE_CURVE('',#953,#954,#128,.T.);
#779=EDGE_CURVE('',#954,#955,#129,.T.);
#780=EDGE_CURVE('',#955,#956,#130,.F.);
#781=EDGE_CURVE('',#956,#949,#131,.T.);
#782=EDGE_CURVE('',#892,#933,#132,.F.);
#783=EDGE_CURVE('',#932,#957,#28,.T.);
#784=EDGE_CURVE('',#957,#958,#133,.T.);
#785=EDGE_CURVE('',#958,#893,#29,.T.);
#786=EDGE_CURVE('',#906,#891,#134,.F.);
#787=EDGE_CURVE('',#890,#959,#30,.T.);
#788=EDGE_CURVE('',#959,#960,#135,.T.);
#789=EDGE_CURVE('',#960,#907,#31,.T.);
#790=EDGE_CURVE('',#920,#905,#136,.F.);
#791=EDGE_CURVE('',#904,#961,#32,.T.);
#792=EDGE_CURVE('',#961,#962,#137,.T.);
#793=EDGE_CURVE('',#962,#921,#33,.T.);
#794=EDGE_CURVE('',#934,#919,#138,.F.);
#795=EDGE_CURVE('',#918,#963,#34,.T.);
#796=EDGE_CURVE('',#963,#964,#139,.T.);
#797=EDGE_CURVE('',#964,#935,#35,.T.);
#798=EDGE_CURVE('',#965,#966,#140,.T.);
#799=EDGE_CURVE('',#966,#967,#141,.F.);
#800=EDGE_CURVE('',#967,#968,#142,.T.);
#801=EDGE_CURVE('',#968,#965,#143,.T.);
#802=EDGE_CURVE('',#969,#970,#144,.T.);
#803=EDGE_CURVE('',#970,#971,#145,.F.);
#804=EDGE_CURVE('',#971,#972,#146,.T.);
#805=EDGE_CURVE('',#972,#969,#147,.T.);
#806=EDGE_CURVE('',#973,#974,#148,.T.);
#807=EDGE_CURVE('',#974,#975,#149,.F.);
#808=EDGE_CURVE('',#975,#976,#150,.T.);
#809=EDGE_CURVE('',#976,#973,#151,.T.);
#810=EDGE_CURVE('',#977,#978,#152,.T.);
#811=EDGE_CURVE('',#978,#979,#153,.F.);
#812=EDGE_CURVE('',#979,#980,#154,.T.);
#813=EDGE_CURVE('',#980,#977,#155,.T.);
#814=EDGE_CURVE('',#901,#910,#988,.F.);
#815=EDGE_CURVE('',#902,#909,#36,.F.);
#816=EDGE_CURVE('',#978,#903,#37,.F.);
#817=EDGE_CURVE('',#961,#977,#38,.T.);
#818=EDGE_CURVE('',#978,#909,#39,.T.);
#819=EDGE_CURVE('',#962,#980,#40,.T.);
#820=EDGE_CURVE('',#979,#912,#41,.F.);
#821=EDGE_CURVE('',#922,#979,#42,.F.);
#822=EDGE_CURVE('',#913,#912,#43,.T.);
#823=EDGE_CURVE('',#911,#914,#989,.F.);
#824=EDGE_CURVE('',#915,#924,#990,.F.);
#825=EDGE_CURVE('',#916,#923,#44,.F.);
#826=EDGE_CURVE('',#966,#917,#45,.F.);
#827=EDGE_CURVE('',#963,#965,#46,.T.);
#828=EDGE_CURVE('',#966,#923,#47,.T.);
#829=EDGE_CURVE('',#964,#968,#48,.T.);
#830=EDGE_CURVE('',#967,#926,#49,.F.);
#831=EDGE_CURVE('',#936,#967,#50,.F.);
#832=EDGE_CURVE('',#927,#926,#51,.T.);
#833=EDGE_CURVE('',#925,#928,#991,.F.);
#834=EDGE_CURVE('',#929,#938,#992,.F.);
#835=EDGE_CURVE('',#930,#937,#52,.F.);
#836=EDGE_CURVE('',#970,#931,#53,.F.);
#837=EDGE_CURVE('',#957,#969,#54,.T.);
#838=EDGE_CURVE('',#970,#937,#55,.T.);
#839=EDGE_CURVE('',#958,#972,#56,.T.);
#840=EDGE_CURVE('',#971,#940,#57,.F.);
#841=EDGE_CURVE('',#894,#971,#58,.F.);
#842=EDGE_CURVE('',#885,#940,#59,.T.);
#843=EDGE_CURVE('',#939,#886,#993,.F.);
#844=EDGE_CURVE('',#887,#896,#994,.F.);
#845=EDGE_CURVE('',#888,#895,#60,.F.);
#846=EDGE_CURVE('',#974,#889,#61,.F.);
#847=EDGE_CURVE('',#959,#973,#62,.T.);
#848=EDGE_CURVE('',#974,#895,#63,.T.);
#849=EDGE_CURVE('',#960,#976,#64,.T.);
#850=EDGE_CURVE('',#975,#898,#65,.F.);
#851=EDGE_CURVE('',#908,#975,#66,.F.);
#852=EDGE_CURVE('',#899,#898,#67,.T.);
#853=EDGE_CURVE('',#897,#900,#995,.F.);
#854=EDGE_CURVE('',#896,#947,#156,.F.);
#855=EDGE_CURVE('',#947,#887,#157,.T.);
#856=EDGE_CURVE('',#948,#886,#158,.T.);
#857=EDGE_CURVE('',#897,#946,#159,.F.);
#858=EDGE_CURVE('',#948,#939,#160,.T.);
#859=EDGE_CURVE('',#900,#946,#161,.F.);
#860=EDGE_CURVE('',#941,#938,#162,.T.);
#861=EDGE_CURVE('',#901,#945,#163,.F.);
#862=EDGE_CURVE('',#941,#929,#164,.T.);
#863=EDGE_CURVE('',#910,#945,#165,.F.);
#864=EDGE_CURVE('',#942,#928,#166,.T.);
#865=EDGE_CURVE('',#911,#944,#167,.F.);
#866=EDGE_CURVE('',#942,#925,#168,.T.);
#867=EDGE_CURVE('',#914,#944,#169,.F.);
#868=EDGE_CURVE('',#943,#924,#170,.T.);
#869=EDGE_CURVE('',#915,#943,#171,.F.);
#870=EDGE_CURVE('',#891,#954,#172,.T.);
#871=EDGE_CURVE('',#955,#906,#173,.T.);
#872=EDGE_CURVE('',#956,#905,#174,.T.);
#873=EDGE_CURVE('',#892,#953,#175,.T.);
#874=EDGE_CURVE('',#949,#920,#176,.T.);
#875=EDGE_CURVE('',#933,#952,#177,.T.);
#876=EDGE_CURVE('',#950,#919,#178,.T.);
#877=EDGE_CURVE('',#934,#951,#179,.T.);
#878=VERTEX_POINT('',#1678);
#879=VERTEX_POINT('',#1680);
#880=VERTEX_POINT('',#1683);
#881=VERTEX_POINT('',#1685);
#882=VERTEX_POINT('',#1688);
#883=VERTEX_POINT('',#1690);
#884=VERTEX_POINT('',#1694);
#885=VERTEX_POINT('',#1698);
#886=VERTEX_POINT('',#1699);
#887=VERTEX_POINT('',#1701);
#888=VERTEX_POINT('',#1703);
#889=VERTEX_POINT('',#1708);
#890=VERTEX_POINT('',#1710);
#891=VERTEX_POINT('',#1712);
#892=VERTEX_POINT('',#1714);
#893=VERTEX_POINT('',#1716);
#894=VERTEX_POINT('',#1718);
#895=VERTEX_POINT('',#1725);
#896=VERTEX_POINT('',#1726);
#897=VERTEX_POINT('',#1728);
#898=VERTEX_POINT('',#1730);
#899=VERTEX_POINT('',#1734);
#900=VERTEX_POINT('',#1735);
#901=VERTEX_POINT('',#1737);
#902=VERTEX_POINT('',#1739);
#903=VERTEX_POINT('',#1744);
#904=VERTEX_POINT('',#1746);
#905=VERTEX_POINT('',#1748);
#906=VERTEX_POINT('',#1750);
#907=VERTEX_POINT('',#1752);
#908=VERTEX_POINT('',#1754);
#909=VERTEX_POINT('',#1761);
#910=VERTEX_POINT('',#1762);
#911=VERTEX_POINT('',#1764);
#912=VERTEX_POINT('',#1766);
#913=VERTEX_POINT('',#1770);
#914=VERTEX_POINT('',#1771);
#915=VERTEX_POINT('',#1773);
#916=VERTEX_POINT('',#1775);
#917=VERTEX_POINT('',#1780);
#918=VERTEX_POINT('',#1782);
#919=VERTEX_POINT('',#1784);
#920=VERTEX_POINT('',#1786);
#921=VERTEX_POINT('',#1788);
#922=VERTEX_POINT('',#1790);
#923=VERTEX_POINT('',#1797);
#924=VERTEX_POINT('',#1798);
#925=VERTEX_POINT('',#1800);
#926=VERTEX_POINT('',#1802);
#927=VERTEX_POINT('',#1806);
#928=VERTEX_POINT('',#1807);
#929=VERTEX_POINT('',#1809);
#930=VERTEX_POINT('',#1811);
#931=VERTEX_POINT('',#1816);
#932=VERTEX_POINT('',#1818);
#933=VERTEX_POINT('',#1820);
#934=VERTEX_POINT('',#1822);
#935=VERTEX_POINT('',#1824);
#936=VERTEX_POINT('',#1826);
#937=VERTEX_POINT('',#1833);
#938=VERTEX_POINT('',#1834);
#939=VERTEX_POINT('',#1836);
#940=VERTEX_POINT('',#1838);
#941=VERTEX_POINT('',#1842);
#942=VERTEX_POINT('',#1843);
#943=VERTEX_POINT('',#1845);
#944=VERTEX_POINT('',#1847);
#945=VERTEX_POINT('',#1849);
#946=VERTEX_POINT('',#1851);
#947=VERTEX_POINT('',#1853);
#948=VERTEX_POINT('',#1855);
#949=VERTEX_POINT('',#1859);
#950=VERTEX_POINT('',#1860);
#951=VERTEX_POINT('',#1862);
#952=VERTEX_POINT('',#1864);
#953=VERTEX_POINT('',#1866);
#954=VERTEX_POINT('',#1868);
#955=VERTEX_POINT('',#1870);
#956=VERTEX_POINT('',#1872);
#957=VERTEX_POINT('',#1880);
#958=VERTEX_POINT('',#1882);
#959=VERTEX_POINT('',#1893);
#960=VERTEX_POINT('',#1895);
#961=VERTEX_POINT('',#1906);
#962=VERTEX_POINT('',#1908);
#963=VERTEX_POINT('',#1919);
#964=VERTEX_POINT('',#1921);
#965=VERTEX_POINT('',#1928);
#966=VERTEX_POINT('',#1929);
#967=VERTEX_POINT('',#1931);
#968=VERTEX_POINT('',#1933);
#969=VERTEX_POINT('',#1937);
#970=VERTEX_POINT('',#1938);
#971=VERTEX_POINT('',#1940);
#972=VERTEX_POINT('',#1942);
#973=VERTEX_POINT('',#1946);
#974=VERTEX_POINT('',#1947);
#975=VERTEX_POINT('',#1949);
#976=VERTEX_POINT('',#1951);
#977=VERTEX_POINT('',#1955);
#978=VERTEX_POINT('',#1956);
#979=VERTEX_POINT('',#1958);
#980=VERTEX_POINT('',#1960);
#981=CIRCLE('',#1277,0.0035);
#982=CIRCLE('',#1278,0.00325);
#983=CIRCLE('',#1280,0.00325);
#984=CIRCLE('',#1281,0.003);
#985=CIRCLE('',#1283,0.0028);
#986=CIRCLE('',#1284,0.00255);
#987=CIRCLE('',#1287,0.00255);
#988=CIRCLE('',#1308,0.00025);
#989=CIRCLE('',#1316,0.00025);
#990=CIRCLE('',#1318,0.00025);
#991=CIRCLE('',#1326,0.00025);
#992=CIRCLE('',#1328,0.00025);
#993=CIRCLE('',#1336,0.00025);
#994=CIRCLE('',#1338,0.00025);
#995=CIRCLE('',#1346,0.00025);
#996=EDGE_LOOP('',(#353));
#997=EDGE_LOOP('',(#354));
#998=EDGE_LOOP('',(#355));
#999=EDGE_LOOP('',(#356));
#1000=EDGE_LOOP('',(#357));
#1001=EDGE_LOOP('',(#358));
#1002=EDGE_LOOP('',(#359));
#1003=EDGE_LOOP('',(#360));
#1004=EDGE_LOOP('',(#361));
#1005=EDGE_LOOP('',(#362));
#1006=EDGE_LOOP('',(#363));
#1007=EDGE_LOOP('',(#364));
#1008=EDGE_LOOP('',(#365,#366,#367,#368,#369,#370,#371,#372,#373,#374));
#1009=EDGE_LOOP('',(#375,#376,#377,#378));
#1010=EDGE_LOOP('',(#379,#380,#381,#382,#383,#384,#385,#386,#387,#388));
#1011=EDGE_LOOP('',(#389,#390,#391,#392));
#1012=EDGE_LOOP('',(#393,#394,#395,#396,#397,#398,#399,#400,#401,#402));
#1013=EDGE_LOOP('',(#403,#404,#405,#406));
#1014=EDGE_LOOP('',(#407,#408,#409,#410,#411,#412,#413,#414,#415,#416));
#1015=EDGE_LOOP('',(#417,#418,#419,#420));
#1016=EDGE_LOOP('',(#421,#422,#423,#424,#425,#426,#427,#428));
#1017=EDGE_LOOP('',(#429));
#1018=EDGE_LOOP('',(#430,#431,#432,#433,#434,#435,#436,#437));
#1019=EDGE_LOOP('',(#438));
#1020=EDGE_LOOP('',(#439,#440,#441,#442,#443,#444));
#1021=EDGE_LOOP('',(#445,#446,#447,#448,#449,#450));
#1022=EDGE_LOOP('',(#451,#452,#453,#454,#455,#456));
#1023=EDGE_LOOP('',(#457,#458,#459,#460,#461,#462));
#1024=EDGE_LOOP('',(#463,#464,#465,#466));
#1025=EDGE_LOOP('',(#467,#468,#469,#470));
#1026=EDGE_LOOP('',(#471,#472,#473,#474));
#1027=EDGE_LOOP('',(#475,#476,#477,#478));
#1028=EDGE_LOOP('',(#479,#480,#481,#482));
#1029=EDGE_LOOP('',(#483,#484,#485,#486,#487));
#1030=EDGE_LOOP('',(#488,#489,#490,#491));
#1031=EDGE_LOOP('',(#492,#493,#494,#495));
#1032=EDGE_LOOP('',(#496,#497,#498,#499));
#1033=EDGE_LOOP('',(#500,#501,#502,#503,#504));
#1034=EDGE_LOOP('',(#505,#506,#507,#508));
#1035=EDGE_LOOP('',(#509,#510,#511,#512));
#1036=EDGE_LOOP('',(#513,#514,#515,#516));
#1037=EDGE_LOOP('',(#517,#518,#519,#520,#521));
#1038=EDGE_LOOP('',(#522,#523,#524,#525));
#1039=EDGE_LOOP('',(#526,#527,#528,#529));
#1040=EDGE_LOOP('',(#530,#531,#532,#533));
#1041=EDGE_LOOP('',(#534,#535,#536,#537,#538));
#1042=EDGE_LOOP('',(#539,#540,#541,#542));
#1043=EDGE_LOOP('',(#543,#544,#545,#546));
#1044=EDGE_LOOP('',(#547,#548,#549,#550));
#1045=EDGE_LOOP('',(#551,#552,#553,#554,#555));
#1046=EDGE_LOOP('',(#556,#557,#558,#559));
#1047=EDGE_LOOP('',(#560,#561,#562,#563));
#1048=EDGE_LOOP('',(#564,#565,#566,#567));
#1049=EDGE_LOOP('',(#568,#569,#570,#571,#572));
#1050=EDGE_LOOP('',(#573,#574,#575,#576));
#1051=EDGE_LOOP('',(#577,#578,#579,#580));
#1052=EDGE_LOOP('',(#581,#582,#583,#584));
#1053=EDGE_LOOP('',(#585,#586,#587,#588,#589));
#1054=EDGE_LOOP('',(#590,#591,#592,#593));
#1055=EDGE_LOOP('',(#594,#595,#596,#597));
#1056=EDGE_LOOP('',(#598,#599,#600,#601));
#1057=EDGE_LOOP('',(#602,#603,#604,#605,#606));
#1058=EDGE_LOOP('',(#607,#608,#609,#610));
#1059=EDGE_LOOP('',(#611,#612,#613,#614));
#1060=EDGE_LOOP('',(#615,#616,#617));
#1061=EDGE_LOOP('',(#618,#619,#620,#621));
#1062=EDGE_LOOP('',(#622,#623,#624,#625));
#1063=EDGE_LOOP('',(#626,#627,#628));
#1064=EDGE_LOOP('',(#629,#630,#631));
#1065=EDGE_LOOP('',(#632,#633,#634,#635));
#1066=EDGE_LOOP('',(#636,#637,#638,#639));
#1067=EDGE_LOOP('',(#640,#641,#642));
#1068=EDGE_LOOP('',(#643,#644,#645));
#1069=EDGE_LOOP('',(#646,#647,#648,#649));
#1070=EDGE_LOOP('',(#650,#651,#652,#653));
#1071=EDGE_LOOP('',(#654,#655,#656));
#1072=EDGE_LOOP('',(#657,#658,#659));
#1073=EDGE_LOOP('',(#660,#661,#662,#663));
#1074=EDGE_LOOP('',(#664,#665,#666,#667));
#1075=EDGE_LOOP('',(#668,#669,#670));
#1076=EDGE_LOOP('',(#671,#672,#673,#674));
#1077=EDGE_LOOP('',(#675,#676,#677,#678));
#1078=EDGE_LOOP('',(#679,#680,#681,#682));
#1079=EDGE_LOOP('',(#683,#684,#685,#686));
#1080=EDGE_LOOP('',(#687,#688,#689,#690));
#1081=EDGE_LOOP('',(#691,#692,#693,#694));
#1082=EDGE_LOOP('',(#695,#696,#697,#698));
#1083=EDGE_LOOP('',(#699,#700,#701,#702));
#1084=FACE_BOUND('',#996,.T.);
#1085=FACE_BOUND('',#997,.T.);
#1086=FACE_BOUND('',#998,.T.);
#1087=FACE_BOUND('',#999,.T.);
#1088=FACE_BOUND('',#1000,.T.);
#1089=FACE_BOUND('',#1001,.T.);
#1090=FACE_BOUND('',#1002,.T.);
#1091=FACE_BOUND('',#1003,.T.);
#1092=FACE_BOUND('',#1004,.T.);
#1093=FACE_BOUND('',#1005,.T.);
#1094=FACE_BOUND('',#1006,.T.);
#1095=FACE_BOUND('',#1007,.T.);
#1096=FACE_BOUND('',#1008,.T.);
#1097=FACE_BOUND('',#1009,.T.);
#1098=FACE_BOUND('',#1010,.T.);
#1099=FACE_BOUND('',#1011,.T.);
#1100=FACE_BOUND('',#1012,.T.);
#1101=FACE_BOUND('',#1013,.T.);
#1102=FACE_BOUND('',#1014,.T.);
#1103=FACE_BOUND('',#1015,.T.);
#1104=FACE_BOUND('',#1016,.T.);
#1105=FACE_BOUND('',#1017,.T.);
#1106=FACE_BOUND('',#1018,.T.);
#1107=FACE_BOUND('',#1019,.T.);
#1108=FACE_BOUND('',#1020,.T.);
#1109=FACE_BOUND('',#1021,.T.);
#1110=FACE_BOUND('',#1022,.T.);
#1111=FACE_BOUND('',#1023,.T.);
#1112=FACE_BOUND('',#1024,.T.);
#1113=FACE_BOUND('',#1025,.T.);
#1114=FACE_BOUND('',#1026,.T.);
#1115=FACE_BOUND('',#1027,.T.);
#1116=FACE_BOUND('',#1028,.T.);
#1117=FACE_BOUND('',#1029,.T.);
#1118=FACE_BOUND('',#1030,.T.);
#1119=FACE_BOUND('',#1031,.T.);
#1120=FACE_BOUND('',#1032,.T.);
#1121=FACE_BOUND('',#1033,.T.);
#1122=FACE_BOUND('',#1034,.T.);
#1123=FACE_BOUND('',#1035,.T.);
#1124=FACE_BOUND('',#1036,.T.);
#1125=FACE_BOUND('',#1037,.T.);
#1126=FACE_BOUND('',#1038,.T.);
#1127=FACE_BOUND('',#1039,.T.);
#1128=FACE_BOUND('',#1040,.T.);
#1129=FACE_BOUND('',#1041,.T.);
#1130=FACE_BOUND('',#1042,.T.);
#1131=FACE_BOUND('',#1043,.T.);
#1132=FACE_BOUND('',#1044,.T.);
#1133=FACE_BOUND('',#1045,.T.);
#1134=FACE_BOUND('',#1046,.T.);
#1135=FACE_BOUND('',#1047,.T.);
#1136=FACE_BOUND('',#1048,.T.);
#1137=FACE_BOUND('',#1049,.T.);
#1138=FACE_BOUND('',#1050,.T.);
#1139=FACE_BOUND('',#1051,.T.);
#1140=FACE_BOUND('',#1052,.T.);
#1141=FACE_BOUND('',#1053,.T.);
#1142=FACE_BOUND('',#1054,.T.);
#1143=FACE_BOUND('',#1055,.T.);
#1144=FACE_BOUND('',#1056,.T.);
#1145=FACE_BOUND('',#1057,.T.);
#1146=FACE_BOUND('',#1058,.T.);
#1147=FACE_BOUND('',#1059,.T.);
#1148=FACE_BOUND('',#1060,.T.);
#1149=FACE_BOUND('',#1061,.T.);
#1150=FACE_BOUND('',#1062,.T.);
#1151=FACE_BOUND('',#1063,.T.);
#1152=FACE_BOUND('',#1064,.T.);
#1153=FACE_BOUND('',#1065,.T.);
#1154=FACE_BOUND('',#1066,.T.);
#1155=FACE_BOUND('',#1067,.T.);
#1156=FACE_BOUND('',#1068,.T.);
#1157=FACE_BOUND('',#1069,.T.);
#1158=FACE_BOUND('',#1070,.T.);
#1159=FACE_BOUND('',#1071,.T.);
#1160=FACE_BOUND('',#1072,.T.);
#1161=FACE_BOUND('',#1073,.T.);
#1162=FACE_BOUND('',#1074,.T.);
#1163=FACE_BOUND('',#1075,.T.);
#1164=FACE_BOUND('',#1076,.T.);
#1165=FACE_BOUND('',#1077,.T.);
#1166=FACE_BOUND('',#1078,.T.);
#1167=FACE_BOUND('',#1079,.T.);
#1168=FACE_BOUND('',#1080,.T.);
#1169=FACE_BOUND('',#1081,.T.);
#1170=FACE_BOUND('',#1082,.T.);
#1171=FACE_BOUND('',#1083,.T.);
#1172=CONICAL_SURFACE('',#1276,0.00325,0.78539816339745);
#1173=CONICAL_SURFACE('',#1279,0.003,0.78539816339745);
#1174=CONICAL_SURFACE('',#1282,0.00255,0.785398163397443);
#1175=CONICAL_SURFACE('',#1347,0.00025,0.785398163397448);
#1176=CONICAL_SURFACE('',#1350,0.00025,0.785398163397448);
#1177=CONICAL_SURFACE('',#1351,0.00025,0.785398163397448);
#1178=CONICAL_SURFACE('',#1354,0.00025,0.785398163397448);
#1179=CONICAL_SURFACE('',#1355,0.00025,0.785398163397448);
#1180=CONICAL_SURFACE('',#1358,0.00025,0.785398163397448);
#1181=CONICAL_SURFACE('',#1359,0.00025,0.785398163397448);
#1182=CONICAL_SURFACE('',#1362,0.00025,0.785398163397448);
#1183=ADVANCED_FACE('',(#1084,#1085),#1172,.F.);
#1184=ADVANCED_FACE('',(#1086,#1087),#1173,.F.);
#1185=ADVANCED_FACE('',(#1088,#1089),#1174,.F.);
#1186=ADVANCED_FACE('',(#1090,#1091),#327,.F.);
#1187=ADVANCED_FACE('',(#1092,#1093),#328,.F.);
#1188=ADVANCED_FACE('',(#1094,#1095),#292,.F.);
#1189=ADVANCED_FACE('',(#1096),#293,.T.);
#1190=ADVANCED_FACE('',(#1097),#294,.T.);
#1191=ADVANCED_FACE('',(#1098),#295,.T.);
#1192=ADVANCED_FACE('',(#1099),#296,.T.);
#1193=ADVANCED_FACE('',(#1100),#297,.T.);
#1194=ADVANCED_FACE('',(#1101),#298,.T.);
#1195=ADVANCED_FACE('',(#1102),#299,.T.);
#1196=ADVANCED_FACE('',(#1103),#300,.T.);
#1197=ADVANCED_FACE('',(#1104,#1105),#301,.T.);
#1198=ADVANCED_FACE('',(#1106,#1107),#302,.T.);
#1199=ADVANCED_FACE('',(#1108),#303,.F.);
#1200=ADVANCED_FACE('',(#1109),#304,.F.);
#1201=ADVANCED_FACE('',(#1110),#305,.F.);
#1202=ADVANCED_FACE('',(#1111),#306,.F.);
#1203=ADVANCED_FACE('',(#1112),#307,.F.);
#1204=ADVANCED_FACE('',(#1113),#308,.F.);
#1205=ADVANCED_FACE('',(#1114),#309,.F.);
#1206=ADVANCED_FACE('',(#1115),#310,.F.);
#1207=ADVANCED_FACE('',(#1116),#329,.T.);
#1208=ADVANCED_FACE('',(#1117),#330,.T.);
#1209=ADVANCED_FACE('',(#1118),#12,.T.);
#1210=ADVANCED_FACE('',(#1119),#331,.T.);
#1211=ADVANCED_FACE('',(#1120),#332,.F.);
#1212=ADVANCED_FACE('',(#1121),#333,.T.);
#1213=ADVANCED_FACE('',(#1122),#13,.T.);
#1214=ADVANCED_FACE('',(#1123),#334,.T.);
#1215=ADVANCED_FACE('',(#1124),#335,.T.);
#1216=ADVANCED_FACE('',(#1125),#336,.T.);
#1217=ADVANCED_FACE('',(#1126),#14,.T.);
#1218=ADVANCED_FACE('',(#1127),#337,.T.);
#1219=ADVANCED_FACE('',(#1128),#338,.F.);
#1220=ADVANCED_FACE('',(#1129),#339,.T.);
#1221=ADVANCED_FACE('',(#1130),#15,.T.);
#1222=ADVANCED_FACE('',(#1131),#340,.T.);
#1223=ADVANCED_FACE('',(#1132),#341,.T.);
#1224=ADVANCED_FACE('',(#1133),#342,.T.);
#1225=ADVANCED_FACE('',(#1134),#16,.T.);
#1226=ADVANCED_FACE('',(#1135),#343,.T.);
#1227=ADVANCED_FACE('',(#1136),#344,.F.);
#1228=ADVANCED_FACE('',(#1137),#345,.T.);
#1229=ADVANCED_FACE('',(#1138),#17,.T.);
#1230=ADVANCED_FACE('',(#1139),#346,.T.);
#1231=ADVANCED_FACE('',(#1140),#347,.T.);
#1232=ADVANCED_FACE('',(#1141),#348,.T.);
#1233=ADVANCED_FACE('',(#1142),#18,.T.);
#1234=ADVANCED_FACE('',(#1143),#349,.T.);
#1235=ADVANCED_FACE('',(#1144),#350,.F.);
#1236=ADVANCED_FACE('',(#1145),#351,.T.);
#1237=ADVANCED_FACE('',(#1146),#19,.T.);
#1238=ADVANCED_FACE('',(#1147),#352,.T.);
#1239=ADVANCED_FACE('',(#1148),#1175,.T.);
#1240=ADVANCED_FACE('',(#1149),#311,.F.);
#1241=ADVANCED_FACE('',(#1150),#312,.F.);
#1242=ADVANCED_FACE('',(#1151),#1176,.T.);
#1243=ADVANCED_FACE('',(#1152),#1177,.T.);
#1244=ADVANCED_FACE('',(#1153),#313,.F.);
#1245=ADVANCED_FACE('',(#1154),#314,.F.);
#1246=ADVANCED_FACE('',(#1155),#1178,.T.);
#1247=ADVANCED_FACE('',(#1156),#1179,.T.);
#1248=ADVANCED_FACE('',(#1157),#315,.F.);
#1249=ADVANCED_FACE('',(#1158),#316,.F.);
#1250=ADVANCED_FACE('',(#1159),#1180,.T.);
#1251=ADVANCED_FACE('',(#1160),#1181,.T.);
#1252=ADVANCED_FACE('',(#1161),#317,.F.);
#1253=ADVANCED_FACE('',(#1162),#318,.F.);
#1254=ADVANCED_FACE('',(#1163),#1182,.T.);
#1255=ADVANCED_FACE('',(#1164),#319,.T.);
#1256=ADVANCED_FACE('',(#1165),#320,.F.);
#1257=ADVANCED_FACE('',(#1166),#321,.F.);
#1258=ADVANCED_FACE('',(#1167),#322,.T.);
#1259=ADVANCED_FACE('',(#1168),#323,.T.);
#1260=ADVANCED_FACE('',(#1169),#324,.F.);
#1261=ADVANCED_FACE('',(#1170),#325,.F.);
#1262=ADVANCED_FACE('',(#1171),#326,.T.);
#1263=CLOSED_SHELL('',(#1183,#1184,#1185,#1186,#1187,#1188,#1189,#1190,
#1191,#1192,#1193,#1194,#1195,#1196,#1197,#1198,#1199,#1200,#1201,#1202,
#1203,#1204,#1205,#1206,#1207,#1208,#1209,#1210,#1211,#1212,#1213,#1214,
#1215,#1216,#1217,#1218,#1219,#1220,#1221,#1222,#1223,#1224,#1225,#1226,
#1227,#1228,#1229,#1230,#1231,#1232,#1233,#1234,#1235,#1236,#1237,#1238,
#1239,#1240,#1241,#1242,#1243,#1244,#1245,#1246,#1247,#1248,#1249,#1250,
#1251,#1252,#1253,#1254,#1255,#1256,#1257,#1258,#1259,#1260,#1261,#1262));
#1264=STYLED_ITEM('',(#1265),#1272);
#1265=PRESENTATION_STYLE_ASSIGNMENT((#1266));
#1266=SURFACE_STYLE_USAGE(.BOTH.,#1267);
#1267=SURFACE_SIDE_STYLE('',(#1268));
#1268=SURFACE_STYLE_FILL_AREA(#1269);
#1269=FILL_AREA_STYLE('',(#1270));
#1270=FILL_AREA_STYLE_COLOUR('',#1271);
#1271=COLOUR_RGB('',0.792156862745098,0.819607843137255,0.933333333333333);
#1272=MANIFOLD_SOLID_BREP('[a]_magnet_holder_1x',#1263);
#1273=SHAPE_DEFINITION_REPRESENTATION(#2184,#1274);
#1274=SHAPE_REPRESENTATION('[a]_magnet_holder_1x',(#1275),#2179);
#1275=AXIS2_PLACEMENT_3D('',#1675,#1371,#1372);
#1276=AXIS2_PLACEMENT_3D('',#1676,#1373,#1374);
#1277=AXIS2_PLACEMENT_3D('',#1677,#1375,#1376);
#1278=AXIS2_PLACEMENT_3D('',#1679,#1377,#1378);
#1279=AXIS2_PLACEMENT_3D('',#1681,#1379,#1380);
#1280=AXIS2_PLACEMENT_3D('',#1682,#1381,#1382);
#1281=AXIS2_PLACEMENT_3D('',#1684,#1383,#1384);
#1282=AXIS2_PLACEMENT_3D('',#1686,#1385,#1386);
#1283=AXIS2_PLACEMENT_3D('',#1687,#1387,#1388);
#1284=AXIS2_PLACEMENT_3D('',#1689,#1389,#1390);
#1285=AXIS2_PLACEMENT_3D('',#1691,#1391,#1392);
#1286=AXIS2_PLACEMENT_3D('',#1692,#1393,#1394);
#1287=AXIS2_PLACEMENT_3D('',#1693,#1395,#1396);
#1288=AXIS2_PLACEMENT_3D('',#1695,#1397,#1398);
#1289=AXIS2_PLACEMENT_3D('',#1696,#1399,#1400);
#1290=AXIS2_PLACEMENT_3D('',#1723,#1409,#1410);
#1291=AXIS2_PLACEMENT_3D('',#1732,#1415,#1416);
#1292=AXIS2_PLACEMENT_3D('',#1759,#1425,#1426);
#1293=AXIS2_PLACEMENT_3D('',#1768,#1431,#1432);
#1294=AXIS2_PLACEMENT_3D('',#1795,#1441,#1442);
#1295=AXIS2_PLACEMENT_3D('',#1804,#1447,#1448);
#1296=AXIS2_PLACEMENT_3D('',#1831,#1457,#1458);
#1297=AXIS2_PLACEMENT_3D('',#1840,#1463,#1464);
#1298=AXIS2_PLACEMENT_3D('',#1857,#1473,#1474);
#1299=AXIS2_PLACEMENT_3D('',#1874,#1483,#1484);
#1300=AXIS2_PLACEMENT_3D('',#1887,#1487,#1488);
#1301=AXIS2_PLACEMENT_3D('',#1900,#1491,#1492);
#1302=AXIS2_PLACEMENT_3D('',#1913,#1495,#1496);
#1303=AXIS2_PLACEMENT_3D('',#1926,#1499,#1500);
#1304=AXIS2_PLACEMENT_3D('',#1935,#1505,#1506);
#1305=AXIS2_PLACEMENT_3D('',#1944,#1511,#1512);
#1306=AXIS2_PLACEMENT_3D('',#1953,#1517,#1518);
#1307=AXIS2_PLACEMENT_3D('',#1962,#1523,#1524);
#1308=AXIS2_PLACEMENT_3D('',#1963,#1525,#1526);
#1309=AXIS2_PLACEMENT_3D('',#1968,#1527,#1528);
#1310=AXIS2_PLACEMENT_3D('',#1977,#1529,#1530);
#1311=AXIS2_PLACEMENT_3D('',#1982,#1531,#1532);
#1312=AXIS2_PLACEMENT_3D('',#1987,#1533,#1534);
#1313=AXIS2_PLACEMENT_3D('',#1992,#1535,#1536);
#1314=AXIS2_PLACEMENT_3D('',#1997,#1537,#1538);
#1315=AXIS2_PLACEMENT_3D('',#2002,#1539,#1540);
#1316=AXIS2_PLACEMENT_3D('',#2003,#1541,#1542);
#1317=AXIS2_PLACEMENT_3D('',#2004,#1543,#1544);
#1318=AXIS2_PLACEMENT_3D('',#2005,#1545,#1546);
#1319=AXIS2_PLACEMENT_3D('',#2010,#1547,#1548);
#1320=AXIS2_PLACEMENT_3D('',#2019,#1549,#1550);
#1321=AXIS2_PLACEMENT_3D('',#2024,#1551,#1552);
#1322=AXIS2_PLACEMENT_3D('',#2029,#1553,#1554);
#1323=AXIS2_PLACEMENT_3D('',#2034,#1555,#1556);
#1324=AXIS2_PLACEMENT_3D('',#2039,#1557,#1558);
#1325=AXIS2_PLACEMENT_3D('',#2044,#1559,#1560);
#1326=AXIS2_PLACEMENT_3D('',#2045,#1561,#1562);
#1327=AXIS2_PLACEMENT_3D('',#2046,#1563,#1564);
#1328=AXIS2_PLACEMENT_3D('',#2047,#1565,#1566);
#1329=AXIS2_PLACEMENT_3D('',#2052,#1567,#1568);
#1330=AXIS2_PLACEMENT_3D('',#2061,#1569,#1570);
#1331=AXIS2_PLACEMENT_3D('',#2066,#1571,#1572);
#1332=AXIS2_PLACEMENT_3D('',#2071,#1573,#1574);
#1333=AXIS2_PLACEMENT_3D('',#2076,#1575,#1576);
#1334=AXIS2_PLACEMENT_3D('',#2081,#1577,#1578);
#1335=AXIS2_PLACEMENT_3D('',#2086,#1579,#1580);
#1336=AXIS2_PLACEMENT_3D('',#2087,#1581,#1582);
#1337=AXIS2_PLACEMENT_3D('',#2088,#1583,#1584);
#1338=AXIS2_PLACEMENT_3D('',#2089,#1585,#1586);
#1339=AXIS2_PLACEMENT_3D('',#2094,#1587,#1588);
#1340=AXIS2_PLACEMENT_3D('',#2103,#1589,#1590);
#1341=AXIS2_PLACEMENT_3D('',#2108,#1591,#1592);
#1342=AXIS2_PLACEMENT_3D('',#2113,#1593,#1594);
#1343=AXIS2_PLACEMENT_3D('',#2118,#1595,#1596);
#1344=AXIS2_PLACEMENT_3D('',#2123,#1597,#1598);
#1345=AXIS2_PLACEMENT_3D('',#2128,#1599,#1600);
#1346=AXIS2_PLACEMENT_3D('',#2129,#1601,#1602);
#1347=AXIS2_PLACEMENT_3D('',#2130,#1603,#1604);
#1348=AXIS2_PLACEMENT_3D('',#2133,#1607,#1608);
#1349=AXIS2_PLACEMENT_3D('',#2135,#1610,#1611);
#1350=AXIS2_PLACEMENT_3D('',#2137,#1613,#1614);
#1351=AXIS2_PLACEMENT_3D('',#2139,#1616,#1617);
#1352=AXIS2_PLACEMENT_3D('',#2141,#1619,#1620);
#1353=AXIS2_PLACEMENT_3D('',#2143,#1622,#1623);
#1354=AXIS2_PLACEMENT_3D('',#2145,#1625,#1626);
#1355=AXIS2_PLACEMENT_3D('',#2147,#1628,#1629);
#1356=AXIS2_PLACEMENT_3D('',#2149,#1631,#1632);
#1357=AXIS2_PLACEMENT_3D('',#2151,#1634,#1635);
#1358=AXIS2_PLACEMENT_3D('',#2153,#1637,#1638);
#1359=AXIS2_PLACEMENT_3D('',#2155,#1640,#1641);
#1360=AXIS2_PLACEMENT_3D('',#2157,#1643,#1644);
#1361=AXIS2_PLACEMENT_3D('',#2159,#1646,#1647);
#1362=AXIS2_PLACEMENT_3D('',#2161,#1649,#1650);
#1363=AXIS2_PLACEMENT_3D('',#2162,#1651,#1652);
#1364=AXIS2_PLACEMENT_3D('',#2165,#1655,#1656);
#1365=AXIS2_PLACEMENT_3D('',#2167,#1658,#1659);
#1366=AXIS2_PLACEMENT_3D('',#2169,#1661,#1662);
#1367=AXIS2_PLACEMENT_3D('',#2171,#1664,#1665);
#1368=AXIS2_PLACEMENT_3D('',#2173,#1667,#1668);
#1369=AXIS2_PLACEMENT_3D('',#2175,#1670,#1671);
#1370=AXIS2_PLACEMENT_3D('',#2177,#1673,#1674);
#1371=DIRECTION('',(0.,0.,1.));
#1372=DIRECTION('',(1.,0.,0.));
#1373=DIRECTION('',(1.47659662275146E-14,-1.25231668703836E-29,1.));
#1374=DIRECTION('',(1.,1.86607385878864E-43,-1.47659662275146E-14));
#1375=DIRECTION('',(1.47659662275146E-14,-1.25231668703836E-29,1.));
#1376=DIRECTION('',(1.,1.86607385878864E-43,-1.47659662275146E-14));
#1377=DIRECTION('',(-1.47659662275146E-14,1.25231668703836E-29,-1.));
#1378=DIRECTION('',(-1.,-1.86607385878864E-43,1.47659662275146E-14));
#1379=DIRECTION('',(1.47659662275146E-14,-1.25231668703836E-29,1.));
#1380=DIRECTION('',(1.,1.86607385878864E-43,-1.47659662275146E-14));
#1381=DIRECTION('',(-1.47659662275146E-14,1.25231668703836E-29,-1.));
#1382=DIRECTION('',(-1.,-1.86607385878864E-43,1.47659662275146E-14));
#1383=DIRECTION('',(1.47659662275146E-14,-1.25231668703836E-29,1.));
#1384=DIRECTION('',(1.,1.86607385878864E-43,-1.47659662275146E-14));
#1385=DIRECTION('',(-1.47659662275146E-14,1.25231668703836E-29,-1.));
#1386=DIRECTION('',(-1.,-1.86607385878864E-43,1.47659662275146E-14));
#1387=DIRECTION('',(-1.47659662275146E-14,1.25231668703836E-29,-1.));
#1388=DIRECTION('',(-1.,-1.86607385878864E-43,1.47659662275146E-14));
#1389=DIRECTION('',(-1.47659662275146E-14,1.25231668703836E-29,-1.));
#1390=DIRECTION('',(-1.,-1.86607385878864E-43,1.47659662275146E-14));
#1391=DIRECTION('',(-1.47659662275146E-14,1.25231668703836E-29,-1.));
#1392=DIRECTION('',(-1.,-1.86607385878864E-43,1.47659662275146E-14));
#1393=DIRECTION('',(-1.47659662275146E-14,1.25231668703836E-29,-1.));
#1394=DIRECTION('',(-1.,-1.86607385878864E-43,1.47659662275146E-14));
#1395=DIRECTION('',(-1.47659662275146E-14,1.25231668703836E-29,-1.));
#1396=DIRECTION('',(-1.,-1.86607385878864E-43,1.47659662275146E-14));
#1397=DIRECTION('',(-1.47659662275146E-14,1.25231668703836E-29,-1.));
#1398=DIRECTION('',(-1.,-1.86607385878864E-43,1.47659662275146E-14));
#1399=DIRECTION('',(1.,1.86607385878864E-43,-1.47659662275146E-14));
#1400=DIRECTION('',(-1.47659662275146E-14,1.25231668703836E-29,-1.));
#1401=DIRECTION('',(-1.47659662275146E-14,1.25231668703836E-29,-1.));
#1402=DIRECTION('',(-1.69072680925004E-45,1.,1.25231668703836E-29));
#1403=DIRECTION('',(-1.47659662275146E-14,1.25231668703836E-29,-1.));
#1404=DIRECTION('',(8.52513457630067E-15,0.816496580927717,0.577350269189639));
#1405=DIRECTION('',(-1.47659662275146E-14,1.25231668703836E-29,-1.));
#1406=DIRECTION('',(-1.69072680925004E-45,1.,1.25231668703836E-29));
#1407=DIRECTION('',(-1.47659662275146E-14,1.25231668703836E-29,-1.));
#1408=DIRECTION('',(-8.52513457630033E-15,0.816496580927733,-0.577350269189616));
#1409=DIRECTION('',(0.707106781186548,0.707106781186548,-1.04411148502471E-14));
#1410=DIRECTION('',(0.707106781186548,-0.707106781186548,-1.04411148502471E-14));
#1411=DIRECTION('',(-1.47659662275146E-14,1.25231668703836E-29,-1.));
#1412=DIRECTION('',(0.707106781186548,-0.707106781186548,-1.04411148502471E-14));
#1413=DIRECTION('',(-1.47659662275146E-14,1.25231668703836E-29,-1.));
#1414=DIRECTION('',(0.707106781186548,-0.707106781186548,-1.04411148502471E-14));
#1415=DIRECTION('',(-1.69072680925004E-45,1.,1.25231668703836E-29));
#1416=DIRECTION('',(-1.47659662275146E-14,1.25231668703836E-29,-1.));
#1417=DIRECTION('',(-1.47659662275146E-14,1.25231668703836E-29,-1.));
#1418=DIRECTION('',(-1.,-1.86607385878864E-43,1.47659662275146E-14));
#1419=DIRECTION('',(-1.47659662275146E-14,1.25231668703836E-29,-1.));
#1420=DIRECTION('',(-0.816496580927719,-7.2302537637227E-30,0.577350269189636));
#1421=DIRECTION('',(-1.47659662275146E-14,1.25231668703836E-29,-1.));
#1422=DIRECTION('',(-1.,-1.86607385878864E-43,1.47659662275146E-14));
#1423=DIRECTION('',(-1.47659662275146E-14,1.25231668703836E-29,-1.));
#1424=DIRECTION('',(-0.816496580927726,7.23025376372259E-30,-0.577350269189627));
#1425=DIRECTION('',(-0.707106781186548,0.707106781186547,1.04411148502471E-14));
#1426=DIRECTION('',(0.707106781186547,0.707106781186548,-1.04411148502471E-14));
#1427=DIRECTION('',(-1.47659662275146E-14,1.25231668703836E-29,-1.));
#1428=DIRECTION('',(0.707106781186547,0.707106781186548,-1.04411148502471E-14));
#1429=DIRECTION('',(-1.47659662275146E-14,1.25231668703836E-29,-1.));
#1430=DIRECTION('',(0.707106781186547,0.707106781186548,-1.04411148502471E-14));
#1431=DIRECTION('',(-1.,-1.86607385878864E-43,1.47659662275146E-14));
#1432=DIRECTION('',(1.47659662275146E-14,-1.25231668703836E-29,1.));
#1433=DIRECTION('',(1.47659662275146E-14,-1.25231668703836E-29,1.));
#1434=DIRECTION('',(-1.69072680925004E-45,1.,1.25231668703836E-29));
#1435=DIRECTION('',(1.47659662275146E-14,-1.25231668703836E-29,1.));
#1436=DIRECTION('',(8.52513457630061E-15,-0.816496580927719,0.577350269189635));
#1437=DIRECTION('',(-1.47659662275146E-14,1.25231668703836E-29,-1.));
#1438=DIRECTION('',(-1.69072680925004E-45,1.,1.25231668703836E-29));
#1439=DIRECTION('',(1.47659662275146E-14,-1.25231668703836E-29,1.));
#1440=DIRECTION('',(-8.52513457630073E-15,-0.816496580927714,-0.577350269189643));
#1441=DIRECTION('',(-0.707106781186548,-0.707106781186548,1.04411148502471E-14));
#1442=DIRECTION('',(-0.707106781186548,0.707106781186548,1.04411148502471E-14));
#1443=DIRECTION('',(-1.47659662275146E-14,1.25231668703836E-29,-1.));
#1444=DIRECTION('',(-0.707106781186548,0.707106781186548,1.04411148502471E-14));
#1445=DIRECTION('',(-1.47659662275146E-14,1.25231668703836E-29,-1.));
#1446=DIRECTION('',(-0.707106781186548,0.707106781186548,1.04411148502471E-14));
#1447=DIRECTION('',(1.69072680925004E-45,-1.,-1.25231668703836E-29));
#1448=DIRECTION('',(1.47659662275146E-14,-1.25231668703836E-29,1.));
#1449=DIRECTION('',(1.47659662275146E-14,-1.25231668703836E-29,1.));
#1450=DIRECTION('',(-1.,-1.86607385878864E-43,1.47659662275146E-14));
#1451=DIRECTION('',(1.47659662275146E-14,-1.25231668703836E-29,1.));
#1452=DIRECTION('',(0.816496580927719,-7.23025376372271E-30,0.577350269189637));
#1453=DIRECTION('',(-1.47659662275146E-14,1.25231668703836E-29,-1.));
#1454=DIRECTION('',(-1.,-1.86607385878864E-43,1.47659662275146E-14));
#1455=DIRECTION('',(1.47659662275146E-14,-1.25231668703836E-29,1.));
#1456=DIRECTION('',(0.816496580927711,7.23025376372286E-30,-0.577350269189648));
#1457=DIRECTION('',(0.707106781186547,-0.707106781186548,-1.04411148502471E-14));
#1458=DIRECTION('',(-0.707106781186548,-0.707106781186547,1.04411148502471E-14));
#1459=DIRECTION('',(-1.47659662275146E-14,1.25231668703836E-29,-1.));
#1460=DIRECTION('',(-0.707106781186548,-0.707106781186547,1.04411148502471E-14));
#1461=DIRECTION('',(-1.47659662275146E-14,1.25231668703836E-29,-1.));
#1462=DIRECTION('',(-0.707106781186548,-0.707106781186547,1.04411148502471E-14));
#1463=DIRECTION('',(-1.47659662275146E-14,1.25231668703836E-29,-1.));
#1464=DIRECTION('',(-1.,-1.86607385878864E-43,1.47659662275146E-14));
#1465=DIRECTION('',(-1.,-1.86607385878864E-43,1.47659662275146E-14));
#1466=DIRECTION('',(-0.707106781186547,0.707106781186548,1.04411148502471E-14));
#1467=DIRECTION('',(-1.69072680925004E-45,1.,1.25231668703836E-29));
#1468=DIRECTION('',(0.707106781186548,0.707106781186547,-1.04411148502471E-14));
#1469=DIRECTION('',(-1.,-1.86607385878864E-43,1.47659662275146E-14));
#1470=DIRECTION('',(0.707106781186548,-0.707106781186548,-1.04411148502471E-14));
#1471=DIRECTION('',(-1.69072680925004E-45,1.,1.25231668703836E-29));
#1472=DIRECTION('',(-0.707106781186567,-0.707106781186528,1.04411148502474E-14));
#1473=DIRECTION('',(1.47659662275146E-14,-1.25231668703836E-29,1.));
#1474=DIRECTION('',(1.,1.86607385878864E-43,-1.47659662275146E-14));
#1475=DIRECTION('',(-1.69072680925004E-45,1.,1.25231668703836E-29));
#1476=DIRECTION('',(0.707106781186548,-0.707106781186548,-1.04411148502471E-14));
#1477=DIRECTION('',(1.,1.86607385878864E-43,-1.47659662275146E-14));
#1478=DIRECTION('',(0.707106781186548,0.707106781186548,-1.04411148502471E-14));
#1479=DIRECTION('',(-1.69072680925004E-45,1.,1.25231668703836E-29));
#1480=DIRECTION('',(-0.707106781186548,0.707106781186548,1.04411148502471E-14));
#1481=DIRECTION('',(1.,1.86607385878864E-43,-1.47659662275146E-14));
#1482=DIRECTION('',(-0.707106781186548,-0.707106781186548,1.04411148502471E-14));
#1483=DIRECTION('',(-0.707106781186548,0.707106781186548,1.04411148502471E-14));
#1484=DIRECTION('',(0.707106781186548,0.707106781186548,-1.04411148502471E-14));
#1485=DIRECTION('',(0.707106781186548,0.707106781186548,-1.04411148502471E-14));
#1486=DIRECTION('',(0.707106781186548,0.707106781186548,-1.04411148502471E-14));
#1487=DIRECTION('',(-0.707106781186548,-0.707106781186548,1.04411148502471E-14));
#1488=DIRECTION('',(-0.707106781186548,0.707106781186548,1.04411148502471E-14));
#1489=DIRECTION('',(-0.707106781186548,0.707106781186548,1.04411148502471E-14));
#1490=DIRECTION('',(-0.707106781186548,0.707106781186548,1.04411148502471E-14));
#1491=DIRECTION('',(0.707106781186548,-0.707106781186548,-1.04411148502471E-14));
#1492=DIRECTION('',(-0.707106781186548,-0.707106781186548,1.04411148502471E-14));
#1493=DIRECTION('',(-0.707106781186548,-0.707106781186548,1.04411148502471E-14));
#1494=DIRECTION('',(-0.707106781186548,-0.707106781186548,1.04411148502471E-14));
#1495=DIRECTION('',(0.707106781186548,0.707106781186548,-1.04411148502471E-14));
#1496=DIRECTION('',(0.707106781186548,-0.707106781186548,-1.04411148502471E-14));
#1497=DIRECTION('',(0.707106781186548,-0.707106781186548,-1.04411148502471E-14));
#1498=DIRECTION('',(0.707106781186548,-0.707106781186548,-1.04411148502471E-14));
#1499=DIRECTION('',(0.50000000000001,0.5,0.707106781186538));
#1500=DIRECTION('',(-0.707106781186548,0.707106781186548,1.04411148502471E-14));
#1501=DIRECTION('',(-2.17993782871013E-15,0.81649658092772,-0.577350269189635));
#1502=DIRECTION('',(-0.707106781186548,0.707106781186548,1.04411148502471E-14));
#1503=DIRECTION('',(-0.816496580927712,-6.34519674759049E-15,0.577350269189647));
#1504=DIRECTION('',(-0.707106781186548,0.707106781186548,1.04411148502471E-14));
#1505=DIRECTION('',(-0.49999999999999,0.5,0.707106781186553));
#1506=DIRECTION('',(-0.707106781186548,-0.707106781186547,1.02190702453221E-14));
#1507=DIRECTION('',(-0.81649658092773,1.26903934951809E-14,-0.577350269189621));
#1508=DIRECTION('',(-0.707106781186548,-0.707106781186547,1.02190702453221E-14));
#1509=DIRECTION('',(2.12155280714815E-14,-0.816496580927722,0.577350269189632));
#1510=DIRECTION('',(-0.707106781186548,-0.707106781186547,1.02190702453221E-14));
#1511=DIRECTION('',(-0.49999999999999,-0.5,0.707106781186551));
#1512=DIRECTION('',(0.707106781186548,-0.707106781186548,-1.04411148502471E-14));
#1513=DIRECTION('',(-1.80429296976863E-14,-0.81649658092772,-0.577350269189635));
#1514=DIRECTION('',(0.707106781186548,-0.707106781186548,-1.04411148502471E-14));
#1515=DIRECTION('',(0.816496580927728,6.34519674759046E-15,0.577350269189624));
#1516=DIRECTION('',(0.707106781186548,-0.707106781186548,-1.04411148502471E-14));
#1517=DIRECTION('',(0.50000000000001,-0.5,0.707106781186538));
#1518=DIRECTION('',(0.707106781186547,0.707106781186548,-1.02190702453221E-14));
#1519=DIRECTION('',(0.816496580927712,-1.58629918689762E-14,-0.577350269189647));
#1520=DIRECTION('',(0.707106781186547,0.707106781186548,-1.02190702453221E-14));
#1521=DIRECTION('',(2.17993782871014E-15,0.816496580927722,0.577350269189632));
#1522=DIRECTION('',(0.707106781186547,0.707106781186548,-1.02190702453221E-14));
#1523=DIRECTION('',(-1.47659662275146E-14,1.25231668703836E-29,-1.));
#1524=DIRECTION('',(-1.,-1.86607385878864E-43,1.47659662275146E-14));
#1525=DIRECTION('',(-1.47659662275146E-14,1.25231668703836E-29,-1.));
#1526=DIRECTION('',(-1.,-1.86607385878864E-43,1.47659662275146E-14));
#1527=DIRECTION('',(0.816496580927716,7.23025376372277E-30,-0.577350269189641));
#1528=DIRECTION('',(-0.577350269189641,1.02251229320554E-29,-0.816496580927716));
#1529=DIRECTION('',(0.00694766837586867,0.999966981109039,0.00421504398723476));
#1530=DIRECTION('',(0.999975864231997,-0.00694773009489896,-1.47656098395794E-14));
#1531=DIRECTION('',(-0.707106781186548,-0.707106781186548,1.08039098612764E-14));
#1532=DIRECTION('',(-0.707106781186548,0.707106781186548,1.04411148502471E-14));
#1533=DIRECTION('',(0.707106781186547,0.707106781186548,-1.03856036990158E-14));
#1534=DIRECTION('',(0.707106781186548,-0.707106781186547,-1.04411148502471E-14));
#1535=DIRECTION('',(8.52513457630053E-15,0.816496580927724,0.577350269189629));
#1536=DIRECTION('',(-1.20563609388599E-14,0.577350269189629,-0.816496580927724));
#1537=DIRECTION('',(-0.999966981126549,-0.00694766670240425,0.00421504259151355));
#1538=DIRECTION('',(-0.00694772842137886,0.999975864243624,1.02589923228036E-16));
#1539=DIRECTION('',(-1.47659662275146E-14,1.25231668703836E-29,-1.));
#1540=DIRECTION('',(-1.,-1.86607385878864E-43,1.47659662275146E-14));
#1541=DIRECTION('',(-1.47659662275146E-14,1.25231668703836E-29,-1.));
#1542=DIRECTION('',(-1.,-1.86607385878864E-43,1.47659662275146E-14));
#1543=DIRECTION('',(-1.47659662275146E-14,1.25231668703836E-29,-1.));
#1544=DIRECTION('',(-1.,-1.86607385878864E-43,1.47659662275146E-14));
#1545=DIRECTION('',(-1.47659662275146E-14,1.25231668703836E-29,-1.));
#1546=DIRECTION('',(-1.,-1.86607385878864E-43,1.47659662275146E-14));
#1547=DIRECTION('',(-8.52513457630053E-15,0.816496580927724,-0.577350269189629));
#1548=DIRECTION('',(-1.20563609388599E-14,-0.577350269189629,-0.816496580927724));
#1549=DIRECTION('',(-0.999966981109037,0.00694766837608154,0.0042150439872968));
#1550=DIRECTION('',(0.00694773009511189,0.999975864231995,-1.02589947942296E-16));
#1551=DIRECTION('',(0.707106781186548,-0.707106781186548,-1.04411148502471E-14));
#1552=DIRECTION('',(-0.707106781186548,-0.707106781186548,1.04411148502471E-14));
#1553=DIRECTION('',(-0.707106781186548,0.707106781186548,1.04411148502471E-14));
#1554=DIRECTION('',(0.707106781186548,0.707106781186548,-1.04411148502471E-14));
#1555=DIRECTION('',(-0.816496580927716,-7.23025376372277E-30,0.577350269189641));
#1556=DIRECTION('',(0.577350269189641,-1.02251229320554E-29,0.816496580927716));
#1557=DIRECTION('',(-0.0069476676617067,0.999966981115873,-0.0042150435430524));
#1558=DIRECTION('',(0.999975864236959,0.00694772938071764,-1.47656098396527E-14));
#1559=DIRECTION('',(-1.47659662275146E-14,1.25231668703836E-29,-1.));
#1560=DIRECTION('',(-1.,-1.86607385878864E-43,1.47659662275146E-14));
#1561=DIRECTION('',(-1.47659662275146E-14,1.25231668703836E-29,-1.));
#1562=DIRECTION('',(-1.,-1.86607385878864E-43,1.47659662275146E-14));
#1563=DIRECTION('',(-1.47659662275146E-14,1.25231668703836E-29,-1.));
#1564=DIRECTION('',(-1.,-1.86607385878864E-43,1.47659662275146E-14));
#1565=DIRECTION('',(-1.47659662275146E-14,1.25231668703836E-29,-1.));
#1566=DIRECTION('',(-1.,-1.86607385878864E-43,1.47659662275146E-14));
#1567=DIRECTION('',(-0.816496580927733,7.23025376372246E-30,-0.577350269189617));
#1568=DIRECTION('',(-0.577350269189617,-1.02251229320557E-29,0.816496580927733));
#1569=DIRECTION('',(0.00694766670234401,0.99996698112655,-0.00421504259149033));
#1570=DIRECTION('',(0.999975864243624,-0.00694772842131867,-1.47656098397511E-14));
#1571=DIRECTION('',(0.707106781186548,0.707106781186548,-1.07369019741936E-14));
#1572=DIRECTION('',(0.707106781186548,-0.707106781186548,-1.04411148502471E-14));
#1573=DIRECTION('',(-0.707106781186548,-0.707106781186547,1.03463513875488E-14));
#1574=DIRECTION('',(-0.707106781186547,0.707106781186548,1.04411148502471E-14));
#1575=DIRECTION('',(8.52513457630053E-15,-0.816496580927724,0.577350269189629));
#1576=DIRECTION('',(1.20563609388599E-14,0.577350269189629,0.816496580927724));
#1577=DIRECTION('',(-0.999966981109043,-0.00694766837536625,-0.0042150439869446));
#1578=DIRECTION('',(-0.00694773009439658,0.999975864232,1.02589947931759E-16));
#1579=DIRECTION('',(-1.47659662275146E-14,1.25231668703836E-29,-1.));
#1580=DIRECTION('',(-1.,-1.86607385878864E-43,1.47659662275146E-14));
#1581=DIRECTION('',(-1.47659662275146E-14,1.25231668703836E-29,-1.));
#1582=DIRECTION('',(-1.,-1.86607385878864E-43,1.47659662275146E-14));
#1583=DIRECTION('',(-1.47659662275146E-14,1.25231668703836E-29,-1.));
#1584=DIRECTION('',(-1.,-1.86607385878864E-43,1.47659662275146E-14));
#1585=DIRECTION('',(-1.47659662275146E-14,1.25231668703836E-29,-1.));
#1586=DIRECTION('',(-1.,-1.86607385878864E-43,1.47659662275146E-14));
#1587=DIRECTION('',(-8.52513457630054E-15,-0.816496580927723,-0.57735026918963));
#1588=DIRECTION('',(1.20563609388599E-14,-0.57735026918963,0.816496580927723));
#1589=DIRECTION('',(-0.999966981109036,0.00694766837624536,-0.00421504398735737));
#1590=DIRECTION('',(0.00694773009527572,0.999975864231994,-1.02589947944716E-16));
#1591=DIRECTION('',(-0.707106781186548,0.707106781186548,1.04411148502471E-14));
#1592=DIRECTION('',(0.707106781186548,0.707106781186548,-1.04411148502471E-14));
#1593=DIRECTION('',(0.707106781186548,-0.707106781186548,-1.04411148502471E-14));
#1594=DIRECTION('',(-0.707106781186548,-0.707106781186548,1.04411148502471E-14));
#1595=DIRECTION('',(0.816496580927732,-7.23025376372247E-30,0.577350269189618));
#1596=DIRECTION('',(0.577350269189618,1.02251229320556E-29,-0.816496580927732));
#1597=DIRECTION('',(-0.00694766670263543,0.999966981126547,0.00421504259160579));
#1598=DIRECTION('',(0.999975864243622,0.0069477284216101,-1.4765609839751E-14));
#1599=DIRECTION('',(-1.47659662275146E-14,1.25231668703836E-29,-1.));
#1600=DIRECTION('',(-1.,-1.86607385878864E-43,1.47659662275146E-14));
#1601=DIRECTION('',(-1.47659662275146E-14,1.25231668703836E-29,-1.));
#1602=DIRECTION('',(-1.,-1.86607385878864E-43,1.47659662275146E-14));
#1603=DIRECTION('',(1.47659662275146E-14,-1.25231668703836E-29,1.));
#1604=DIRECTION('',(1.,1.86607385878864E-43,-1.47659662275146E-14));
#1605=DIRECTION('',(0.50000000000001,0.5,0.70710678118654));
#1606=DIRECTION('',(0.707106781186559,-8.85521621597883E-30,0.707106781186538));
#1607=DIRECTION('',(-0.707106781186538,-8.85521621597909E-30,0.707106781186559));
#1608=DIRECTION('',(1.69072680925004E-45,-1.,-1.25231668703836E-29));
#1609=DIRECTION('',(0.707106781186558,-8.85521621597883E-30,0.707106781186538));
#1610=DIRECTION('',(-0.49999999999999,-0.5,0.707106781186556));
#1611=DIRECTION('',(0.707106781186548,-0.707106781186548,-1.04411148502471E-14));
#1612=DIRECTION('',(0.500000000000151,0.499999999999859,0.707106781186541));
#1613=DIRECTION('',(1.47659662275146E-14,-1.25231668703836E-29,1.));
#1614=DIRECTION('',(1.,1.86607385878864E-43,-1.47659662275146E-14));
#1615=DIRECTION('',(0.50000000000001,-0.5,0.70710678118654));
#1616=DIRECTION('',(1.47659662275146E-14,-1.25231668703836E-29,1.));
#1617=DIRECTION('',(1.,1.86607385878864E-43,-1.47659662275146E-14));
#1618=DIRECTION('',(1.04411148502471E-14,0.707106781186548,0.707106781186548));
#1619=DIRECTION('',(-0.49999999999999,0.5,0.707106781186556));
#1620=DIRECTION('',(-0.707106781186548,-0.707106781186547,1.02190702453221E-14));
#1621=DIRECTION('',(0.50000000000016,-0.499999999999849,0.707106781186541));
#1622=DIRECTION('',(1.04411148502471E-14,-0.707106781186548,0.707106781186548));
#1623=DIRECTION('',(1.,1.86607385878864E-43,-1.47659662275146E-14));
#1624=DIRECTION('',(1.01703941613221E-14,0.707106781186547,0.707106781186548));
#1625=DIRECTION('',(1.47659662275146E-14,-1.25231668703836E-29,1.));
#1626=DIRECTION('',(1.,1.86607385878864E-43,-1.47659662275146E-14));
#1627=DIRECTION('',(1.04411148502471E-14,-0.707106781186548,0.707106781186548));
#1628=DIRECTION('',(1.47659662275146E-14,-1.25231668703836E-29,1.));
#1629=DIRECTION('',(1.,1.86607385878864E-43,-1.47659662275146E-14));
#1630=DIRECTION('',(-0.49999999999999,0.5,0.70710678118656));
#1631=DIRECTION('',(1.04411148502471E-14,0.707106781186548,0.707106781186548));
#1632=DIRECTION('',(-1.,-1.86607385878864E-43,1.47659662275146E-14));
#1633=DIRECTION('',(1.03112214418118E-14,-0.707106781186547,0.707106781186548));
#1634=DIRECTION('',(0.50000000000001,-0.5,0.707106781186536));
#1635=DIRECTION('',(0.707106781186547,0.707106781186548,-1.04966260014784E-14));
#1636=DIRECTION('',(-0.49999999999999,0.5,0.707106781186556));
#1637=DIRECTION('',(1.47659662275146E-14,-1.25231668703836E-29,1.));
#1638=DIRECTION('',(1.,1.86607385878864E-43,-1.47659662275146E-14));
#1639=DIRECTION('',(-0.49999999999999,-0.5,0.707106781186561));
#1640=DIRECTION('',(1.47659662275146E-14,-1.25231668703836E-29,1.));
#1641=DIRECTION('',(1.,1.86607385878864E-43,-1.47659662275146E-14));
#1642=DIRECTION('',(-0.707106781186538,-8.85521621597909E-30,0.707106781186559));
#1643=DIRECTION('',(0.50000000000001,0.5,0.707106781186535));
#1644=DIRECTION('',(-0.707106781186548,0.707106781186548,1.04411148502471E-14));
#1645=DIRECTION('',(-0.49999999999999,-0.5,0.707106781186556));
#1646=DIRECTION('',(0.707106781186559,-8.85521621597883E-30,0.707106781186538));
#1647=DIRECTION('',(-1.69072680925004E-45,1.,1.25231668703836E-29));
#1648=DIRECTION('',(-0.707106781186537,8.65956056235405E-17,0.707106781186559));
#1649=DIRECTION('',(1.47659662275146E-14,-1.25231668703836E-29,1.));
#1650=DIRECTION('',(1.,1.86607385878864E-43,-1.47659662275146E-14));
#1651=DIRECTION('',(0.500000000000017,0.500000000000007,0.707106781186531));
#1652=DIRECTION('',(0.707106781186548,-0.707106781186548,-1.04411148502471E-14));
#1653=DIRECTION('',(-0.678598344545819,-0.281084637714886,0.678598344545848));
#1654=DIRECTION('',(0.281084637714876,0.678598344545829,-0.678598344545842));
#1655=DIRECTION('',(-1.0441114850247E-14,-0.707106781186552,-0.707106781186543));
#1656=DIRECTION('',(-1.,-1.86607385878864E-43,1.47659662275146E-14));
#1657=DIRECTION('',(-0.281084637714868,0.678598344545816,-0.678598344545859));
#1658=DIRECTION('',(-0.707106781186562,8.85521621597877E-30,-0.707106781186533));
#1659=DIRECTION('',(-1.69072680925004E-45,1.,1.25231668703836E-29));
#1660=DIRECTION('',(-0.678598344545793,0.281084637714887,0.678598344545874));
#1661=DIRECTION('',(-0.49999999999999,0.5,0.707106781186549));
#1662=DIRECTION('',(0.707106781186548,0.707106781186548,-1.04411148502471E-14));
#1663=DIRECTION('',(-0.678598344545836,0.281084637714887,-0.67859834454583));
#1664=DIRECTION('',(0.50000000000001,-0.5,0.707106781186536));
#1665=DIRECTION('',(-0.707106781186548,-0.707106781186548,1.04411148502471E-14));
#1666=DIRECTION('',(-0.281084637714877,0.678598344545826,0.678598344545844));
#1667=DIRECTION('',(0.707106781186542,8.85521621597903E-30,-0.707106781186554));
#1668=DIRECTION('',(1.69072680925004E-45,-1.,-1.25231668703836E-29));
#1669=DIRECTION('',(-0.678598344545822,-0.281084637714866,-0.678598344545854));
#1670=DIRECTION('',(-1.0441114850247E-14,0.707106781186552,-0.707106781186543));
#1671=DIRECTION('',(1.,1.86607385878864E-43,-1.47659662275146E-14));
#1672=DIRECTION('',(0.281084637714865,0.678598344545819,0.678598344545857));
#1673=DIRECTION('',(-0.49999999999999,-0.5,0.707106781186549));
#1674=DIRECTION('',(-0.707106781186548,0.707106781186548,1.04411148502471E-14));
#1675=CARTESIAN_POINT('',(0.,0.,0.));
#1676=CARTESIAN_POINT('',(5.27355936696949E-16,0.,0.0195500000000003));
#1677=CARTESIAN_POINT('',(5.30825383648903E-16,0.,0.0198000000000003));
#1678=CARTESIAN_POINT('',(0.00350000000000053,6.53125850576024E-46,0.0198000000000002));
#1679=CARTESIAN_POINT('',(5.27355936696949E-16,0.,0.0195500000000003));
#1680=CARTESIAN_POINT('',(-0.00324999999999947,-6.06474004106308E-46,0.0195500000000003));
#1681=CARTESIAN_POINT('',(4.02455846426619E-16,0.,0.0110000000000002));
#1682=CARTESIAN_POINT('',(4.05925293378573E-16,0.,0.0112500000000002));
#1683=CARTESIAN_POINT('',(-0.00324999999999959,-6.06474004106308E-46,0.0112500000000003));
#1684=CARTESIAN_POINT('',(4.02455846426619E-16,0.,0.0110000000000002));
#1685=CARTESIAN_POINT('',(0.0030000000000004,5.59822157636592E-46,0.0110000000000002));
#1686=CARTESIAN_POINT('',(2.42861286636753E-16,0.,0.000250000000000236));
#1687=CARTESIAN_POINT('',(2.393918396848E-16,0.,2.35922392732846E-16));
#1688=CARTESIAN_POINT('',(-0.00279999999999976,-5.22500680460819E-46,2.77267098169887E-16));
#1689=CARTESIAN_POINT('',(2.42861286636753E-16,0.,0.000250000000000236));
#1690=CARTESIAN_POINT('',(-0.00254999999999976,-4.75848833991103E-46,0.000250000000000274));
#1691=CARTESIAN_POINT('',(5.30825383648903E-16,0.,0.0198000000000003));
#1692=CARTESIAN_POINT('',(4.02455846426619E-16,0.,0.0110000000000002));
#1693=CARTESIAN_POINT('',(4.02455846426619E-16,0.,0.0110000000000002));
#1694=CARTESIAN_POINT('',(-0.0025499999999996,-4.75848833991103E-46,0.0110000000000003));
#1695=CARTESIAN_POINT('',(0.0159000000000004,0.0156,0.011));
#1696=CARTESIAN_POINT('',(0.00395000000000041,0.00209644660940669,0.0110000000000002));
#1697=CARTESIAN_POINT('',(0.00395000000000041,-0.00199289321881345,0.0110000000000002));
#1698=CARTESIAN_POINT('',(0.00395000000000038,-0.00199289321885115,0.0094964465261155));
#1699=CARTESIAN_POINT('',(0.00395000000000024,-0.0019928932188135,0.000250000000000177));
#1700=CARTESIAN_POINT('',(0.00395000000000024,0.00209644660940669,0.000250000000000177));
#1701=CARTESIAN_POINT('',(0.00395000000000024,0.00199289321881346,0.000250000000000177));
#1702=CARTESIAN_POINT('',(0.00395000000000041,0.0019928932188135,0.0110000000000002));
#1703=CARTESIAN_POINT('',(0.00395000000000038,0.00199289321885048,0.00949644622008335));
#1704=CARTESIAN_POINT('',(0.00395000000000038,0.00199289321881348,0.00949644660940688));
#1705=CARTESIAN_POINT('',(0.00395000000000038,0.00199286939981566,0.00962250522005338));
#1706=CARTESIAN_POINT('',(0.00395000000000039,0.0020739269447087,0.00976087910460662));
#1707=CARTESIAN_POINT('',(0.00395000000000039,0.0022,0.00985000000000015));
#1708=CARTESIAN_POINT('',(0.00395000000000039,0.0022000000680235,0.00985000004804891));
#1709=CARTESIAN_POINT('',(0.00395000000000039,0.0022,0.00985000000000017));
#1710=CARTESIAN_POINT('',(0.00395000000000039,0.00275,0.0102389087296528));
#1711=CARTESIAN_POINT('',(0.00395000000000053,0.00275,0.0198));
#1712=CARTESIAN_POINT('',(0.00395000000000053,0.00275,0.01955));
#1713=CARTESIAN_POINT('',(0.00395000000000053,0.00209644660940669,0.01955));
#1714=CARTESIAN_POINT('',(0.00395000000000053,-0.00275,0.01955));
#1715=CARTESIAN_POINT('',(0.00395000000000041,-0.00275,0.0110000000000002));
#1716=CARTESIAN_POINT('',(0.00395000000000039,-0.00275,0.0102389087296528));
#1717=CARTESIAN_POINT('',(0.00395000000000039,-0.00275,0.0102389087296528));
#1718=CARTESIAN_POINT('',(0.00395000000000039,-0.00220000041142235,0.00985000029086867));
#1719=CARTESIAN_POINT('',(0.00395000000000039,-0.00219999999999999,0.00985000000000016));
#1720=CARTESIAN_POINT('',(0.00395000000000039,-0.00207392694470852,0.00976087910460649));
#1721=CARTESIAN_POINT('',(0.00395000000000038,-0.00199286939981629,0.00962250522005462));
#1722=CARTESIAN_POINT('',(0.00395000000000038,-0.00199289321881346,0.00949644660940688));
#1723=CARTESIAN_POINT('',(0.0020964466094071,0.00395,0.0110000000000002));
#1724=CARTESIAN_POINT('',(0.00387677669529701,0.0021696699141101,0.0110000000000002));
#1725=CARTESIAN_POINT('',(0.00387677660692824,0.00216967000247886,0.00949644648443825));
#1726=CARTESIAN_POINT('',(0.00387677669529685,0.0021696699141101,0.000250000000000177));
#1727=CARTESIAN_POINT('',(0.00209644660940694,0.00395,0.000250000000000205));
#1728=CARTESIAN_POINT('',(0.00216966991411033,0.00387677669529662,0.000250000000000202));
#1729=CARTESIAN_POINT('',(0.00216966991411051,0.0038767766952966,0.0110000000000002));
#1730=CARTESIAN_POINT('',(0.00216967000247922,0.00387677660692785,0.00949644648443827));
#1731=CARTESIAN_POINT('',(0.00209644660940708,0.00395,0.0094964466094069));
#1732=CARTESIAN_POINT('',(-0.0020964466094063,0.00395,0.0110000000000003));
#1733=CARTESIAN_POINT('',(0.00199289321881385,0.00395,0.0110000000000002));
#1734=CARTESIAN_POINT('',(0.00199289321885148,0.00395,0.00949644652611552));
#1735=CARTESIAN_POINT('',(0.00199289321881367,0.00395,0.000250000000000205));
#1736=CARTESIAN_POINT('',(-0.00209644660940646,0.00395,0.000250000000000268));
#1737=CARTESIAN_POINT('',(-0.00199289321881325,0.00395,0.000250000000000264));
#1738=CARTESIAN_POINT('',(-0.00199289321881309,0.00395,0.0110000000000003));
#1739=CARTESIAN_POINT('',(-0.00199289321885012,0.00395,0.00949644622008343));
#1740=CARTESIAN_POINT('',(-0.00199289321881309,0.00395,0.00949644660940696));
#1741=CARTESIAN_POINT('',(-0.00199286939981504,0.00395,0.00962250522005307));
#1742=CARTESIAN_POINT('',(-0.0020739269447083,0.00395,0.00976087910460672));
#1743=CARTESIAN_POINT('',(-0.00219999999999961,0.00395,0.00985000000000024));
#1744=CARTESIAN_POINT('',(-0.00220000006802311,0.00395,0.009850000048049));
#1745=CARTESIAN_POINT('',(-0.00219999999999962,0.00395,0.00985000000000027));
#1746=CARTESIAN_POINT('',(-0.0027499999999996,0.00395,0.0102389087296528));
#1747=CARTESIAN_POINT('',(-0.00274999999999947,0.00395,0.0198000000000003));
#1748=CARTESIAN_POINT('',(-0.00274999999999947,0.00395,0.0195500000000003));
#1749=CARTESIAN_POINT('',(-0.00209644660940617,0.00395,0.0195500000000003));
#1750=CARTESIAN_POINT('',(0.00275000000000053,0.00395,0.01955));
#1751=CARTESIAN_POINT('',(0.0027500000000004,0.00395,0.0110000000000002));
#1752=CARTESIAN_POINT('',(0.00275000000000039,0.00395,0.0102389087296528));
#1753=CARTESIAN_POINT('',(0.00275000000000039,0.00395,0.0102389087296528));
#1754=CARTESIAN_POINT('',(0.00220000041142276,0.00395,0.00985000029086869));
#1755=CARTESIAN_POINT('',(0.00220000000000039,0.00395,0.00985000000000017));
#1756=CARTESIAN_POINT('',(0.00207392694470866,0.00395,0.009760879104606));
#1757=CARTESIAN_POINT('',(0.00199286939981601,0.00395,0.00962250522005343));
#1758=CARTESIAN_POINT('',(0.00199289321881381,0.00395,0.0094964466094069));
#1759=CARTESIAN_POINT('',(-0.0039499999999996,0.00209644660940669,0.0110000000000003));
#1760=CARTESIAN_POINT('',(-0.00216966991410969,0.0038767766952966,0.0110000000000003));
#1761=CARTESIAN_POINT('',(-0.00216967000247847,0.00387677660692785,0.00949644648443834));
#1762=CARTESIAN_POINT('',(-0.00216966991410986,0.0038767766952966,0.000250000000000268));
#1763=CARTESIAN_POINT('',(-0.00394999999999976,0.00209644660940669,0.000250000000000295));
#1764=CARTESIAN_POINT('',(-0.00387677669529635,0.00216966991411012,0.000250000000000291));
#1765=CARTESIAN_POINT('',(-0.0038767766952962,0.0021696699141101,0.0110000000000003));
#1766=CARTESIAN_POINT('',(-0.00387677660692747,0.00216967000247886,0.00949644648443836));
#1767=CARTESIAN_POINT('',(-0.00394999999999962,0.00209644660940669,0.00949644660940699));
#1768=CARTESIAN_POINT('',(-0.0039499999999996,-0.0020964466094067,0.0110000000000003));
#1769=CARTESIAN_POINT('',(-0.0039499999999996,0.0019928932188135,0.0110000000000003));
#1770=CARTESIAN_POINT('',(-0.00394999999999962,0.00199289321885118,0.00949644652611561));
#1771=CARTESIAN_POINT('',(-0.00394999999999976,0.0019928932188135,0.000250000000000295));
#1772=CARTESIAN_POINT('',(-0.00394999999999976,-0.0020964466094067,0.000250000000000295));
#1773=CARTESIAN_POINT('',(-0.00394999999999976,-0.0019928932188135,0.000250000000000295));
#1774=CARTESIAN_POINT('',(-0.0039499999999996,-0.0019928932188135,0.0110000000000003));
#1775=CARTESIAN_POINT('',(-0.00394999999999962,-0.00199289321885045,0.00949644622008346));
#1776=CARTESIAN_POINT('',(-0.00394999999999962,-0.00199289321881348,0.009496446609407));
#1777=CARTESIAN_POINT('',(-0.00394999999999962,-0.00199286939981569,0.00962250522005357));
#1778=CARTESIAN_POINT('',(-0.00394999999999961,-0.00207392694470865,0.00976087910460671));
#1779=CARTESIAN_POINT('',(-0.00394999999999961,-0.0022,0.00985000000000027));
#1780=CARTESIAN_POINT('',(-0.00394999999999962,-0.0022000000680235,0.00985000004804902));
#1781=CARTESIAN_POINT('',(-0.00394999999999962,-0.0022,0.00985000000000029));
#1782=CARTESIAN_POINT('',(-0.00394999999999961,-0.00275,0.0102389087296529));
#1783=CARTESIAN_POINT('',(-0.00394999999999947,-0.00275,0.0198000000000003));
#1784=CARTESIAN_POINT('',(-0.00394999999999947,-0.00275,0.0195500000000003));
#1785=CARTESIAN_POINT('',(-0.00394999999999947,-0.0020964466094067,0.0195500000000003));
#1786=CARTESIAN_POINT('',(-0.00394999999999947,0.00275,0.0195500000000003));
#1787=CARTESIAN_POINT('',(-0.0039499999999996,0.00275,0.0110000000000003));
#1788=CARTESIAN_POINT('',(-0.00394999999999961,0.00275,0.0102389087296529));
#1789=CARTESIAN_POINT('',(-0.00394999999999961,0.00275,0.0102389087296529));
#1790=CARTESIAN_POINT('',(-0.00394999999999962,0.00220000041142238,0.00985000029086878));
#1791=CARTESIAN_POINT('',(-0.00394999999999961,0.0022,0.00985000000000026));
#1792=CARTESIAN_POINT('',(-0.00394999999999961,0.0020739269447083,0.00976087910460618));
#1793=CARTESIAN_POINT('',(-0.00394999999999962,0.00199286939981599,0.00962250522005416));
#1794=CARTESIAN_POINT('',(-0.00394999999999962,0.00199289321881349,0.009496446609407));
#1795=CARTESIAN_POINT('',(-0.0020964466094063,-0.00395,0.0110000000000003));
#1796=CARTESIAN_POINT('',(-0.0038767766952962,-0.00216966991411011,0.0110000000000003));
#1797=CARTESIAN_POINT('',(-0.00387677660692747,-0.00216967000247885,0.00949644648443836));
#1798=CARTESIAN_POINT('',(-0.00387677669529635,-0.00216966991411011,0.000250000000000291));
#1799=CARTESIAN_POINT('',(-0.00209644660940646,-0.00395,0.000250000000000268));
#1800=CARTESIAN_POINT('',(-0.00216966991410986,-0.0038767766952966,0.000250000000000268));
#1801=CARTESIAN_POINT('',(-0.00216966991410969,-0.0038767766952966,0.0110000000000003));
#1802=CARTESIAN_POINT('',(-0.00216967000247847,-0.00387677660692785,0.00949644648443834));
#1803=CARTESIAN_POINT('',(-0.00209644660940632,-0.00395,0.00949644660940696));
#1804=CARTESIAN_POINT('',(0.0020964466094071,-0.00395,0.0110000000000002));
#1805=CARTESIAN_POINT('',(-0.00199289321881309,-0.00395,0.0110000000000003));
#1806=CARTESIAN_POINT('',(-0.00199289321885077,-0.00395,0.00949644652611558));
#1807=CARTESIAN_POINT('',(-0.00199289321881325,-0.00395,0.000250000000000264));
#1808=CARTESIAN_POINT('',(0.00209644660940694,-0.00395,0.000250000000000205));
#1809=CARTESIAN_POINT('',(0.00199289321881365,-0.00395,0.000250000000000205));
#1810=CARTESIAN_POINT('',(0.00199289321881381,-0.00395,0.0110000000000002));
#1811=CARTESIAN_POINT('',(0.0019928932188508,-0.00395,0.00949644622008338));
#1812=CARTESIAN_POINT('',(0.00199289321881383,-0.00395,0.0094964466094069));
#1813=CARTESIAN_POINT('',(0.00199286939981639,-0.00395,0.00962250522005401));
#1814=CARTESIAN_POINT('',(0.00207392694470908,-0.00395,0.00976087910460664));
#1815=CARTESIAN_POINT('',(0.0022000000000004,-0.00395,0.00985000000000016));
#1816=CARTESIAN_POINT('',(0.00220000006802388,-0.00395,0.00985000004804893));
#1817=CARTESIAN_POINT('',(0.00220000000000039,-0.00395,0.0098500000000002));
#1818=CARTESIAN_POINT('',(0.00275000000000039,-0.00395,0.0102389087296528));
#1819=CARTESIAN_POINT('',(0.00275000000000053,-0.00395,0.0198));
#1820=CARTESIAN_POINT('',(0.00275000000000053,-0.00395,0.01955));
#1821=CARTESIAN_POINT('',(0.00209644660940723,-0.00395,0.01955));
#1822=CARTESIAN_POINT('',(-0.00274999999999947,-0.00395,0.0195500000000003));
#1823=CARTESIAN_POINT('',(-0.00274999999999959,-0.00395,0.0110000000000003));
#1824=CARTESIAN_POINT('',(-0.0027499999999996,-0.00395,0.0102389087296528));
#1825=CARTESIAN_POINT('',(-0.0027499999999996,-0.00395,0.0102389087296528));
#1826=CARTESIAN_POINT('',(-0.00220000041142196,-0.00395,0.00985000029086876));
#1827=CARTESIAN_POINT('',(-0.00219999999999961,-0.00395,0.00985000000000023));
#1828=CARTESIAN_POINT('',(-0.0020739269447082,-0.00395,0.00976087910460656));
#1829=CARTESIAN_POINT('',(-0.00199286939981528,-0.00395,0.00962250522005349));
#1830=CARTESIAN_POINT('',(-0.0019928932188131,-0.00395,0.00949644660940696));
#1831=CARTESIAN_POINT('',(0.00395000000000041,-0.0020964466094067,0.0110000000000002));
#1832=CARTESIAN_POINT('',(0.00216966991411051,-0.0038767766952966,0.0110000000000002));
#1833=CARTESIAN_POINT('',(0.00216967000247922,-0.00387677660692785,0.00949644648443827));
#1834=CARTESIAN_POINT('',(0.00216966991411033,-0.0038767766952966,0.000250000000000202));
#1835=CARTESIAN_POINT('',(0.00395000000000024,-0.0020964466094067,0.000250000000000177));
#1836=CARTESIAN_POINT('',(0.00387677669529685,-0.00216966991411011,0.000250000000000177));
#1837=CARTESIAN_POINT('',(0.00387677669529701,-0.00216966991411011,0.0110000000000002));
#1838=CARTESIAN_POINT('',(0.00387677660692824,-0.00216967000247885,0.00949644648443825));
#1839=CARTESIAN_POINT('',(0.00395000000000038,-0.0020964466094067,0.00949644660940687));
#1840=CARTESIAN_POINT('',(0.0159000000000003,0.0156,0.));
#1841=CARTESIAN_POINT('',(0.0159000000000003,-0.0037,0.));
#1842=CARTESIAN_POINT('',(0.00199289321881364,-0.0037,2.04697370165263E-16));
#1843=CARTESIAN_POINT('',(-0.00199289321881326,-0.0037,2.63677968348475E-16));
#1844=CARTESIAN_POINT('',(-0.00199289321881326,-0.0037,2.63677968348475E-16));
#1845=CARTESIAN_POINT('',(-0.00369999999999976,-0.0019928932188135,2.8796409701215E-16));
#1846=CARTESIAN_POINT('',(-0.00369999999999976,0.0156,2.8796409701215E-16));
#1847=CARTESIAN_POINT('',(-0.00369999999999976,0.0019928932188135,2.8796409701215E-16));
#1848=CARTESIAN_POINT('',(-0.00369999999999976,0.0019928932188135,2.8796409701215E-16));
#1849=CARTESIAN_POINT('',(-0.00199289321881326,0.0037,2.63677968348475E-16));
#1850=CARTESIAN_POINT('',(0.0159000000000003,0.0037,0.));
#1851=CARTESIAN_POINT('',(0.00199289321881364,0.0037,2.04697370165263E-16));
#1852=CARTESIAN_POINT('',(0.00199289321881364,0.0037,2.04697370165263E-16));
#1853=CARTESIAN_POINT('',(0.00370000000000024,0.00199289321881344,1.80411241501588E-16));
#1854=CARTESIAN_POINT('',(0.00370000000000024,0.0156,1.80411241501588E-16));
#1855=CARTESIAN_POINT('',(0.00370000000000024,-0.0019928932188135,1.80411241501588E-16));
#1856=CARTESIAN_POINT('',(0.00370000000000024,-0.0019928932188135,1.80411241501588E-16));
#1857=CARTESIAN_POINT('',(0.0159000000000006,0.0156,0.0198));
#1858=CARTESIAN_POINT('',(-0.00369999999999947,0.0156,0.0198000000000003));
#1859=CARTESIAN_POINT('',(-0.00369999999999947,0.0026464466094067,0.0198000000000003));
#1860=CARTESIAN_POINT('',(-0.00369999999999947,-0.00264644660940671,0.0198000000000003));
#1861=CARTESIAN_POINT('',(-0.00369999999999947,-0.00264644660940671,0.0198000000000003));
#1862=CARTESIAN_POINT('',(-0.00264644660940617,-0.0037,0.0198000000000003));
#1863=CARTESIAN_POINT('',(0.0159000000000006,-0.0037,0.0198));
#1864=CARTESIAN_POINT('',(0.00264644660940723,-0.0037,0.0198));
#1865=CARTESIAN_POINT('',(0.00264644660940723,-0.0037,0.0198));
#1866=CARTESIAN_POINT('',(0.00370000000000053,-0.00264644660940671,0.0198));
#1867=CARTESIAN_POINT('',(0.00370000000000053,0.0156,0.0198));
#1868=CARTESIAN_POINT('',(0.00370000000000053,0.0026464466094067,0.0198));
#1869=CARTESIAN_POINT('',(0.00370000000000053,0.0026464466094067,0.0198));
#1870=CARTESIAN_POINT('',(0.00264644660940723,0.0037,0.0198));
#1871=CARTESIAN_POINT('',(0.0159000000000006,0.0037,0.0198));
#1872=CARTESIAN_POINT('',(-0.00264644660940617,0.0037,0.0198000000000003));
#1873=CARTESIAN_POINT('',(-0.00264644660940617,0.0037,0.0198000000000003));
#1874=CARTESIAN_POINT('',(0.00275000000000053,-0.00395,0.0198));
#1875=CARTESIAN_POINT('',(0.00275000000000053,-0.00395,0.01955));
#1876=CARTESIAN_POINT('',(0.0027500000000004,-0.00394999999999999,0.0102389087296526));
#1877=CARTESIAN_POINT('',(0.00275000000000041,-0.00394999999999998,0.0102122651822354));
#1878=CARTESIAN_POINT('',(0.00275288809935626,-0.00394711190064413,0.0101874397903193));
#1879=CARTESIAN_POINT('',(0.00275851854342811,-0.00394148145657228,0.0101656854249492));
#1880=CARTESIAN_POINT('',(0.00275851854342813,-0.0039414814565723,0.0101656854249494));
#1881=CARTESIAN_POINT('',(0.00275000000000039,-0.00395,0.0101656854249494));
#1882=CARTESIAN_POINT('',(0.00394148145657267,-0.0027585185434277,0.0101656854249494));
#1883=CARTESIAN_POINT('',(0.00394148145657266,-0.00275851854342773,0.0101656854249492));
#1884=CARTESIAN_POINT('',(0.00394711190064461,-0.00275288809935578,0.0101874397903198));
#1885=CARTESIAN_POINT('',(0.00395000000000034,-0.00275000000000005,0.0102122651822348));
#1886=CARTESIAN_POINT('',(0.00395000000000037,-0.00275000000000002,0.0102389087296526));
#1887=CARTESIAN_POINT('',(0.00395000000000053,0.00275,0.0198));
#1888=CARTESIAN_POINT('',(0.00395000000000053,0.00275,0.01955));
#1889=CARTESIAN_POINT('',(0.0039500000000004,0.00274999999999999,0.0102389087296526));
#1890=CARTESIAN_POINT('',(0.0039500000000004,0.00274999999999999,0.0102122651822353));
#1891=CARTESIAN_POINT('',(0.00394711190064455,0.00275288809935584,0.0101874397903192));
#1892=CARTESIAN_POINT('',(0.00394148145657268,0.00275851854342771,0.0101656854249492));
#1893=CARTESIAN_POINT('',(0.00394148145657269,0.00275851854342774,0.0101656854249494));
#1894=CARTESIAN_POINT('',(0.00395000000000039,0.00275,0.0101656854249494));
#1895=CARTESIAN_POINT('',(0.00275851854342811,0.00394148145657228,0.0101656854249494));
#1896=CARTESIAN_POINT('',(0.00275851854342809,0.0039414814565723,0.0101656854249492));
#1897=CARTESIAN_POINT('',(0.00275288809935618,0.00394711190064421,0.0101874397903195));
#1898=CARTESIAN_POINT('',(0.00275000000000038,0.00395,0.010212265182235));
#1899=CARTESIAN_POINT('',(0.00275000000000038,0.00395000000000001,0.0102389087296526));
#1900=CARTESIAN_POINT('',(-0.00274999999999947,0.00395,0.0198000000000003));
#1901=CARTESIAN_POINT('',(-0.00274999999999947,0.00395,0.0195500000000003));
#1902=CARTESIAN_POINT('',(-0.0027499999999996,0.00395000000000001,0.0102389087296529));
#1903=CARTESIAN_POINT('',(-0.0027499999999996,0.00395000000000001,0.0102122651822354));
#1904=CARTESIAN_POINT('',(-0.0027528880993554,0.00394711190064422,0.0101874397903197));
#1905=CARTESIAN_POINT('',(-0.00275851854342731,0.0039414814565723,0.0101656854249495));
#1906=CARTESIAN_POINT('',(-0.00275851854342736,0.0039414814565723,0.0101656854249495));
#1907=CARTESIAN_POINT('',(-0.00274999999999961,0.00395,0.0101656854249495));
#1908=CARTESIAN_POINT('',(-0.00394148145657191,0.0027585185434277,0.0101656854249495));
#1909=CARTESIAN_POINT('',(-0.00394148145657192,0.0027585185434277,0.0101656854249495));
#1910=CARTESIAN_POINT('',(-0.00394711190064376,0.00275288809935585,0.0101874397903194));
#1911=CARTESIAN_POINT('',(-0.00394999999999966,0.00274999999999996,0.0102122651822358));
#1912=CARTESIAN_POINT('',(-0.00394999999999963,0.00274999999999998,0.0102389087296529));
#1913=CARTESIAN_POINT('',(-0.00394999999999947,-0.00275,0.0198000000000003));
#1914=CARTESIAN_POINT('',(-0.00394999999999947,-0.00275,0.0195500000000003));
#1915=CARTESIAN_POINT('',(-0.00394999999999961,-0.00275,0.0102389087296529));
#1916=CARTESIAN_POINT('',(-0.00394999999999961,-0.00275,0.0102122651822355));
#1917=CARTESIAN_POINT('',(-0.00394711190064378,-0.00275288809935583,0.0101874397903197));
#1918=CARTESIAN_POINT('',(-0.0039414814565719,-0.00275851854342771,0.0101656854249495));
#1919=CARTESIAN_POINT('',(-0.00394148145657191,-0.00275851854342775,0.0101656854249495));
#1920=CARTESIAN_POINT('',(-0.00394999999999961,-0.00275,0.0101656854249495));
#1921=CARTESIAN_POINT('',(-0.00275851854342736,-0.00394148145657225,0.0101656854249495));
#1922=CARTESIAN_POINT('',(-0.00275851854342733,-0.00394148145657228,0.0101656854249495));
#1923=CARTESIAN_POINT('',(-0.00275288809935546,-0.00394711190064416,0.0101874397903196));
#1924=CARTESIAN_POINT('',(-0.00274999999999962,-0.00394999999999999,0.0102122651822355));
#1925=CARTESIAN_POINT('',(-0.00274999999999962,-0.00394999999999999,0.0102389087296528));
#1926=CARTESIAN_POINT('',(-0.00209644660940632,-0.00395,0.00960000000000026));
#1927=CARTESIAN_POINT('',(-0.00382499999999961,-0.00277144660940671,0.00998890872965287));
#1928=CARTESIAN_POINT('',(-0.00382499999999961,-0.00277144660940671,0.00998890872965285));
#1929=CARTESIAN_POINT('',(-0.00382499990172162,-0.0023250002117957,0.00967322338497277));
#1930=CARTESIAN_POINT('',(-0.00214822330470297,-0.00400177669529665,0.00967322330470361));
#1931=CARTESIAN_POINT('',(-0.00232500021179532,-0.003824999901722,0.00967322338497274));
#1932=CARTESIAN_POINT('',(-0.00232499999999962,-0.003825,0.00967322330470362));
#1933=CARTESIAN_POINT('',(-0.00277144660940632,-0.003825,0.00998890872965286));
#1934=CARTESIAN_POINT('',(-0.00237144660940632,-0.004225,0.00998890872965285));
#1935=CARTESIAN_POINT('',(0.00395000000000038,-0.0020964466094067,0.00960000000000017));
#1936=CARTESIAN_POINT('',(0.00277144660940709,-0.003825,0.00998890872965277));
#1937=CARTESIAN_POINT('',(0.0027714466094071,-0.003825,0.00998890872965276));
#1938=CARTESIAN_POINT('',(0.00232500021179608,-0.003824999901722,0.00967322338497268));
#1939=CARTESIAN_POINT('',(0.00400177669529703,-0.00214822330470335,0.00967322330470352));
#1940=CARTESIAN_POINT('',(0.00382499990172238,-0.0023250002117957,0.00967322338497266));
#1941=CARTESIAN_POINT('',(0.00382500000000038,-0.002325,0.00967322330470353));
#1942=CARTESIAN_POINT('',(0.00382500000000038,-0.00277144660940671,0.00998890872965276));
#1943=CARTESIAN_POINT('',(0.00422500000000039,-0.0023714466094067,0.00998890872965275));
#1944=CARTESIAN_POINT('',(0.00209644660940708,0.00395,0.0096000000000002));
#1945=CARTESIAN_POINT('',(0.00382500000000038,0.0027714466094067,0.00998890872965276));
#1946=CARTESIAN_POINT('',(0.00382500000000038,0.00277144660940672,0.00998890872965274));
#1947=CARTESIAN_POINT('',(0.00382499990172238,0.0023250002117957,0.00967322338497266));
#1948=CARTESIAN_POINT('',(0.00214822330470372,0.00400177669529664,0.00967322330470355));
#1949=CARTESIAN_POINT('',(0.00232500021179608,0.003824999901722,0.00967322338497268));
#1950=CARTESIAN_POINT('',(0.00232500000000038,0.003825,0.00967322330470355));
#1951=CARTESIAN_POINT('',(0.00277144660940709,0.003825,0.00998890872965278));
#1952=CARTESIAN_POINT('',(0.00237144660940709,0.004225,0.00998890872965278));
#1953=CARTESIAN_POINT('',(-0.00394999999999962,0.00209644660940669,0.00960000000000029));
#1954=CARTESIAN_POINT('',(-0.00277144660940632,0.003825,0.00998890872965286));
#1955=CARTESIAN_POINT('',(-0.00277144660940637,0.003825,0.00998890872965285));
#1956=CARTESIAN_POINT('',(-0.00232500021179532,0.003824999901722,0.00967322338497274));
#1957=CARTESIAN_POINT('',(-0.00400177669529627,0.00214822330470334,0.00967322330470364));
#1958=CARTESIAN_POINT('',(-0.00382499990172162,0.0023250002117957,0.00967322338497276));
#1959=CARTESIAN_POINT('',(-0.00382499999999961,0.002325,0.00967322330470364));
#1960=CARTESIAN_POINT('',(-0.00382499999999961,0.0027714466094067,0.00998890872965287));
#1961=CARTESIAN_POINT('',(-0.00422499999999961,0.0023714466094067,0.00998890872965288));
#1962=CARTESIAN_POINT('',(-0.00199289321881309,0.0037,0.0110000000000003));
#1963=CARTESIAN_POINT('',(-0.00199289321881325,0.0037,0.000250000000000264));
#1964=CARTESIAN_POINT('',(-0.00216966991410975,0.00387677669529664,0.00949644660940696));
#1965=CARTESIAN_POINT('',(-0.00212338988350394,0.00392305672590245,0.00949644660940696));
#1966=CARTESIAN_POINT('',(-0.0020583430657629,0.00395,0.00949644660940696));
#1967=CARTESIAN_POINT('',(-0.00199289321881312,0.00395,0.00949644660940696));
#1968=CARTESIAN_POINT('',(-0.00267307960518041,0.0037,0.0101845177968647));
#1969=CARTESIAN_POINT('',(-0.00219999999999961,0.00395,0.00985000000000026));
#1970=CARTESIAN_POINT('',(-0.00225038331567278,0.00394999999999999,0.00977874723165794));
#1971=CARTESIAN_POINT('',(-0.00229980834216302,0.00390057497350975,0.0097088496888748));
#1972=CARTESIAN_POINT('',(-0.0023249999999996,0.00382499999999999,0.00967322330470364));
#1973=CARTESIAN_POINT('',(-0.00275851854342738,0.00394148145657231,0.0101656854249495));
#1974=CARTESIAN_POINT('',(-0.00277545821031727,0.00392454178968241,0.0101002355779997));
#1975=CARTESIAN_POINT('',(-0.0027802152262241,0.00388168123013222,0.0100351887602588));
#1976=CARTESIAN_POINT('',(-0.00277144660940637,0.00382500000000001,0.00998890872965284));
#1977=CARTESIAN_POINT('',(-0.00244852927638102,0.00370427614262846,0.00946154317390526));
#1978=CARTESIAN_POINT('',(-0.00232499999999963,0.00382499999999999,0.00967322330470361));
#1979=CARTESIAN_POINT('',(-0.00222748710160481,0.00385751064727605,0.00962725977214514));
#1980=CARTESIAN_POINT('',(-0.00216965861640566,0.00387678799300069,0.00956145256158837));
#1981=CARTESIAN_POINT('',(-0.00216966991410973,0.00387677669529662,0.00949644660940697));
#1982=CARTESIAN_POINT('',(-0.00257322330470301,0.00377322330470339,0.0101656854249495));
#1983=CARTESIAN_POINT('',(-0.00394148145657188,0.0027585185434277,0.0101656854249495));
#1984=CARTESIAN_POINT('',(-0.00392454178968221,0.00277545821031751,0.0101002355779998));
#1985=CARTESIAN_POINT('',(-0.00388168123013194,0.00278021522622418,0.0100351887602587));
#1986=CARTESIAN_POINT('',(-0.0038249999999996,0.0027714466094067,0.00998890872965287));
#1987=CARTESIAN_POINT('',(-0.00412677669529622,0.0022732233047034,0.009496446609407));
#1988=CARTESIAN_POINT('',(-0.00387677669529623,0.00216966991411011,0.00949644660940699));
#1989=CARTESIAN_POINT('',(-0.00387678799300023,0.00216965861640611,0.00956145256158895));
#1990=CARTESIAN_POINT('',(-0.00385751064727587,0.00222748710160474,0.00962725977214499));
#1991=CARTESIAN_POINT('',(-0.00382499999999961,0.002325,0.00967322330470363));
#1992=CARTESIAN_POINT('',(-0.00369999999999964,-0.0001221825406948,0.00820796897832198));
#1993=CARTESIAN_POINT('',(-0.0038249999999996,0.00232499999999999,0.00967322330470364));
#1994=CARTESIAN_POINT('',(-0.00390057497350936,0.00229980834216341,0.0097088496888748));
#1995=CARTESIAN_POINT('',(-0.00394999999999961,0.00225038331567317,0.00977874723165794));
#1996=CARTESIAN_POINT('',(-0.00394999999999962,0.0022,0.00985000000000027));
#1997=CARTESIAN_POINT('',(-0.00370427614142713,0.00244852927445876,0.00946154317553499));
#1998=CARTESIAN_POINT('',(-0.00394999999999962,0.0019928932188135,0.009496446609407));
#1999=CARTESIAN_POINT('',(-0.00394999999999962,0.00205834306576329,0.009496446609407));
#2000=CARTESIAN_POINT('',(-0.00392305672590207,0.00212338988350432,0.009496446609407));
#2001=CARTESIAN_POINT('',(-0.00387677669529625,0.00216966991411014,0.009496446609407));
#2002=CARTESIAN_POINT('',(-0.0036999999999996,0.0019928932188135,0.0110000000000003));
#2003=CARTESIAN_POINT('',(-0.00369999999999976,0.0019928932188135,0.000250000000000288));
#2004=CARTESIAN_POINT('',(-0.0036999999999996,-0.0019928932188135,0.0110000000000003));
#2005=CARTESIAN_POINT('',(-0.00369999999999976,-0.0019928932188135,0.000250000000000288));
#2006=CARTESIAN_POINT('',(-0.00387677669529625,-0.00216966991411014,0.009496446609407));
#2007=CARTESIAN_POINT('',(-0.00392305672590207,-0.00212338988350432,0.009496446609407));
#2008=CARTESIAN_POINT('',(-0.00394999999999962,-0.00205834306576329,0.009496446609407));
#2009=CARTESIAN_POINT('',(-0.00394999999999962,-0.0019928932188135,0.009496446609407));
#2010=CARTESIAN_POINT('',(-0.00369999999999961,-0.0026730796051808,0.0101845177968647));
#2011=CARTESIAN_POINT('',(-0.00394999999999962,-0.00219999999999999,0.00985000000000027));
#2012=CARTESIAN_POINT('',(-0.00394999999999961,-0.00225038331567317,0.00977874723165795));
#2013=CARTESIAN_POINT('',(-0.00390057497350937,-0.0022998083421634,0.00970884968887481));
#2014=CARTESIAN_POINT('',(-0.00382499999999961,-0.00232499999999999,0.00967322330470365));
#2015=CARTESIAN_POINT('',(-0.00394148145657193,-0.00275851854342775,0.0101656854249495));
#2016=CARTESIAN_POINT('',(-0.00392454178968213,-0.00277545821031755,0.0101002355779997));
#2017=CARTESIAN_POINT('',(-0.00388168123013198,-0.00278021522622423,0.0100351887602587));
#2018=CARTESIAN_POINT('',(-0.00382499999999964,-0.00277144660940673,0.00998890872965283));
#2019=CARTESIAN_POINT('',(-0.00370427614262803,-0.0024485292763818,0.00946154317390503));
#2020=CARTESIAN_POINT('',(-0.00382499999999961,-0.00232500000000001,0.00967322330470363));
#2021=CARTESIAN_POINT('',(-0.00385751064727572,-0.00222748710160528,0.00962725977214527));
#2022=CARTESIAN_POINT('',(-0.00387678799300022,-0.00216965861640612,0.00956145256158851));
#2023=CARTESIAN_POINT('',(-0.00387677669529624,-0.00216966991411011,0.00949644660940699));
#2024=CARTESIAN_POINT('',(-0.00377322330470301,-0.0025732233047034,0.0101656854249495));
#2025=CARTESIAN_POINT('',(-0.00275851854342734,-0.00394148145657227,0.0101656854249495));
#2026=CARTESIAN_POINT('',(-0.00277545821031694,-0.0039245417896826,0.0101002355779996));
#2027=CARTESIAN_POINT('',(-0.0027802152262239,-0.00388168123013223,0.0100351887602587));
#2028=CARTESIAN_POINT('',(-0.00277144660940632,-0.00382499999999999,0.00998890872965286));
#2029=CARTESIAN_POINT('',(-0.00227322330470302,-0.0041267766952966,0.00949644660940697));
#2030=CARTESIAN_POINT('',(-0.00216966991410974,-0.00387677669529661,0.00949644660940697));
#2031=CARTESIAN_POINT('',(-0.00216965861640576,-0.00387678799300059,0.00956145256158849));
#2032=CARTESIAN_POINT('',(-0.00222748710160486,-0.00385751064727604,0.00962725977214517));
#2033=CARTESIAN_POINT('',(-0.00232499999999963,-0.00382499999999999,0.00967322330470361));
#2034=CARTESIAN_POINT('',(0.000122182540695164,-0.0037,0.00820796897832192));
#2035=CARTESIAN_POINT('',(-0.00232499999999961,-0.00382499999999998,0.00967322330470361));
#2036=CARTESIAN_POINT('',(-0.00229980834216302,-0.00390057497350975,0.00970884968887477));
#2037=CARTESIAN_POINT('',(-0.00225038331567279,-0.00394999999999999,0.00977874723165791));
#2038=CARTESIAN_POINT('',(-0.00219999999999961,-0.00395,0.00985000000000023));
#2039=CARTESIAN_POINT('',(-0.00244852927578567,-0.003704276142223,0.0094615431742928));
#2040=CARTESIAN_POINT('',(-0.00199289321881312,-0.00395,0.00949644660940696));
#2041=CARTESIAN_POINT('',(-0.0020583430657629,-0.00395,0.00949644660940696));
#2042=CARTESIAN_POINT('',(-0.00212338988350394,-0.00392305672590245,0.00949644660940696));
#2043=CARTESIAN_POINT('',(-0.00216966991410975,-0.00387677669529664,0.00949644660940696));
#2044=CARTESIAN_POINT('',(-0.00199289321881309,-0.0037,0.0110000000000003));
#2045=CARTESIAN_POINT('',(-0.00199289321881325,-0.0037,0.000250000000000264));
#2046=CARTESIAN_POINT('',(0.00199289321881381,-0.0037,0.0110000000000002));
#2047=CARTESIAN_POINT('',(0.00199289321881365,-0.0037,0.000250000000000205));
#2048=CARTESIAN_POINT('',(0.00216966991411047,-0.00387677669529659,0.0094964466094069));
#2049=CARTESIAN_POINT('',(0.00212338988350465,-0.00392305672590243,0.0094964466094069));
#2050=CARTESIAN_POINT('',(0.00205834306576359,-0.00395,0.0094964466094069));
#2051=CARTESIAN_POINT('',(0.00199289321881378,-0.00395,0.0094964466094069));
#2052=CARTESIAN_POINT('',(0.00267307960518119,-0.0037,0.0101845177968646));
#2053=CARTESIAN_POINT('',(0.00220000000000038,-0.00395,0.00985000000000017));
#2054=CARTESIAN_POINT('',(0.00225038331567355,-0.00394999999999999,0.00977874723165785));
#2055=CARTESIAN_POINT('',(0.00229980834216378,-0.00390057497350975,0.00970884968887471));
#2056=CARTESIAN_POINT('',(0.00232500000000037,-0.00382499999999999,0.00967322330470355));
#2057=CARTESIAN_POINT('',(0.00275851854342815,-0.00394148145657231,0.0101656854249494));
#2058=CARTESIAN_POINT('',(0.00277545821031801,-0.00392454178968245,0.0101002355779996));
#2059=CARTESIAN_POINT('',(0.00278021522622482,-0.00388168123013226,0.0100351887602587));
#2060=CARTESIAN_POINT('',(0.00277144660940714,-0.00382500000000001,0.00998890872965275));
#2061=CARTESIAN_POINT('',(0.00244852927445878,-0.00370427614142735,0.00946154317553521));
#2062=CARTESIAN_POINT('',(0.00232500000000038,-0.00382500000000002,0.00967322330470354));
#2063=CARTESIAN_POINT('',(0.00222748710160506,-0.00385751064727648,0.00962725977214501));
#2064=CARTESIAN_POINT('',(0.00216965861640628,-0.00387678799300083,0.00956145256158886));
#2065=CARTESIAN_POINT('',(0.00216966991411046,-0.00387677669529665,0.0094964466094069));
#2066=CARTESIAN_POINT('',(0.00257322330470379,-0.0037732233047034,0.0101656854249494));
#2067=CARTESIAN_POINT('',(0.00394148145657266,-0.00275851854342773,0.0101656854249494));
#2068=CARTESIAN_POINT('',(0.00392454178968302,-0.00277545821031706,0.0101002355779995));
#2069=CARTESIAN_POINT('',(0.00388168123013272,-0.00278021522622404,0.0100351887602585));
#2070=CARTESIAN_POINT('',(0.00382500000000038,-0.00277144660940669,0.00998890872965276));
#2071=CARTESIAN_POINT('',(0.00412677669529698,-0.00227322330470341,0.00949644660940687));
#2072=CARTESIAN_POINT('',(0.003876776695297,-0.00216966991411011,0.00949644660940687));
#2073=CARTESIAN_POINT('',(0.00387678799300104,-0.00216965861640607,0.00956145256158863));
#2074=CARTESIAN_POINT('',(0.00385751064727664,-0.00222748710160483,0.00962725977214494));
#2075=CARTESIAN_POINT('',(0.00382500000000039,-0.00232500000000001,0.00967322330470352));
#2076=CARTESIAN_POINT('',(0.00370000000000036,0.000122182540694796,0.00820796897832187));
#2077=CARTESIAN_POINT('',(0.00382500000000037,-0.00232499999999999,0.00967322330470353));
#2078=CARTESIAN_POINT('',(0.00390057497351013,-0.00229980834216341,0.00970884968887468));
#2079=CARTESIAN_POINT('',(0.00395000000000038,-0.00225038331567317,0.00977874723165782));
#2080=CARTESIAN_POINT('',(0.00395000000000038,-0.0022,0.00985000000000015));
#2081=CARTESIAN_POINT('',(0.0037042761426287,-0.0024485292763803,0.0094615431739058));
#2082=CARTESIAN_POINT('',(0.00395000000000038,-0.0019928932188135,0.00949644660940688));
#2083=CARTESIAN_POINT('',(0.00395000000000038,-0.00205834306576329,0.00949644660940688));
#2084=CARTESIAN_POINT('',(0.00392305672590284,-0.00212338988350432,0.00949644660940688));
#2085=CARTESIAN_POINT('',(0.00387677669529702,-0.00216966991411014,0.00949644660940688));
#2086=CARTESIAN_POINT('',(0.00370000000000041,-0.0019928932188135,0.0110000000000002));
#2087=CARTESIAN_POINT('',(0.00370000000000025,-0.0019928932188135,0.000250000000000181));
#2088=CARTESIAN_POINT('',(0.00370000000000041,0.0019928932188135,0.0110000000000002));
#2089=CARTESIAN_POINT('',(0.00370000000000025,0.0019928932188135,0.000250000000000181));
#2090=CARTESIAN_POINT('',(0.00387677669529702,0.00216966991411014,0.00949644660940688));
#2091=CARTESIAN_POINT('',(0.00392305672590284,0.00212338988350432,0.00949644660940688));
#2092=CARTESIAN_POINT('',(0.00395000000000038,0.00205834306576329,0.00949644660940688));
#2093=CARTESIAN_POINT('',(0.00395000000000038,0.0019928932188135,0.00949644660940688));
#2094=CARTESIAN_POINT('',(0.00370000000000039,0.0026730796051808,0.0101845177968646));
#2095=CARTESIAN_POINT('',(0.00395000000000039,0.0022,0.00985000000000016));
#2096=CARTESIAN_POINT('',(0.00395000000000038,0.00225038331567317,0.00977874723165784));
#2097=CARTESIAN_POINT('',(0.00390057497351013,0.0022998083421634,0.0097088496888747));
#2098=CARTESIAN_POINT('',(0.00382500000000038,0.00232499999999999,0.00967322330470354));
#2099=CARTESIAN_POINT('',(0.00394148145657271,0.00275851854342776,0.0101656854249494));
#2100=CARTESIAN_POINT('',(0.00392454178968289,0.00277545821031757,0.0101002355779996));
#2101=CARTESIAN_POINT('',(0.00388168123013271,0.00278021522622428,0.0100351887602586));
#2102=CARTESIAN_POINT('',(0.00382500000000041,0.00277144660940673,0.00998890872965273));
#2103=CARTESIAN_POINT('',(0.0037042761426286,0.00244852927638056,0.00946154317390599));
#2104=CARTESIAN_POINT('',(0.00382500000000038,0.00232500000000001,0.00967322330470351));
#2105=CARTESIAN_POINT('',(0.00385751064727651,0.00222748710160491,0.00962725977214491));
#2106=CARTESIAN_POINT('',(0.00387678799300098,0.00216965861640613,0.00956145256158858));
#2107=CARTESIAN_POINT('',(0.00387677669529699,0.00216966991411012,0.00949644660940688));
#2108=CARTESIAN_POINT('',(0.00377322330470379,0.0025732233047034,0.0101656854249494));
#2109=CARTESIAN_POINT('',(0.00275851854342812,0.00394148145657227,0.0101656854249494));
#2110=CARTESIAN_POINT('',(0.002775458210318,0.00392454178968256,0.0101002355779996));
#2111=CARTESIAN_POINT('',(0.00278021522622482,0.00388168123013225,0.0100351887602587));
#2112=CARTESIAN_POINT('',(0.00277144660940712,0.00382499999999998,0.00998890872965279));
#2113=CARTESIAN_POINT('',(0.00227322330470378,0.0041267766952966,0.0094964466094069));
#2114=CARTESIAN_POINT('',(0.00216966991411046,0.00387677669529664,0.0094964466094069));
#2115=CARTESIAN_POINT('',(0.0021696586164062,0.0038767879930009,0.00956145256158842));
#2116=CARTESIAN_POINT('',(0.00222748710160549,0.0038575106472763,0.00962725977214519));
#2117=CARTESIAN_POINT('',(0.00232500000000038,0.00382500000000001,0.00967322330470354));
#2118=CARTESIAN_POINT('',(-0.000122182540694436,0.0037,0.00820796897832193));
#2119=CARTESIAN_POINT('',(0.00232500000000038,0.00382499999999998,0.00967322330470356));
#2120=CARTESIAN_POINT('',(0.0022998083421638,0.00390057497350974,0.00970884968887471));
#2121=CARTESIAN_POINT('',(0.00225038331567356,0.00394999999999999,0.00977874723165785));
#2122=CARTESIAN_POINT('',(0.00220000000000039,0.00395,0.00985000000000018));
#2123=CARTESIAN_POINT('',(0.00244852927445942,0.00370427614142754,0.0094615431755348));
#2124=CARTESIAN_POINT('',(0.00199289321881378,0.00395,0.0094964466094069));
#2125=CARTESIAN_POINT('',(0.00205834306576359,0.00395,0.0094964466094069));
#2126=CARTESIAN_POINT('',(0.00212338988350465,0.00392305672590243,0.0094964466094069));
#2127=CARTESIAN_POINT('',(0.00216966991411047,0.00387677669529659,0.0094964466094069));
#2128=CARTESIAN_POINT('',(0.00199289321881381,0.0037,0.0110000000000002));
#2129=CARTESIAN_POINT('',(0.00199289321881365,0.0037,0.000250000000000205));
#2130=CARTESIAN_POINT('',(0.00370000000000025,0.0019928932188135,0.000250000000000181));
#2131=CARTESIAN_POINT('',(0.00370000000000024,0.00199289321881346,1.80411241501588E-16));
#2132=CARTESIAN_POINT('',(0.00370000000000024,0.0019928932188134,1.80411241501588E-16));
#2133=CARTESIAN_POINT('',(0.00370000000000024,0.0156,1.80411241501588E-16));
#2134=CARTESIAN_POINT('',(0.00395000000000024,-0.0019928932188135,0.000250000000000177));
#2135=CARTESIAN_POINT('',(0.00299644660940694,0.0026964466094067,1.90819582357449E-16));
#2136=CARTESIAN_POINT('',(0.00216966991411035,0.0038767766952966,0.000250000000000202));
#2137=CARTESIAN_POINT('',(0.00370000000000025,-0.0019928932188135,0.000250000000000181));
#2138=CARTESIAN_POINT('',(0.00370000000000024,-0.00199289321881345,1.80411241501588E-16));
#2139=CARTESIAN_POINT('',(0.00199289321881365,0.0037,0.000250000000000205));
#2140=CARTESIAN_POINT('',(0.00199289321881364,0.0037,2.04697370165263E-16));
#2141=CARTESIAN_POINT('',(0.018596446609407,0.0129035533905933,-3.81639164714897E-17));
#2142=CARTESIAN_POINT('',(0.00216966991411035,-0.0038767766952966,0.000250000000000202));
#2143=CARTESIAN_POINT('',(0.0159000000000003,0.0037,0.));
#2144=CARTESIAN_POINT('',(-0.00199289321881325,0.00395,0.000250000000000264));
#2145=CARTESIAN_POINT('',(0.00199289321881365,-0.0037,0.000250000000000205));
#2146=CARTESIAN_POINT('',(0.00199289321881364,-0.0037,2.04697370165263E-16));
#2147=CARTESIAN_POINT('',(-0.00199289321881325,0.0037,0.000250000000000264));
#2148=CARTESIAN_POINT('',(-0.00199289321881326,0.0037,2.63677968348475E-16));
#2149=CARTESIAN_POINT('',(0.0159000000000003,-0.0037,0.));
#2150=CARTESIAN_POINT('',(-0.00199289321881325,-0.00395,0.000250000000000264));
#2151=CARTESIAN_POINT('',(0.0129035533905935,0.0185964466094067,4.5102810375397E-17));
#2152=CARTESIAN_POINT('',(-0.0038767766952964,0.00216966991411014,0.000250000000000291));
#2153=CARTESIAN_POINT('',(-0.00199289321881325,-0.0037,0.000250000000000264));
#2154=CARTESIAN_POINT('',(-0.00199289321881321,-0.0037,2.63677968348475E-16));
#2155=CARTESIAN_POINT('',(-0.00369999999999976,0.0019928932188135,0.000250000000000288));
#2156=CARTESIAN_POINT('',(-0.00369999999999976,0.0019928932188135,2.8796409701215E-16));
#2157=CARTESIAN_POINT('',(-0.00269644660940646,-0.0029964466094067,2.74086309204335E-16));
#2158=CARTESIAN_POINT('',(-0.0038767766952964,-0.00216966991411015,0.000250000000000291));
#2159=CARTESIAN_POINT('',(-0.00369999999999976,0.0156,2.8796409701215E-16));
#2160=CARTESIAN_POINT('',(-0.00394999999999976,-0.0019928932188135,0.000250000000000295));
#2161=CARTESIAN_POINT('',(-0.00369999999999976,-0.0019928932188135,0.000250000000000288));
#2162=CARTESIAN_POINT('',(0.00332322330470393,0.00302322330470341,0.0198));
#2163=CARTESIAN_POINT('',(0.00395000000000053,0.00275,0.01955));
#2164=CARTESIAN_POINT('',(0.00264644660940723,0.0037,0.0198));
#2165=CARTESIAN_POINT('',(0.0159000000000006,0.0037,0.0198));
#2166=CARTESIAN_POINT('',(-0.00264644660940617,0.0037,0.0198000000000003));
#2167=CARTESIAN_POINT('',(0.00370000000000053,0.0156,0.0198));
#2168=CARTESIAN_POINT('',(0.00395000000000053,-0.00275,0.01955));
#2169=CARTESIAN_POINT('',(0.0125767766952972,0.0189232233047033,0.0198));
#2170=CARTESIAN_POINT('',(-0.00369999999999947,0.0026464466094067,0.0198000000000003));
#2171=CARTESIAN_POINT('',(0.0189232233047039,0.0125767766952966,0.0198));
#2172=CARTESIAN_POINT('',(0.00275000000000053,-0.00395,0.01955));
#2173=CARTESIAN_POINT('',(-0.00369999999999947,0.0156,0.0198000000000003));
#2174=CARTESIAN_POINT('',(-0.00369999999999947,-0.00264644660940675,0.0198000000000003));
#2175=CARTESIAN_POINT('',(0.0159000000000006,-0.0037,0.0198));
#2176=CARTESIAN_POINT('',(-0.00274999999999947,-0.00395,0.0195500000000003));
#2177=CARTESIAN_POINT('',(-0.00302322330470287,-0.0033232233047034,0.0198000000000003));
#2178=MECHANICAL_DESIGN_GEOMETRIC_PRESENTATION_REPRESENTATION('',(#1264),
#2179);
#2179=(
GEOMETRIC_REPRESENTATION_CONTEXT(3)
GLOBAL_UNCERTAINTY_ASSIGNED_CONTEXT((#2180))
GLOBAL_UNIT_ASSIGNED_CONTEXT((#2183,#2182,#2181))
REPRESENTATION_CONTEXT('[a]_magnet_holder_1x','TOP_LEVEL_ASSEMBLY_PART')
);
#2180=UNCERTAINTY_MEASURE_WITH_UNIT(LENGTH_MEASURE(2.E-5),#2183,
'DISTANCE_ACCURACY_VALUE','Maximum Tolerance applied to model');
#2181=(
NAMED_UNIT(*)
SI_UNIT($,.STERADIAN.)
SOLID_ANGLE_UNIT()
);
#2182=(
NAMED_UNIT(*)
PLANE_ANGLE_UNIT()
SI_UNIT($,.RADIAN.)
);
#2183=(
LENGTH_UNIT()
NAMED_UNIT(*)
SI_UNIT($,.METRE.)
);
#2184=PRODUCT_DEFINITION_SHAPE('','',#2185);
#2185=PRODUCT_DEFINITION('','',#2187,#2186);
#2186=PRODUCT_DEFINITION_CONTEXT('',#2193,'design');
#2187=PRODUCT_DEFINITION_FORMATION_WITH_SPECIFIED_SOURCE('','',#2189,
 .NOT_KNOWN.);
#2188=PRODUCT_RELATED_PRODUCT_CATEGORY('','',(#2189));
#2189=PRODUCT('[a]_magnet_holder_1x','[a]_magnet_holder_1x',
'[a]_magnet_holder_1x',(#2191));
#2190=PRODUCT_CATEGORY('','');
#2191=PRODUCT_CONTEXT('',#2193,'mechanical');
#2192=APPLICATION_PROTOCOL_DEFINITION('international standard',
'ap242_managed_model_based_3d_engineering',2020,#2193);
#2193=APPLICATION_CONTEXT('managed model based 3d engineering');
ENDSEC;
END-ISO-10303-21;
