ISO-10303-21;
HEADER;
/* Generated by software containing ST-Developer
 * from STEP Tools, Inc. (www.steptools.com) 
 */
/* OPTION: using custom renumber hook */

FILE_DESCRIPTION(
/* description */ ('STEP AP242 Edition 2',
'CAx-IF Rec.Pracs.---Representation and Presentation of Product Manufa
cturing Information (PMI)---4.0---2014-10-13',
'CAx-IF Rec.Pracs.---3D Tessellated Geometry---0.4---2014-09-14','2;1',
'CAx-IF Rec.Pracs.---User Defined Attributes---1.5---2016-08-15'),
/* implementation_level */ '2;1');

FILE_NAME(
/* name */ 'INDX_Dock_2020_Print_Ready - magnet_jig_bottom_1x',
/* time_stamp */ '2026-07-25T08:16:27Z',
/* author */ (''),
/* organization */ (''),
/* preprocessor_version */ 'ST-DEVELOPER v20',
/* originating_system */ 'ONSHAPE BY PTC INC, 1.218',
/* authorisation */ '  ');

FILE_SCHEMA (('AP242_MANAGED_MODEL_BASED_3D_ENGINEERING_MIM_LF { 1 0 10303 442 3 1 4 }'));
ENDSEC;

DATA;
#10=SHAPE_REPRESENTATION_RELATIONSHIP('','',#2085,#11);
#11=ADVANCED_BREP_SHAPE_REPRESENTATION('',(#2083),#3419);
#12=CYLINDRICAL_SURFACE('',#2135,0.0004);
#13=CYLINDRICAL_SURFACE('',#2139,0.0004);
#14=CYLINDRICAL_SURFACE('',#2144,0.003);
#15=CYLINDRICAL_SURFACE('',#2154,0.003);
#16=CYLINDRICAL_SURFACE('',#2156,0.003);
#17=CYLINDRICAL_SURFACE('',#2172,0.0014);
#18=CYLINDRICAL_SURFACE('',#2175,0.0014);
#19=CYLINDRICAL_SURFACE('',#2204,0.003);
#20=CYLINDRICAL_SURFACE('',#2228,0.003);
#21=CYLINDRICAL_SURFACE('',#2236,0.003);
#22=CYLINDRICAL_SURFACE('',#2241,0.0014);
#23=CYLINDRICAL_SURFACE('',#2244,0.0004);
#24=CYLINDRICAL_SURFACE('',#2247,0.0004);
#25=CYLINDRICAL_SURFACE('',#2250,0.00139999996870796);
#26=CONICAL_SURFACE('',#2127,0.0012,0.785398163397448);
#27=CONICAL_SURFACE('',#2130,0.0004,0.785398163397448);
#28=CONICAL_SURFACE('',#2132,0.0004,0.785398163397448);
#29=CONICAL_SURFACE('',#2142,0.0032,0.785398163397429);
#30=CONICAL_SURFACE('',#2149,0.0025,0.785398163397452);
#31=CONICAL_SURFACE('',#2152,0.0025,0.785398163397453);
#32=CONICAL_SURFACE('',#2215,0.0004,0.785398163397452);
#33=CONICAL_SURFACE('',#2218,0.0004,0.785398163397452);
#34=CONICAL_SURFACE('',#2221,0.00119999996870796,0.785398163397448);
#35=CONICAL_SURFACE('',#2232,0.0032,0.785398163397511);
#36=CONICAL_SURFACE('',#2233,0.0025,0.785398163397463);
#37=CONICAL_SURFACE('',#2235,0.0025,0.785398163397464);
#38=CIRCLE('',#2090,0.0034);
#39=CIRCLE('',#2091,0.002);
#40=CIRCLE('',#2092,0.002);
#41=CIRCLE('',#2093,0.002);
#42=CIRCLE('',#2094,0.002);
#43=CIRCLE('',#2095,0.0034);
#44=CIRCLE('',#2114,0.003);
#45=CIRCLE('',#2115,0.003);
#46=CIRCLE('',#2128,0.001);
#47=CIRCLE('',#2129,0.0014);
#48=CIRCLE('',#2131,0.0004);
#49=CIRCLE('',#2133,0.0004);
#50=CIRCLE('',#2136,0.0004);
#51=CIRCLE('',#2140,0.0004);
#52=CIRCLE('',#2143,0.003);
#53=CIRCLE('',#2145,0.003);
#54=CIRCLE('',#2146,0.003);
#55=CIRCLE('',#2147,0.003);
#56=CIRCLE('',#2148,0.003);
#57=CIRCLE('',#2150,0.003);
#58=CIRCLE('',#2153,0.003);
#59=CIRCLE('',#2162,0.0014);
#60=CIRCLE('',#2165,0.0014);
#61=CIRCLE('',#2168,0.0014);
#62=CIRCLE('',#2171,0.0014);
#63=CIRCLE('',#2173,0.0014);
#64=CIRCLE('',#2176,0.0014);
#65=CIRCLE('',#2183,0.003);
#66=CIRCLE('',#2184,0.003);
#67=CIRCLE('',#2191,0.003);
#68=CIRCLE('',#2193,0.003);
#69=CIRCLE('',#2195,0.003);
#70=CIRCLE('',#2197,0.003);
#71=CIRCLE('',#2203,0.000999999968707961);
#72=CIRCLE('',#2205,0.003);
#73=CIRCLE('',#2207,0.0014);
#74=CIRCLE('',#2209,0.0014);
#75=CIRCLE('',#2211,0.0014);
#76=CIRCLE('',#2213,0.0014);
#77=CIRCLE('',#2216,0.0004);
#78=CIRCLE('',#2219,0.000399999999999995);
#79=CIRCLE('',#2222,0.00139999996870796);
#80=CIRCLE('',#2229,0.003);
#81=CIRCLE('',#2234,0.003);
#82=CIRCLE('',#2242,0.0014);
#83=CIRCLE('',#2245,0.0004);
#84=CIRCLE('',#2248,0.0004);
#85=CIRCLE('',#2251,0.00139999996870796);
#86=ORIENTED_EDGE('',*,*,#654,.F.);
#87=ORIENTED_EDGE('',*,*,#655,.T.);
#88=ORIENTED_EDGE('',*,*,#656,.F.);
#89=ORIENTED_EDGE('',*,*,#657,.F.);
#90=ORIENTED_EDGE('',*,*,#658,.T.);
#91=ORIENTED_EDGE('',*,*,#659,.F.);
#92=ORIENTED_EDGE('',*,*,#660,.F.);
#93=ORIENTED_EDGE('',*,*,#661,.T.);
#94=ORIENTED_EDGE('',*,*,#662,.F.);
#95=ORIENTED_EDGE('',*,*,#663,.F.);
#96=ORIENTED_EDGE('',*,*,#664,.F.);
#97=ORIENTED_EDGE('',*,*,#665,.F.);
#98=ORIENTED_EDGE('',*,*,#666,.F.);
#99=ORIENTED_EDGE('',*,*,#667,.F.);
#100=ORIENTED_EDGE('',*,*,#668,.F.);
#101=ORIENTED_EDGE('',*,*,#669,.T.);
#102=ORIENTED_EDGE('',*,*,#670,.F.);
#103=ORIENTED_EDGE('',*,*,#671,.F.);
#104=ORIENTED_EDGE('',*,*,#672,.F.);
#105=ORIENTED_EDGE('',*,*,#673,.F.);
#106=ORIENTED_EDGE('',*,*,#674,.F.);
#107=ORIENTED_EDGE('',*,*,#675,.F.);
#108=ORIENTED_EDGE('',*,*,#676,.F.);
#109=ORIENTED_EDGE('',*,*,#677,.F.);
#110=ORIENTED_EDGE('',*,*,#678,.F.);
#111=ORIENTED_EDGE('',*,*,#679,.F.);
#112=ORIENTED_EDGE('',*,*,#680,.F.);
#113=ORIENTED_EDGE('',*,*,#681,.F.);
#114=ORIENTED_EDGE('',*,*,#677,.T.);
#115=ORIENTED_EDGE('',*,*,#682,.T.);
#116=ORIENTED_EDGE('',*,*,#683,.T.);
#117=ORIENTED_EDGE('',*,*,#684,.T.);
#118=ORIENTED_EDGE('',*,*,#668,.T.);
#119=ORIENTED_EDGE('',*,*,#685,.T.);
#120=ORIENTED_EDGE('',*,*,#673,.T.);
#121=ORIENTED_EDGE('',*,*,#686,.F.);
#122=ORIENTED_EDGE('',*,*,#683,.F.);
#123=ORIENTED_EDGE('',*,*,#687,.T.);
#124=ORIENTED_EDGE('',*,*,#688,.F.);
#125=ORIENTED_EDGE('',*,*,#689,.F.);
#126=ORIENTED_EDGE('',*,*,#690,.F.);
#127=ORIENTED_EDGE('',*,*,#691,.F.);
#128=ORIENTED_EDGE('',*,*,#692,.F.);
#129=ORIENTED_EDGE('',*,*,#693,.F.);
#130=ORIENTED_EDGE('',*,*,#694,.T.);
#131=ORIENTED_EDGE('',*,*,#695,.T.);
#132=ORIENTED_EDGE('',*,*,#696,.T.);
#133=ORIENTED_EDGE('',*,*,#697,.T.);
#134=ORIENTED_EDGE('',*,*,#695,.F.);
#135=ORIENTED_EDGE('',*,*,#698,.F.);
#136=ORIENTED_EDGE('',*,*,#699,.F.);
#137=ORIENTED_EDGE('',*,*,#700,.F.);
#138=ORIENTED_EDGE('',*,*,#701,.T.);
#139=ORIENTED_EDGE('',*,*,#702,.T.);
#140=ORIENTED_EDGE('',*,*,#703,.T.);
#141=ORIENTED_EDGE('',*,*,#704,.F.);
#142=ORIENTED_EDGE('',*,*,#705,.T.);
#143=ORIENTED_EDGE('',*,*,#706,.T.);
#144=ORIENTED_EDGE('',*,*,#707,.T.);
#145=ORIENTED_EDGE('',*,*,#702,.F.);
#146=ORIENTED_EDGE('',*,*,#708,.T.);
#147=ORIENTED_EDGE('',*,*,#709,.T.);
#148=ORIENTED_EDGE('',*,*,#710,.T.);
#149=ORIENTED_EDGE('',*,*,#711,.T.);
#150=ORIENTED_EDGE('',*,*,#712,.T.);
#151=ORIENTED_EDGE('',*,*,#713,.T.);
#152=ORIENTED_EDGE('',*,*,#714,.T.);
#153=ORIENTED_EDGE('',*,*,#709,.F.);
#154=ORIENTED_EDGE('',*,*,#715,.T.);
#155=ORIENTED_EDGE('',*,*,#713,.F.);
#156=ORIENTED_EDGE('',*,*,#716,.T.);
#157=ORIENTED_EDGE('',*,*,#717,.T.);
#158=ORIENTED_EDGE('',*,*,#718,.T.);
#159=ORIENTED_EDGE('',*,*,#717,.F.);
#160=ORIENTED_EDGE('',*,*,#719,.T.);
#161=ORIENTED_EDGE('',*,*,#720,.T.);
#162=ORIENTED_EDGE('',*,*,#721,.T.);
#163=ORIENTED_EDGE('',*,*,#711,.F.);
#164=ORIENTED_EDGE('',*,*,#722,.T.);
#165=ORIENTED_EDGE('',*,*,#706,.F.);
#166=ORIENTED_EDGE('',*,*,#723,.T.);
#167=ORIENTED_EDGE('',*,*,#720,.F.);
#168=ORIENTED_EDGE('',*,*,#724,.T.);
#169=ORIENTED_EDGE('',*,*,#704,.T.);
#170=ORIENTED_EDGE('',*,*,#703,.F.);
#171=ORIENTED_EDGE('',*,*,#725,.F.);
#172=ORIENTED_EDGE('',*,*,#726,.T.);
#173=ORIENTED_EDGE('',*,*,#727,.T.);
#174=ORIENTED_EDGE('',*,*,#707,.F.);
#175=ORIENTED_EDGE('',*,*,#728,.F.);
#176=ORIENTED_EDGE('',*,*,#729,.T.);
#177=ORIENTED_EDGE('',*,*,#725,.T.);
#178=ORIENTED_EDGE('',*,*,#722,.F.);
#179=ORIENTED_EDGE('',*,*,#730,.F.);
#180=ORIENTED_EDGE('',*,*,#731,.T.);
#181=ORIENTED_EDGE('',*,*,#728,.T.);
#182=ORIENTED_EDGE('',*,*,#710,.F.);
#183=ORIENTED_EDGE('',*,*,#732,.F.);
#184=ORIENTED_EDGE('',*,*,#733,.T.);
#185=ORIENTED_EDGE('',*,*,#730,.T.);
#186=ORIENTED_EDGE('',*,*,#734,.F.);
#187=ORIENTED_EDGE('',*,*,#670,.T.);
#188=ORIENTED_EDGE('',*,*,#735,.T.);
#189=ORIENTED_EDGE('',*,*,#736,.T.);
#190=ORIENTED_EDGE('',*,*,#737,.T.);
#191=ORIENTED_EDGE('',*,*,#692,.T.);
#192=ORIENTED_EDGE('',*,*,#738,.F.);
#193=ORIENTED_EDGE('',*,*,#697,.F.);
#194=ORIENTED_EDGE('',*,*,#708,.F.);
#195=ORIENTED_EDGE('',*,*,#721,.F.);
#196=ORIENTED_EDGE('',*,*,#705,.F.);
#197=ORIENTED_EDGE('',*,*,#701,.F.);
#198=ORIENTED_EDGE('',*,*,#724,.F.);
#199=ORIENTED_EDGE('',*,*,#719,.F.);
#200=ORIENTED_EDGE('',*,*,#716,.F.);
#201=ORIENTED_EDGE('',*,*,#712,.F.);
#202=ORIENTED_EDGE('',*,*,#739,.F.);
#203=ORIENTED_EDGE('',*,*,#740,.F.);
#204=ORIENTED_EDGE('',*,*,#741,.F.);
#205=ORIENTED_EDGE('',*,*,#742,.F.);
#206=ORIENTED_EDGE('',*,*,#743,.F.);
#207=ORIENTED_EDGE('',*,*,#744,.F.);
#208=ORIENTED_EDGE('',*,*,#740,.T.);
#209=ORIENTED_EDGE('',*,*,#699,.T.);
#210=ORIENTED_EDGE('',*,*,#743,.T.);
#211=ORIENTED_EDGE('',*,*,#745,.T.);
#212=ORIENTED_EDGE('',*,*,#738,.T.);
#213=ORIENTED_EDGE('',*,*,#691,.T.);
#214=ORIENTED_EDGE('',*,*,#744,.T.);
#215=ORIENTED_EDGE('',*,*,#698,.T.);
#216=ORIENTED_EDGE('',*,*,#694,.F.);
#217=ORIENTED_EDGE('',*,*,#742,.T.);
#218=ORIENTED_EDGE('',*,*,#690,.T.);
#219=ORIENTED_EDGE('',*,*,#746,.T.);
#220=ORIENTED_EDGE('',*,*,#747,.T.);
#221=ORIENTED_EDGE('',*,*,#748,.T.);
#222=ORIENTED_EDGE('',*,*,#749,.T.);
#223=ORIENTED_EDGE('',*,*,#664,.T.);
#224=ORIENTED_EDGE('',*,*,#741,.T.);
#225=ORIENTED_EDGE('',*,*,#734,.T.);
#226=ORIENTED_EDGE('',*,*,#696,.F.);
#227=ORIENTED_EDGE('',*,*,#700,.T.);
#228=ORIENTED_EDGE('',*,*,#739,.T.);
#229=ORIENTED_EDGE('',*,*,#671,.T.);
#230=ORIENTED_EDGE('',*,*,#745,.F.);
#231=ORIENTED_EDGE('',*,*,#747,.F.);
#232=ORIENTED_EDGE('',*,*,#750,.F.);
#233=ORIENTED_EDGE('',*,*,#748,.F.);
#234=ORIENTED_EDGE('',*,*,#751,.T.);
#235=ORIENTED_EDGE('',*,*,#752,.T.);
#236=ORIENTED_EDGE('',*,*,#753,.T.);
#237=ORIENTED_EDGE('',*,*,#754,.T.);
#238=ORIENTED_EDGE('',*,*,#755,.T.);
#239=ORIENTED_EDGE('',*,*,#756,.T.);
#240=ORIENTED_EDGE('',*,*,#757,.T.);
#241=ORIENTED_EDGE('',*,*,#758,.T.);
#242=ORIENTED_EDGE('',*,*,#759,.T.);
#243=ORIENTED_EDGE('',*,*,#760,.T.);
#244=ORIENTED_EDGE('',*,*,#761,.T.);
#245=ORIENTED_EDGE('',*,*,#762,.T.);
#246=ORIENTED_EDGE('',*,*,#761,.F.);
#247=ORIENTED_EDGE('',*,*,#763,.T.);
#248=ORIENTED_EDGE('',*,*,#755,.F.);
#249=ORIENTED_EDGE('',*,*,#764,.T.);
#250=ORIENTED_EDGE('',*,*,#759,.F.);
#251=ORIENTED_EDGE('',*,*,#765,.T.);
#252=ORIENTED_EDGE('',*,*,#753,.F.);
#253=ORIENTED_EDGE('',*,*,#751,.F.);
#254=ORIENTED_EDGE('',*,*,#766,.T.);
#255=ORIENTED_EDGE('',*,*,#757,.F.);
#256=ORIENTED_EDGE('',*,*,#754,.F.);
#257=ORIENTED_EDGE('',*,*,#767,.F.);
#258=ORIENTED_EDGE('',*,*,#768,.T.);
#259=ORIENTED_EDGE('',*,*,#769,.F.);
#260=ORIENTED_EDGE('',*,*,#765,.F.);
#261=ORIENTED_EDGE('',*,*,#770,.T.);
#262=ORIENTED_EDGE('',*,*,#771,.T.);
#263=ORIENTED_EDGE('',*,*,#767,.T.);
#264=ORIENTED_EDGE('',*,*,#762,.F.);
#265=ORIENTED_EDGE('',*,*,#772,.F.);
#266=ORIENTED_EDGE('',*,*,#773,.T.);
#267=ORIENTED_EDGE('',*,*,#770,.F.);
#268=ORIENTED_EDGE('',*,*,#752,.F.);
#269=ORIENTED_EDGE('',*,*,#756,.F.);
#270=ORIENTED_EDGE('',*,*,#763,.F.);
#271=ORIENTED_EDGE('',*,*,#760,.F.);
#272=ORIENTED_EDGE('',*,*,#766,.F.);
#273=ORIENTED_EDGE('',*,*,#769,.T.);
#274=ORIENTED_EDGE('',*,*,#774,.T.);
#275=ORIENTED_EDGE('',*,*,#775,.T.);
#276=ORIENTED_EDGE('',*,*,#758,.F.);
#277=ORIENTED_EDGE('',*,*,#775,.F.);
#278=ORIENTED_EDGE('',*,*,#776,.T.);
#279=ORIENTED_EDGE('',*,*,#777,.T.);
#280=ORIENTED_EDGE('',*,*,#778,.T.);
#281=ORIENTED_EDGE('',*,*,#672,.T.);
#282=ORIENTED_EDGE('',*,*,#778,.F.);
#283=ORIENTED_EDGE('',*,*,#779,.T.);
#284=ORIENTED_EDGE('',*,*,#780,.T.);
#285=ORIENTED_EDGE('',*,*,#781,.T.);
#286=ORIENTED_EDGE('',*,*,#782,.F.);
#287=ORIENTED_EDGE('',*,*,#783,.T.);
#288=ORIENTED_EDGE('',*,*,#784,.T.);
#289=ORIENTED_EDGE('',*,*,#785,.T.);
#290=ORIENTED_EDGE('',*,*,#786,.F.);
#291=ORIENTED_EDGE('',*,*,#787,.T.);
#292=ORIENTED_EDGE('',*,*,#678,.T.);
#293=ORIENTED_EDGE('',*,*,#684,.F.);
#294=ORIENTED_EDGE('',*,*,#788,.T.);
#295=ORIENTED_EDGE('',*,*,#787,.F.);
#296=ORIENTED_EDGE('',*,*,#789,.T.);
#297=ORIENTED_EDGE('',*,*,#790,.T.);
#298=ORIENTED_EDGE('',*,*,#679,.T.);
#299=ORIENTED_EDGE('',*,*,#686,.T.);
#300=ORIENTED_EDGE('',*,*,#680,.T.);
#301=ORIENTED_EDGE('',*,*,#790,.F.);
#302=ORIENTED_EDGE('',*,*,#791,.T.);
#303=ORIENTED_EDGE('',*,*,#791,.F.);
#304=ORIENTED_EDGE('',*,*,#792,.T.);
#305=ORIENTED_EDGE('',*,*,#735,.F.);
#306=ORIENTED_EDGE('',*,*,#669,.F.);
#307=ORIENTED_EDGE('',*,*,#789,.F.);
#308=ORIENTED_EDGE('',*,*,#793,.T.);
#309=ORIENTED_EDGE('',*,*,#736,.F.);
#310=ORIENTED_EDGE('',*,*,#792,.F.);
#311=ORIENTED_EDGE('',*,*,#788,.F.);
#312=ORIENTED_EDGE('',*,*,#693,.T.);
#313=ORIENTED_EDGE('',*,*,#737,.F.);
#314=ORIENTED_EDGE('',*,*,#793,.F.);
#315=ORIENTED_EDGE('',*,*,#781,.F.);
#316=ORIENTED_EDGE('',*,*,#794,.F.);
#317=ORIENTED_EDGE('',*,*,#795,.F.);
#318=ORIENTED_EDGE('',*,*,#796,.F.);
#319=ORIENTED_EDGE('',*,*,#785,.F.);
#320=ORIENTED_EDGE('',*,*,#797,.F.);
#321=ORIENTED_EDGE('',*,*,#798,.F.);
#322=ORIENTED_EDGE('',*,*,#799,.F.);
#323=ORIENTED_EDGE('',*,*,#800,.T.);
#324=ORIENTED_EDGE('',*,*,#783,.F.);
#325=ORIENTED_EDGE('',*,*,#798,.T.);
#326=ORIENTED_EDGE('',*,*,#801,.T.);
#327=ORIENTED_EDGE('',*,*,#802,.T.);
#328=ORIENTED_EDGE('',*,*,#803,.T.);
#329=ORIENTED_EDGE('',*,*,#804,.F.);
#330=ORIENTED_EDGE('',*,*,#805,.F.);
#331=ORIENTED_EDGE('',*,*,#806,.F.);
#332=ORIENTED_EDGE('',*,*,#802,.F.);
#333=ORIENTED_EDGE('',*,*,#807,.F.);
#334=ORIENTED_EDGE('',*,*,#786,.T.);
#335=ORIENTED_EDGE('',*,*,#799,.T.);
#336=ORIENTED_EDGE('',*,*,#804,.T.);
#337=ORIENTED_EDGE('',*,*,#808,.T.);
#338=ORIENTED_EDGE('',*,*,#809,.T.);
#339=ORIENTED_EDGE('',*,*,#810,.F.);
#340=ORIENTED_EDGE('',*,*,#794,.T.);
#341=ORIENTED_EDGE('',*,*,#780,.F.);
#342=ORIENTED_EDGE('',*,*,#808,.F.);
#343=ORIENTED_EDGE('',*,*,#803,.F.);
#344=ORIENTED_EDGE('',*,*,#811,.F.);
#345=ORIENTED_EDGE('',*,*,#795,.T.);
#346=ORIENTED_EDGE('',*,*,#810,.T.);
#347=ORIENTED_EDGE('',*,*,#812,.T.);
#348=ORIENTED_EDGE('',*,*,#813,.T.);
#349=ORIENTED_EDGE('',*,*,#814,.F.);
#350=ORIENTED_EDGE('',*,*,#812,.F.);
#351=ORIENTED_EDGE('',*,*,#809,.F.);
#352=ORIENTED_EDGE('',*,*,#815,.F.);
#353=ORIENTED_EDGE('',*,*,#800,.F.);
#354=ORIENTED_EDGE('',*,*,#782,.T.);
#355=ORIENTED_EDGE('',*,*,#796,.T.);
#356=ORIENTED_EDGE('',*,*,#814,.T.);
#357=ORIENTED_EDGE('',*,*,#816,.T.);
#358=ORIENTED_EDGE('',*,*,#805,.T.);
#359=ORIENTED_EDGE('',*,*,#801,.F.);
#360=ORIENTED_EDGE('',*,*,#797,.T.);
#361=ORIENTED_EDGE('',*,*,#784,.F.);
#362=ORIENTED_EDGE('',*,*,#816,.F.);
#363=ORIENTED_EDGE('',*,*,#813,.F.);
#364=ORIENTED_EDGE('',*,*,#817,.F.);
#365=ORIENTED_EDGE('',*,*,#817,.T.);
#366=ORIENTED_EDGE('',*,*,#815,.T.);
#367=ORIENTED_EDGE('',*,*,#811,.T.);
#368=ORIENTED_EDGE('',*,*,#806,.T.);
#369=ORIENTED_EDGE('',*,*,#818,.F.);
#370=ORIENTED_EDGE('',*,*,#807,.T.);
#371=ORIENTED_EDGE('',*,*,#779,.F.);
#372=ORIENTED_EDGE('',*,*,#764,.F.);
#373=ORIENTED_EDGE('',*,*,#777,.F.);
#374=ORIENTED_EDGE('',*,*,#819,.F.);
#375=ORIENTED_EDGE('',*,*,#772,.T.);
#376=ORIENTED_EDGE('',*,*,#729,.F.);
#377=ORIENTED_EDGE('',*,*,#731,.F.);
#378=ORIENTED_EDGE('',*,*,#733,.F.);
#379=ORIENTED_EDGE('',*,*,#820,.F.);
#380=ORIENTED_EDGE('',*,*,#821,.F.);
#381=ORIENTED_EDGE('',*,*,#822,.F.);
#382=ORIENTED_EDGE('',*,*,#823,.F.);
#383=ORIENTED_EDGE('',*,*,#726,.F.);
#384=ORIENTED_EDGE('',*,*,#818,.T.);
#385=ORIENTED_EDGE('',*,*,#819,.T.);
#386=ORIENTED_EDGE('',*,*,#776,.F.);
#387=ORIENTED_EDGE('',*,*,#774,.F.);
#388=ORIENTED_EDGE('',*,*,#768,.F.);
#389=ORIENTED_EDGE('',*,*,#771,.F.);
#390=ORIENTED_EDGE('',*,*,#773,.F.);
#391=ORIENTED_EDGE('',*,*,#723,.F.);
#392=ORIENTED_EDGE('',*,*,#727,.F.);
#393=ORIENTED_EDGE('',*,*,#823,.T.);
#394=ORIENTED_EDGE('',*,*,#824,.T.);
#395=ORIENTED_EDGE('',*,*,#718,.F.);
#396=ORIENTED_EDGE('',*,*,#824,.F.);
#397=ORIENTED_EDGE('',*,*,#822,.T.);
#398=ORIENTED_EDGE('',*,*,#825,.T.);
#399=ORIENTED_EDGE('',*,*,#714,.F.);
#400=ORIENTED_EDGE('',*,*,#826,.F.);
#401=ORIENTED_EDGE('',*,*,#820,.T.);
#402=ORIENTED_EDGE('',*,*,#732,.T.);
#403=ORIENTED_EDGE('',*,*,#715,.F.);
#404=ORIENTED_EDGE('',*,*,#825,.F.);
#405=ORIENTED_EDGE('',*,*,#821,.T.);
#406=ORIENTED_EDGE('',*,*,#826,.T.);
#407=ORIENTED_EDGE('',*,*,#827,.F.);
#408=ORIENTED_EDGE('',*,*,#661,.F.);
#409=ORIENTED_EDGE('',*,*,#828,.F.);
#410=ORIENTED_EDGE('',*,*,#829,.F.);
#411=ORIENTED_EDGE('',*,*,#830,.F.);
#412=ORIENTED_EDGE('',*,*,#831,.F.);
#413=ORIENTED_EDGE('',*,*,#832,.F.);
#414=ORIENTED_EDGE('',*,*,#833,.F.);
#415=ORIENTED_EDGE('',*,*,#834,.F.);
#416=ORIENTED_EDGE('',*,*,#655,.F.);
#417=ORIENTED_EDGE('',*,*,#835,.F.);
#418=ORIENTED_EDGE('',*,*,#688,.T.);
#419=ORIENTED_EDGE('',*,*,#836,.T.);
#420=ORIENTED_EDGE('',*,*,#837,.T.);
#421=ORIENTED_EDGE('',*,*,#838,.T.);
#422=ORIENTED_EDGE('',*,*,#666,.T.);
#423=ORIENTED_EDGE('',*,*,#839,.T.);
#424=ORIENTED_EDGE('',*,*,#663,.T.);
#425=ORIENTED_EDGE('',*,*,#840,.T.);
#426=ORIENTED_EDGE('',*,*,#750,.T.);
#427=ORIENTED_EDGE('',*,*,#827,.T.);
#428=ORIENTED_EDGE('',*,*,#665,.T.);
#429=ORIENTED_EDGE('',*,*,#841,.T.);
#430=ORIENTED_EDGE('',*,*,#662,.T.);
#431=ORIENTED_EDGE('',*,*,#841,.F.);
#432=ORIENTED_EDGE('',*,*,#749,.F.);
#433=ORIENTED_EDGE('',*,*,#840,.F.);
#434=ORIENTED_EDGE('',*,*,#835,.T.);
#435=ORIENTED_EDGE('',*,*,#654,.T.);
#436=ORIENTED_EDGE('',*,*,#842,.T.);
#437=ORIENTED_EDGE('',*,*,#689,.T.);
#438=ORIENTED_EDGE('',*,*,#842,.F.);
#439=ORIENTED_EDGE('',*,*,#839,.F.);
#440=ORIENTED_EDGE('',*,*,#746,.F.);
#441=ORIENTED_EDGE('',*,*,#843,.F.);
#442=ORIENTED_EDGE('',*,*,#844,.F.);
#443=ORIENTED_EDGE('',*,*,#845,.F.);
#444=ORIENTED_EDGE('',*,*,#846,.F.);
#445=ORIENTED_EDGE('',*,*,#847,.T.);
#446=ORIENTED_EDGE('',*,*,#848,.F.);
#447=ORIENTED_EDGE('',*,*,#849,.F.);
#448=ORIENTED_EDGE('',*,*,#850,.F.);
#449=ORIENTED_EDGE('',*,*,#851,.F.);
#450=ORIENTED_EDGE('',*,*,#852,.F.);
#451=ORIENTED_EDGE('',*,*,#853,.T.);
#452=ORIENTED_EDGE('',*,*,#854,.F.);
#453=ORIENTED_EDGE('',*,*,#843,.T.);
#454=ORIENTED_EDGE('',*,*,#855,.T.);
#455=ORIENTED_EDGE('',*,*,#856,.T.);
#456=ORIENTED_EDGE('',*,*,#857,.T.);
#457=ORIENTED_EDGE('',*,*,#858,.F.);
#458=ORIENTED_EDGE('',*,*,#853,.F.);
#459=ORIENTED_EDGE('',*,*,#859,.T.);
#460=ORIENTED_EDGE('',*,*,#844,.T.);
#461=ORIENTED_EDGE('',*,*,#858,.T.);
#462=ORIENTED_EDGE('',*,*,#860,.T.);
#463=ORIENTED_EDGE('',*,*,#861,.T.);
#464=ORIENTED_EDGE('',*,*,#862,.F.);
#465=ORIENTED_EDGE('',*,*,#851,.T.);
#466=ORIENTED_EDGE('',*,*,#863,.F.);
#467=ORIENTED_EDGE('',*,*,#847,.F.);
#468=ORIENTED_EDGE('',*,*,#864,.T.);
#469=ORIENTED_EDGE('',*,*,#849,.T.);
#470=ORIENTED_EDGE('',*,*,#865,.T.);
#471=ORIENTED_EDGE('',*,*,#866,.T.);
#472=ORIENTED_EDGE('',*,*,#867,.T.);
#473=ORIENTED_EDGE('',*,*,#855,.F.);
#474=ORIENTED_EDGE('',*,*,#846,.T.);
#475=ORIENTED_EDGE('',*,*,#868,.F.);
#476=ORIENTED_EDGE('',*,*,#852,.T.);
#477=ORIENTED_EDGE('',*,*,#862,.T.);
#478=ORIENTED_EDGE('',*,*,#869,.T.);
#479=ORIENTED_EDGE('',*,*,#870,.T.);
#480=ORIENTED_EDGE('',*,*,#865,.F.);
#481=ORIENTED_EDGE('',*,*,#871,.F.);
#482=ORIENTED_EDGE('',*,*,#872,.F.);
#483=ORIENTED_EDGE('',*,*,#873,.F.);
#484=ORIENTED_EDGE('',*,*,#874,.F.);
#485=ORIENTED_EDGE('',*,*,#875,.F.);
#486=ORIENTED_EDGE('',*,*,#854,.T.);
#487=ORIENTED_EDGE('',*,*,#863,.T.);
#488=ORIENTED_EDGE('',*,*,#850,.T.);
#489=ORIENTED_EDGE('',*,*,#864,.F.);
#490=ORIENTED_EDGE('',*,*,#848,.T.);
#491=ORIENTED_EDGE('',*,*,#868,.T.);
#492=ORIENTED_EDGE('',*,*,#845,.T.);
#493=ORIENTED_EDGE('',*,*,#859,.F.);
#494=ORIENTED_EDGE('',*,*,#876,.F.);
#495=ORIENTED_EDGE('',*,*,#856,.F.);
#496=ORIENTED_EDGE('',*,*,#867,.F.);
#497=ORIENTED_EDGE('',*,*,#877,.F.);
#498=ORIENTED_EDGE('',*,*,#860,.F.);
#499=ORIENTED_EDGE('',*,*,#857,.F.);
#500=ORIENTED_EDGE('',*,*,#869,.F.);
#501=ORIENTED_EDGE('',*,*,#861,.F.);
#502=ORIENTED_EDGE('',*,*,#878,.F.);
#503=ORIENTED_EDGE('',*,*,#870,.F.);
#504=ORIENTED_EDGE('',*,*,#879,.F.);
#505=ORIENTED_EDGE('',*,*,#866,.F.);
#506=ORIENTED_EDGE('',*,*,#880,.T.);
#507=ORIENTED_EDGE('',*,*,#872,.T.);
#508=ORIENTED_EDGE('',*,*,#881,.F.);
#509=ORIENTED_EDGE('',*,*,#882,.T.);
#510=ORIENTED_EDGE('',*,*,#880,.F.);
#511=ORIENTED_EDGE('',*,*,#883,.T.);
#512=ORIENTED_EDGE('',*,*,#884,.F.);
#513=ORIENTED_EDGE('',*,*,#885,.T.);
#514=ORIENTED_EDGE('',*,*,#873,.T.);
#515=ORIENTED_EDGE('',*,*,#884,.T.);
#516=ORIENTED_EDGE('',*,*,#886,.T.);
#517=ORIENTED_EDGE('',*,*,#885,.F.);
#518=ORIENTED_EDGE('',*,*,#887,.T.);
#519=ORIENTED_EDGE('',*,*,#888,.F.);
#520=ORIENTED_EDGE('',*,*,#889,.F.);
#521=ORIENTED_EDGE('',*,*,#874,.T.);
#522=ORIENTED_EDGE('',*,*,#888,.T.);
#523=ORIENTED_EDGE('',*,*,#890,.T.);
#524=ORIENTED_EDGE('',*,*,#881,.T.);
#525=ORIENTED_EDGE('',*,*,#871,.T.);
#526=ORIENTED_EDGE('',*,*,#889,.T.);
#527=ORIENTED_EDGE('',*,*,#891,.T.);
#528=ORIENTED_EDGE('',*,*,#833,.T.);
#529=ORIENTED_EDGE('',*,*,#892,.T.);
#530=ORIENTED_EDGE('',*,*,#893,.T.);
#531=ORIENTED_EDGE('',*,*,#894,.F.);
#532=ORIENTED_EDGE('',*,*,#832,.T.);
#533=ORIENTED_EDGE('',*,*,#895,.T.);
#534=ORIENTED_EDGE('',*,*,#896,.T.);
#535=ORIENTED_EDGE('',*,*,#892,.F.);
#536=ORIENTED_EDGE('',*,*,#897,.T.);
#537=ORIENTED_EDGE('',*,*,#895,.F.);
#538=ORIENTED_EDGE('',*,*,#831,.T.);
#539=ORIENTED_EDGE('',*,*,#898,.T.);
#540=ORIENTED_EDGE('',*,*,#899,.T.);
#541=ORIENTED_EDGE('',*,*,#898,.F.);
#542=ORIENTED_EDGE('',*,*,#830,.T.);
#543=ORIENTED_EDGE('',*,*,#900,.F.);
#544=ORIENTED_EDGE('',*,*,#901,.T.);
#545=ORIENTED_EDGE('',*,*,#900,.T.);
#546=ORIENTED_EDGE('',*,*,#829,.T.);
#547=ORIENTED_EDGE('',*,*,#902,.T.);
#548=ORIENTED_EDGE('',*,*,#903,.F.);
#549=ORIENTED_EDGE('',*,*,#667,.T.);
#550=ORIENTED_EDGE('',*,*,#838,.F.);
#551=ORIENTED_EDGE('',*,*,#904,.F.);
#552=ORIENTED_EDGE('',*,*,#905,.F.);
#553=ORIENTED_EDGE('',*,*,#904,.T.);
#554=ORIENTED_EDGE('',*,*,#837,.F.);
#555=ORIENTED_EDGE('',*,*,#906,.F.);
#556=ORIENTED_EDGE('',*,*,#907,.F.);
#557=ORIENTED_EDGE('',*,*,#905,.T.);
#558=ORIENTED_EDGE('',*,*,#908,.T.);
#559=ORIENTED_EDGE('',*,*,#675,.T.);
#560=ORIENTED_EDGE('',*,*,#875,.T.);
#561=ORIENTED_EDGE('',*,*,#681,.T.);
#562=ORIENTED_EDGE('',*,*,#682,.F.);
#563=ORIENTED_EDGE('',*,*,#676,.T.);
#564=ORIENTED_EDGE('',*,*,#908,.F.);
#565=ORIENTED_EDGE('',*,*,#909,.T.);
#566=ORIENTED_EDGE('',*,*,#907,.T.);
#567=ORIENTED_EDGE('',*,*,#674,.T.);
#568=ORIENTED_EDGE('',*,*,#685,.F.);
#569=ORIENTED_EDGE('',*,*,#903,.T.);
#570=ORIENTED_EDGE('',*,*,#909,.F.);
#571=ORIENTED_EDGE('',*,*,#906,.T.);
#572=ORIENTED_EDGE('',*,*,#836,.F.);
#573=ORIENTED_EDGE('',*,*,#687,.F.);
#574=ORIENTED_EDGE('',*,*,#901,.F.);
#575=ORIENTED_EDGE('',*,*,#910,.F.);
#576=ORIENTED_EDGE('',*,*,#911,.T.);
#577=ORIENTED_EDGE('',*,*,#912,.F.);
#578=ORIENTED_EDGE('',*,*,#899,.F.);
#579=ORIENTED_EDGE('',*,*,#912,.T.);
#580=ORIENTED_EDGE('',*,*,#913,.T.);
#581=ORIENTED_EDGE('',*,*,#914,.T.);
#582=ORIENTED_EDGE('',*,*,#897,.F.);
#583=ORIENTED_EDGE('',*,*,#914,.F.);
#584=ORIENTED_EDGE('',*,*,#915,.T.);
#585=ORIENTED_EDGE('',*,*,#916,.T.);
#586=ORIENTED_EDGE('',*,*,#896,.F.);
#587=ORIENTED_EDGE('',*,*,#916,.F.);
#588=ORIENTED_EDGE('',*,*,#917,.T.);
#589=ORIENTED_EDGE('',*,*,#918,.T.);
#590=ORIENTED_EDGE('',*,*,#879,.T.);
#591=ORIENTED_EDGE('',*,*,#878,.T.);
#592=ORIENTED_EDGE('',*,*,#877,.T.);
#593=ORIENTED_EDGE('',*,*,#876,.T.);
#594=ORIENTED_EDGE('',*,*,#919,.F.);
#595=ORIENTED_EDGE('',*,*,#882,.F.);
#596=ORIENTED_EDGE('',*,*,#920,.F.);
#597=ORIENTED_EDGE('',*,*,#921,.T.);
#598=ORIENTED_EDGE('',*,*,#922,.F.);
#599=ORIENTED_EDGE('',*,*,#883,.F.);
#600=ORIENTED_EDGE('',*,*,#922,.T.);
#601=ORIENTED_EDGE('',*,*,#923,.T.);
#602=ORIENTED_EDGE('',*,*,#924,.T.);
#603=ORIENTED_EDGE('',*,*,#886,.F.);
#604=ORIENTED_EDGE('',*,*,#924,.F.);
#605=ORIENTED_EDGE('',*,*,#925,.T.);
#606=ORIENTED_EDGE('',*,*,#926,.F.);
#607=ORIENTED_EDGE('',*,*,#887,.F.);
#608=ORIENTED_EDGE('',*,*,#926,.T.);
#609=ORIENTED_EDGE('',*,*,#927,.T.);
#610=ORIENTED_EDGE('',*,*,#928,.T.);
#611=ORIENTED_EDGE('',*,*,#890,.F.);
#612=ORIENTED_EDGE('',*,*,#928,.F.);
#613=ORIENTED_EDGE('',*,*,#929,.T.);
#614=ORIENTED_EDGE('',*,*,#930,.T.);
#615=ORIENTED_EDGE('',*,*,#891,.F.);
#616=ORIENTED_EDGE('',*,*,#930,.F.);
#617=ORIENTED_EDGE('',*,*,#931,.F.);
#618=ORIENTED_EDGE('',*,*,#920,.T.);
#619=ORIENTED_EDGE('',*,*,#893,.F.);
#620=ORIENTED_EDGE('',*,*,#918,.F.);
#621=ORIENTED_EDGE('',*,*,#932,.T.);
#622=ORIENTED_EDGE('',*,*,#933,.T.);
#623=ORIENTED_EDGE('',*,*,#934,.T.);
#624=ORIENTED_EDGE('',*,*,#657,.T.);
#625=ORIENTED_EDGE('',*,*,#935,.F.);
#626=ORIENTED_EDGE('',*,*,#933,.F.);
#627=ORIENTED_EDGE('',*,*,#931,.T.);
#628=ORIENTED_EDGE('',*,*,#929,.F.);
#629=ORIENTED_EDGE('',*,*,#927,.F.);
#630=ORIENTED_EDGE('',*,*,#925,.F.);
#631=ORIENTED_EDGE('',*,*,#923,.F.);
#632=ORIENTED_EDGE('',*,*,#921,.F.);
#633=ORIENTED_EDGE('',*,*,#919,.T.);
#634=ORIENTED_EDGE('',*,*,#658,.F.);
#635=ORIENTED_EDGE('',*,*,#934,.F.);
#636=ORIENTED_EDGE('',*,*,#932,.F.);
#637=ORIENTED_EDGE('',*,*,#917,.F.);
#638=ORIENTED_EDGE('',*,*,#915,.F.);
#639=ORIENTED_EDGE('',*,*,#913,.F.);
#640=ORIENTED_EDGE('',*,*,#911,.F.);
#641=ORIENTED_EDGE('',*,*,#936,.F.);
#642=ORIENTED_EDGE('',*,*,#937,.F.);
#643=ORIENTED_EDGE('',*,*,#659,.T.);
#644=ORIENTED_EDGE('',*,*,#936,.T.);
#645=ORIENTED_EDGE('',*,*,#910,.T.);
#646=ORIENTED_EDGE('',*,*,#935,.T.);
#647=ORIENTED_EDGE('',*,*,#656,.T.);
#648=ORIENTED_EDGE('',*,*,#834,.T.);
#649=ORIENTED_EDGE('',*,*,#894,.T.);
#650=ORIENTED_EDGE('',*,*,#828,.T.);
#651=ORIENTED_EDGE('',*,*,#660,.T.);
#652=ORIENTED_EDGE('',*,*,#937,.T.);
#653=ORIENTED_EDGE('',*,*,#902,.F.);
#654=EDGE_CURVE('',#938,#939,#1110,.T.);
#655=EDGE_CURVE('',#938,#940,#1111,.T.);
#656=EDGE_CURVE('',#941,#940,#1112,.T.);
#657=EDGE_CURVE('',#942,#941,#1113,.T.);
#658=EDGE_CURVE('',#942,#943,#1114,.T.);
#659=EDGE_CURVE('',#944,#943,#1115,.T.);
#660=EDGE_CURVE('',#945,#944,#1116,.T.);
#661=EDGE_CURVE('',#945,#946,#1117,.T.);
#662=EDGE_CURVE('',#947,#946,#1118,.T.);
#663=EDGE_CURVE('',#939,#947,#1119,.T.);
#664=EDGE_CURVE('',#948,#949,#1120,.T.);
#665=EDGE_CURVE('',#950,#948,#1121,.F.);
#666=EDGE_CURVE('',#951,#950,#1122,.T.);
#667=EDGE_CURVE('',#952,#951,#1123,.T.);
#668=EDGE_CURVE('',#953,#952,#1124,.F.);
#669=EDGE_CURVE('',#953,#954,#1125,.T.);
#670=EDGE_CURVE('',#955,#954,#1126,.T.);
#671=EDGE_CURVE('',#949,#955,#1127,.T.);
#672=EDGE_CURVE('',#956,#956,#38,.T.);
#673=EDGE_CURVE('',#957,#958,#1128,.T.);
#674=EDGE_CURVE('',#959,#957,#39,.T.);
#675=EDGE_CURVE('',#960,#959,#1129,.F.);
#676=EDGE_CURVE('',#961,#960,#40,.T.);
#677=EDGE_CURVE('',#962,#961,#1130,.F.);
#678=EDGE_CURVE('',#963,#962,#41,.T.);
#679=EDGE_CURVE('',#964,#963,#1131,.T.);
#680=EDGE_CURVE('',#958,#964,#42,.T.);
#681=EDGE_CURVE('',#965,#965,#43,.T.);
#682=EDGE_CURVE('',#961,#966,#1132,.T.);
#683=EDGE_CURVE('',#966,#967,#1133,.T.);
#684=EDGE_CURVE('',#967,#962,#1134,.F.);
#685=EDGE_CURVE('',#952,#957,#1135,.T.);
#686=EDGE_CURVE('',#953,#958,#1136,.F.);
#687=EDGE_CURVE('',#966,#968,#1137,.T.);
#688=EDGE_CURVE('',#969,#968,#1138,.F.);
#689=EDGE_CURVE('',#970,#969,#1139,.F.);
#690=EDGE_CURVE('',#971,#970,#1140,.F.);
#691=EDGE_CURVE('',#972,#971,#1141,.T.);
#692=EDGE_CURVE('',#973,#972,#1142,.F.);
#693=EDGE_CURVE('',#967,#973,#1143,.T.);
#694=EDGE_CURVE('',#974,#975,#1144,.T.);
#695=EDGE_CURVE('',#975,#976,#1145,.T.);
#696=EDGE_CURVE('',#976,#977,#1146,.T.);
#697=EDGE_CURVE('',#977,#974,#1147,.F.);
#698=EDGE_CURVE('',#978,#975,#1148,.F.);
#699=EDGE_CURVE('',#979,#978,#1149,.F.);
#700=EDGE_CURVE('',#976,#979,#1150,.F.);
#701=EDGE_CURVE('',#980,#981,#1151,.T.);
#702=EDGE_CURVE('',#981,#982,#1152,.T.);
#703=EDGE_CURVE('',#982,#983,#1153,.T.);
#704=EDGE_CURVE('',#980,#983,#1154,.T.);
#705=EDGE_CURVE('',#981,#984,#1155,.F.);
#706=EDGE_CURVE('',#984,#985,#1156,.T.);
#707=EDGE_CURVE('',#985,#982,#1157,.T.);
#708=EDGE_CURVE('',#986,#987,#1158,.T.);
#709=EDGE_CURVE('',#987,#988,#1159,.T.);
#710=EDGE_CURVE('',#988,#989,#1160,.F.);
#711=EDGE_CURVE('',#989,#986,#1161,.T.);
#712=EDGE_CURVE('',#987,#990,#1162,.T.);
#713=EDGE_CURVE('',#990,#991,#1163,.T.);
#714=EDGE_CURVE('',#991,#988,#1164,.T.);
#715=EDGE_CURVE('',#992,#991,#1165,.F.);
#716=EDGE_CURVE('',#990,#993,#1166,.T.);
#717=EDGE_CURVE('',#993,#992,#1167,.T.);
#718=EDGE_CURVE('',#994,#992,#1168,.T.);
#719=EDGE_CURVE('',#993,#995,#1169,.T.);
#720=EDGE_CURVE('',#995,#994,#1170,.T.);
#721=EDGE_CURVE('',#984,#986,#1171,.T.);
#722=EDGE_CURVE('',#989,#985,#1172,.T.);
#723=EDGE_CURVE('',#983,#994,#1173,.T.);
#724=EDGE_CURVE('',#995,#980,#1174,.F.);
#725=EDGE_CURVE('',#996,#982,#1175,.T.);
#726=EDGE_CURVE('',#996,#997,#1176,.T.);
#727=EDGE_CURVE('',#997,#983,#1177,.T.);
#728=EDGE_CURVE('',#998,#985,#1178,.T.);
#729=EDGE_CURVE('',#998,#996,#1179,.T.);
#730=EDGE_CURVE('',#999,#989,#1180,.T.);
#731=EDGE_CURVE('',#999,#998,#1181,.T.);
#732=EDGE_CURVE('',#1000,#988,#1182,.T.);
#733=EDGE_CURVE('',#1000,#999,#1183,.T.);
#734=EDGE_CURVE('',#955,#977,#1184,.T.);
#735=EDGE_CURVE('',#954,#1001,#44,.T.);
#736=EDGE_CURVE('',#1001,#1002,#1185,.T.);
#737=EDGE_CURVE('',#1002,#973,#45,.T.);
#738=EDGE_CURVE('',#974,#972,#1186,.F.);
#739=EDGE_CURVE('',#979,#949,#1187,.F.);
#740=EDGE_CURVE('',#1003,#979,#1188,.T.);
#741=EDGE_CURVE('',#949,#1003,#1189,.F.);
#742=EDGE_CURVE('',#1004,#971,#1190,.F.);
#743=EDGE_CURVE('',#978,#1004,#1191,.F.);
#744=EDGE_CURVE('',#971,#978,#1192,.T.);
#745=EDGE_CURVE('',#1004,#1003,#1193,.T.);
#746=EDGE_CURVE('',#970,#1005,#1194,.T.);
#747=EDGE_CURVE('',#1005,#1004,#1195,.T.);
#748=EDGE_CURVE('',#1003,#1006,#1196,.F.);
#749=EDGE_CURVE('',#1006,#948,#1197,.T.);
#750=EDGE_CURVE('',#1006,#1005,#1198,.F.);
#751=EDGE_CURVE('',#1007,#1008,#1199,.F.);
#752=EDGE_CURVE('',#1008,#1009,#1200,.T.);
#753=EDGE_CURVE('',#1009,#1010,#1201,.T.);
#754=EDGE_CURVE('',#1010,#1007,#1202,.F.);
#755=EDGE_CURVE('',#1011,#1012,#1203,.T.);
#756=EDGE_CURVE('',#1012,#1008,#1204,.T.);
#757=EDGE_CURVE('',#1008,#1013,#1205,.F.);
#758=EDGE_CURVE('',#1013,#1011,#1206,.F.);
#759=EDGE_CURVE('',#1014,#1009,#1207,.F.);
#760=EDGE_CURVE('',#1009,#1015,#1208,.F.);
#761=EDGE_CURVE('',#1015,#1016,#1209,.T.);
#762=EDGE_CURVE('',#1016,#1014,#1210,.T.);
#763=EDGE_CURVE('',#1015,#1012,#46,.T.);
#764=EDGE_CURVE('',#1011,#1016,#47,.F.);
#765=EDGE_CURVE('',#1014,#1010,#48,.F.);
#766=EDGE_CURVE('',#1007,#1013,#49,.F.);
#767=EDGE_CURVE('',#1017,#1010,#1211,.T.);
#768=EDGE_CURVE('',#1017,#1018,#1212,.T.);
#769=EDGE_CURVE('',#1007,#1018,#1213,.F.);
#770=EDGE_CURVE('',#1014,#1019,#1214,.F.);
#771=EDGE_CURVE('',#1019,#1017,#50,.T.);
#772=EDGE_CURVE('',#1020,#1016,#1215,.T.);
#773=EDGE_CURVE('',#1020,#1019,#1216,.T.);
#774=EDGE_CURVE('',#1018,#1021,#51,.T.);
#775=EDGE_CURVE('',#1021,#1013,#1217,.T.);
#776=EDGE_CURVE('',#1021,#1022,#1218,.T.);
#777=EDGE_CURVE('',#1022,#1011,#1219,.T.);
#778=EDGE_CURVE('',#1023,#1023,#52,.F.);
#779=EDGE_CURVE('',#1024,#1025,#53,.T.);
#780=EDGE_CURVE('',#1025,#1026,#1220,.T.);
#781=EDGE_CURVE('',#1026,#1027,#54,.T.);
#782=EDGE_CURVE('',#1028,#1027,#1221,.T.);
#783=EDGE_CURVE('',#1028,#1029,#55,.T.);
#784=EDGE_CURVE('',#1029,#1030,#1222,.T.);
#785=EDGE_CURVE('',#1030,#1031,#56,.T.);
#786=EDGE_CURVE('',#1024,#1031,#1223,.T.);
#787=EDGE_CURVE('',#1032,#963,#1224,.F.);
#788=EDGE_CURVE('',#967,#1032,#57,.F.);
#789=EDGE_CURVE('',#1032,#1033,#1225,.F.);
#790=EDGE_CURVE('',#1033,#964,#1226,.F.);
#791=EDGE_CURVE('',#1033,#953,#58,.F.);
#792=EDGE_CURVE('',#1033,#1001,#1227,.T.);
#793=EDGE_CURVE('',#1032,#1002,#1228,.T.);
#794=EDGE_CURVE('',#1034,#1026,#1229,.T.);
#795=EDGE_CURVE('',#1035,#1034,#1230,.F.);
#796=EDGE_CURVE('',#1027,#1035,#1231,.T.);
#797=EDGE_CURVE('',#1036,#1030,#1232,.T.);
#798=EDGE_CURVE('',#1037,#1036,#1233,.F.);
#799=EDGE_CURVE('',#1031,#1037,#1234,.T.);
#800=EDGE_CURVE('',#1028,#1029,#1235,.T.);
#801=EDGE_CURVE('',#1036,#1038,#1236,.T.);
#802=EDGE_CURVE('',#1038,#1039,#1237,.T.);
#803=EDGE_CURVE('',#1039,#1040,#1238,.T.);
#804=EDGE_CURVE('',#1037,#1040,#1239,.T.);
#805=EDGE_CURVE('',#1041,#1038,#1240,.T.);
#806=EDGE_CURVE('',#1039,#1041,#59,.F.);
#807=EDGE_CURVE('',#1024,#1025,#1241,.F.);
#808=EDGE_CURVE('',#1040,#1042,#1242,.T.);
#809=EDGE_CURVE('',#1042,#1043,#1243,.T.);
#810=EDGE_CURVE('',#1034,#1043,#1244,.T.);
#811=EDGE_CURVE('',#1042,#1039,#60,.F.);
#812=EDGE_CURVE('',#1043,#1044,#1245,.T.);
#813=EDGE_CURVE('',#1044,#1045,#1246,.T.);
#814=EDGE_CURVE('',#1035,#1045,#1247,.T.);
#815=EDGE_CURVE('',#1044,#1042,#61,.F.);
#816=EDGE_CURVE('',#1045,#1041,#1248,.T.);
#817=EDGE_CURVE('',#1041,#1044,#62,.F.);
#818=EDGE_CURVE('',#1046,#1046,#63,.F.);
#819=EDGE_CURVE('',#1020,#1022,#64,.F.);
#820=EDGE_CURVE('',#1047,#1000,#1249,.T.);
#821=EDGE_CURVE('',#1048,#1047,#1250,.T.);
#822=EDGE_CURVE('',#1049,#1048,#1251,.T.);
#823=EDGE_CURVE('',#997,#1049,#1252,.T.);
#824=EDGE_CURVE('',#1049,#994,#1253,.T.);
#825=EDGE_CURVE('',#1048,#992,#1254,.T.);
#826=EDGE_CURVE('',#1047,#991,#1255,.T.);
#827=EDGE_CURVE('',#946,#950,#1256,.T.);
#828=EDGE_CURVE('',#1050,#945,#1257,.T.);
#829=EDGE_CURVE('',#1051,#1050,#1258,.T.);
#830=EDGE_CURVE('',#1052,#1051,#1259,.T.);
#831=EDGE_CURVE('',#1053,#1052,#1260,.T.);
#832=EDGE_CURVE('',#1054,#1053,#1261,.T.);
#833=EDGE_CURVE('',#1055,#1054,#1262,.F.);
#834=EDGE_CURVE('',#940,#1055,#1263,.T.);
#835=EDGE_CURVE('',#969,#938,#1264,.F.);
#836=EDGE_CURVE('',#968,#1056,#65,.T.);
#837=EDGE_CURVE('',#1056,#1057,#1265,.F.);
#838=EDGE_CURVE('',#1057,#951,#66,.T.);
#839=EDGE_CURVE('',#1005,#939,#1266,.F.);
#840=EDGE_CURVE('',#947,#1006,#1267,.T.);
#841=EDGE_CURVE('',#948,#947,#1268,.F.);
#842=EDGE_CURVE('',#939,#970,#1269,.T.);
#843=EDGE_CURVE('',#1058,#1059,#1270,.F.);
#844=EDGE_CURVE('',#1060,#1058,#1271,.T.);
#845=EDGE_CURVE('',#1061,#1060,#67,.T.);
#846=EDGE_CURVE('',#1059,#1061,#1272,.T.);
#847=EDGE_CURVE('',#1062,#1063,#1273,.T.);
#848=EDGE_CURVE('',#1062,#1063,#68,.T.);
#849=EDGE_CURVE('',#1064,#1065,#1274,.T.);
#850=EDGE_CURVE('',#1066,#1064,#69,.T.);
#851=EDGE_CURVE('',#1067,#1066,#1275,.T.);
#852=EDGE_CURVE('',#1065,#1067,#1276,.F.);
#853=EDGE_CURVE('',#1068,#1069,#1277,.F.);
#854=EDGE_CURVE('',#1068,#1069,#70,.T.);
#855=EDGE_CURVE('',#1059,#1070,#1278,.T.);
#856=EDGE_CURVE('',#1070,#1071,#1279,.T.);
#857=EDGE_CURVE('',#1071,#1072,#1280,.T.);
#858=EDGE_CURVE('',#1058,#1072,#1281,.T.);
#859=EDGE_CURVE('',#1068,#1060,#1282,.T.);
#860=EDGE_CURVE('',#1072,#1073,#1283,.T.);
#861=EDGE_CURVE('',#1073,#1074,#1284,.T.);
#862=EDGE_CURVE('',#1067,#1074,#1285,.T.);
#863=EDGE_CURVE('',#1069,#1066,#1286,.T.);
#864=EDGE_CURVE('',#1062,#1064,#1287,.T.);
#865=EDGE_CURVE('',#1065,#1075,#1288,.T.);
#866=EDGE_CURVE('',#1075,#1076,#1289,.T.);
#867=EDGE_CURVE('',#1076,#1070,#1290,.T.);
#868=EDGE_CURVE('',#1063,#1061,#1291,.T.);
#869=EDGE_CURVE('',#1074,#1077,#1292,.T.);
#870=EDGE_CURVE('',#1077,#1075,#1293,.T.);
#871=EDGE_CURVE('',#1078,#1079,#71,.T.);
#872=EDGE_CURVE('',#1080,#1078,#1294,.F.);
#873=EDGE_CURVE('',#1081,#1080,#1295,.T.);
#874=EDGE_CURVE('',#1079,#1081,#1296,.T.);
#875=EDGE_CURVE('',#1082,#1082,#72,.F.);
#876=EDGE_CURVE('',#1071,#1076,#73,.F.);
#877=EDGE_CURVE('',#1073,#1071,#74,.F.);
#878=EDGE_CURVE('',#1077,#1073,#75,.F.);
#879=EDGE_CURVE('',#1076,#1077,#76,.F.);
#880=EDGE_CURVE('',#1083,#1080,#1297,.F.);
#881=EDGE_CURVE('',#1084,#1078,#1298,.F.);
#882=EDGE_CURVE('',#1084,#1083,#1299,.T.);
#883=EDGE_CURVE('',#1083,#1085,#77,.F.);
#884=EDGE_CURVE('',#1080,#1085,#1300,.T.);
#885=EDGE_CURVE('',#1086,#1081,#1301,.F.);
#886=EDGE_CURVE('',#1085,#1086,#1302,.F.);
#887=EDGE_CURVE('',#1086,#1087,#78,.F.);
#888=EDGE_CURVE('',#1081,#1087,#1303,.F.);
#889=EDGE_CURVE('',#1079,#1088,#1304,.T.);
#890=EDGE_CURVE('',#1087,#1088,#1305,.F.);
#891=EDGE_CURVE('',#1088,#1084,#79,.F.);
#892=EDGE_CURVE('',#1054,#1089,#1306,.T.);
#893=EDGE_CURVE('',#1089,#1090,#1307,.T.);
#894=EDGE_CURVE('',#1055,#1090,#1308,.T.);
#895=EDGE_CURVE('',#1053,#1091,#1309,.T.);
#896=EDGE_CURVE('',#1091,#1089,#1310,.T.);
#897=EDGE_CURVE('',#1092,#1091,#1311,.F.);
#898=EDGE_CURVE('',#1052,#1092,#1312,.T.);
#899=EDGE_CURVE('',#1093,#1092,#1313,.T.);
#900=EDGE_CURVE('',#1093,#1051,#1314,.T.);
#901=EDGE_CURVE('',#1094,#1093,#1315,.F.);
#902=EDGE_CURVE('',#1050,#1094,#1316,.T.);
#903=EDGE_CURVE('',#952,#1095,#80,.F.);
#904=EDGE_CURVE('',#1095,#1057,#1317,.T.);
#905=EDGE_CURVE('',#1095,#1096,#1318,.T.);
#906=EDGE_CURVE('',#1096,#1056,#1319,.T.);
#907=EDGE_CURVE('',#1095,#959,#1320,.F.);
#908=EDGE_CURVE('',#1096,#960,#1321,.T.);
#909=EDGE_CURVE('',#1096,#966,#81,.F.);
#910=EDGE_CURVE('',#1097,#1094,#1322,.T.);
#911=EDGE_CURVE('',#1097,#1098,#1323,.T.);
#912=EDGE_CURVE('',#1093,#1098,#1324,.T.);
#913=EDGE_CURVE('',#1098,#1099,#1325,.T.);
#914=EDGE_CURVE('',#1099,#1092,#1326,.T.);
#915=EDGE_CURVE('',#1099,#1100,#1327,.T.);
#916=EDGE_CURVE('',#1100,#1091,#1328,.T.);
#917=EDGE_CURVE('',#1100,#1101,#1329,.T.);
#918=EDGE_CURVE('',#1101,#1089,#1330,.T.);
#919=EDGE_CURVE('',#1102,#1102,#82,.F.);
#920=EDGE_CURVE('',#1103,#1084,#1331,.T.);
#921=EDGE_CURVE('',#1103,#1104,#1332,.T.);
#922=EDGE_CURVE('',#1083,#1104,#1333,.F.);
#923=EDGE_CURVE('',#1104,#1105,#83,.T.);
#924=EDGE_CURVE('',#1105,#1085,#1334,.T.);
#925=EDGE_CURVE('',#1105,#1106,#1335,.T.);
#926=EDGE_CURVE('',#1086,#1106,#1336,.F.);
#927=EDGE_CURVE('',#1106,#1107,#84,.T.);
#928=EDGE_CURVE('',#1107,#1087,#1337,.T.);
#929=EDGE_CURVE('',#1107,#1108,#1338,.T.);
#930=EDGE_CURVE('',#1108,#1088,#1339,.T.);
#931=EDGE_CURVE('',#1103,#1108,#85,.F.);
#932=EDGE_CURVE('',#1101,#1109,#1340,.T.);
#933=EDGE_CURVE('',#1109,#1090,#1341,.T.);
#934=EDGE_CURVE('',#1109,#942,#1342,.T.);
#935=EDGE_CURVE('',#1090,#941,#1343,.T.);
#936=EDGE_CURVE('',#943,#1097,#1344,.T.);
#937=EDGE_CURVE('',#944,#1094,#1345,.T.);
#938=VERTEX_POINT('',#2841);
#939=VERTEX_POINT('',#2842);
#940=VERTEX_POINT('',#2844);
#941=VERTEX_POINT('',#2846);
#942=VERTEX_POINT('',#2848);
#943=VERTEX_POINT('',#2850);
#944=VERTEX_POINT('',#2852);
#945=VERTEX_POINT('',#2854);
#946=VERTEX_POINT('',#2856);
#947=VERTEX_POINT('',#2858);
#948=VERTEX_POINT('',#2862);
#949=VERTEX_POINT('',#2863);
#950=VERTEX_POINT('',#2865);
#951=VERTEX_POINT('',#2867);
#952=VERTEX_POINT('',#2869);
#953=VERTEX_POINT('',#2871);
#954=VERTEX_POINT('',#2873);
#955=VERTEX_POINT('',#2875);
#956=VERTEX_POINT('',#2879);
#957=VERTEX_POINT('',#2881);
#958=VERTEX_POINT('',#2882);
#959=VERTEX_POINT('',#2884);
#960=VERTEX_POINT('',#2886);
#961=VERTEX_POINT('',#2888);
#962=VERTEX_POINT('',#2890);
#963=VERTEX_POINT('',#2892);
#964=VERTEX_POINT('',#2894);
#965=VERTEX_POINT('',#2897);
#966=VERTEX_POINT('',#2900);
#967=VERTEX_POINT('',#2902);
#968=VERTEX_POINT('',#2909);
#969=VERTEX_POINT('',#2911);
#970=VERTEX_POINT('',#2913);
#971=VERTEX_POINT('',#2915);
#972=VERTEX_POINT('',#2917);
#973=VERTEX_POINT('',#2919);
#974=VERTEX_POINT('',#2923);
#975=VERTEX_POINT('',#2924);
#976=VERTEX_POINT('',#2926);
#977=VERTEX_POINT('',#2928);
#978=VERTEX_POINT('',#2932);
#979=VERTEX_POINT('',#2934);
#980=VERTEX_POINT('',#2938);
#981=VERTEX_POINT('',#2939);
#982=VERTEX_POINT('',#2941);
#983=VERTEX_POINT('',#2943);
#984=VERTEX_POINT('',#2947);
#985=VERTEX_POINT('',#2949);
#986=VERTEX_POINT('',#2953);
#987=VERTEX_POINT('',#2954);
#988=VERTEX_POINT('',#2956);
#989=VERTEX_POINT('',#2958);
#990=VERTEX_POINT('',#2962);
#991=VERTEX_POINT('',#2964);
#992=VERTEX_POINT('',#2968);
#993=VERTEX_POINT('',#2970);
#994=VERTEX_POINT('',#2974);
#995=VERTEX_POINT('',#2976);
#996=VERTEX_POINT('',#2986);
#997=VERTEX_POINT('',#2988);
#998=VERTEX_POINT('',#2992);
#999=VERTEX_POINT('',#2996);
#1000=VERTEX_POINT('',#3000);
#1001=VERTEX_POINT('',#3005);
#1002=VERTEX_POINT('',#3007);
#1003=VERTEX_POINT('',#3013);
#1004=VERTEX_POINT('',#3017);
#1005=VERTEX_POINT('',#3025);
#1006=VERTEX_POINT('',#3029);
#1007=VERTEX_POINT('',#3036);
#1008=VERTEX_POINT('',#3037);
#1009=VERTEX_POINT('',#3039);
#1010=VERTEX_POINT('',#3041);
#1011=VERTEX_POINT('',#3045);
#1012=VERTEX_POINT('',#3046);
#1013=VERTEX_POINT('',#3049);
#1014=VERTEX_POINT('',#3053);
#1015=VERTEX_POINT('',#3055);
#1016=VERTEX_POINT('',#3057);
#1017=VERTEX_POINT('',#3068);
#1018=VERTEX_POINT('',#3070);
#1019=VERTEX_POINT('',#3074);
#1020=VERTEX_POINT('',#3078);
#1021=VERTEX_POINT('',#3083);
#1022=VERTEX_POINT('',#3087);
#1023=VERTEX_POINT('',#3091);
#1024=VERTEX_POINT('',#3094);
#1025=VERTEX_POINT('',#3095);
#1026=VERTEX_POINT('',#3097);
#1027=VERTEX_POINT('',#3099);
#1028=VERTEX_POINT('',#3101);
#1029=VERTEX_POINT('',#3103);
#1030=VERTEX_POINT('',#3105);
#1031=VERTEX_POINT('',#3107);
#1032=VERTEX_POINT('',#3111);
#1033=VERTEX_POINT('',#3115);
#1034=VERTEX_POINT('',#3126);
#1035=VERTEX_POINT('',#3128);
#1036=VERTEX_POINT('',#3132);
#1037=VERTEX_POINT('',#3134);
#1038=VERTEX_POINT('',#3140);
#1039=VERTEX_POINT('',#3142);
#1040=VERTEX_POINT('',#3144);
#1041=VERTEX_POINT('',#3148);
#1042=VERTEX_POINT('',#3153);
#1043=VERTEX_POINT('',#3155);
#1044=VERTEX_POINT('',#3161);
#1045=VERTEX_POINT('',#3163);
#1046=VERTEX_POINT('',#3173);
#1047=VERTEX_POINT('',#3179);
#1048=VERTEX_POINT('',#3181);
#1049=VERTEX_POINT('',#3183);
#1050=VERTEX_POINT('',#3195);
#1051=VERTEX_POINT('',#3197);
#1052=VERTEX_POINT('',#3199);
#1053=VERTEX_POINT('',#3201);
#1054=VERTEX_POINT('',#3203);
#1055=VERTEX_POINT('',#3205);
#1056=VERTEX_POINT('',#3209);
#1057=VERTEX_POINT('',#3211);
#1058=VERTEX_POINT('',#3224);
#1059=VERTEX_POINT('',#3225);
#1060=VERTEX_POINT('',#3227);
#1061=VERTEX_POINT('',#3229);
#1062=VERTEX_POINT('',#3233);
#1063=VERTEX_POINT('',#3234);
#1064=VERTEX_POINT('',#3238);
#1065=VERTEX_POINT('',#3239);
#1066=VERTEX_POINT('',#3241);
#1067=VERTEX_POINT('',#3243);
#1068=VERTEX_POINT('',#3247);
#1069=VERTEX_POINT('',#3248);
#1070=VERTEX_POINT('',#3252);
#1071=VERTEX_POINT('',#3254);
#1072=VERTEX_POINT('',#3256);
#1073=VERTEX_POINT('',#3261);
#1074=VERTEX_POINT('',#3263);
#1075=VERTEX_POINT('',#3269);
#1076=VERTEX_POINT('',#3271);
#1077=VERTEX_POINT('',#3276);
#1078=VERTEX_POINT('',#3280);
#1079=VERTEX_POINT('',#3281);
#1080=VERTEX_POINT('',#3283);
#1081=VERTEX_POINT('',#3285);
#1082=VERTEX_POINT('',#3289);
#1083=VERTEX_POINT('',#3300);
#1084=VERTEX_POINT('',#3302);
#1085=VERTEX_POINT('',#3306);
#1086=VERTEX_POINT('',#3310);
#1087=VERTEX_POINT('',#3314);
#1088=VERTEX_POINT('',#3318);
#1089=VERTEX_POINT('',#3324);
#1090=VERTEX_POINT('',#3326);
#1091=VERTEX_POINT('',#3330);
#1092=VERTEX_POINT('',#3334);
#1093=VERTEX_POINT('',#3338);
#1094=VERTEX_POINT('',#3342);
#1095=VERTEX_POINT('',#3346);
#1096=VERTEX_POINT('',#3350);
#1097=VERTEX_POINT('',#3362);
#1098=VERTEX_POINT('',#3364);
#1099=VERTEX_POINT('',#3368);
#1100=VERTEX_POINT('',#3372);
#1101=VERTEX_POINT('',#3376);
#1102=VERTEX_POINT('',#3380);
#1103=VERTEX_POINT('',#3383);
#1104=VERTEX_POINT('',#3385);
#1105=VERTEX_POINT('',#3389);
#1106=VERTEX_POINT('',#3393);
#1107=VERTEX_POINT('',#3397);
#1108=VERTEX_POINT('',#3401);
#1109=VERTEX_POINT('',#3407);
#1110=LINE('',#2840,#1346);
#1111=LINE('',#2843,#1347);
#1112=LINE('',#2845,#1348);
#1113=LINE('',#2847,#1349);
#1114=LINE('',#2849,#1350);
#1115=LINE('',#2851,#1351);
#1116=LINE('',#2853,#1352);
#1117=LINE('',#2855,#1353);
#1118=LINE('',#2857,#1354);
#1119=LINE('',#2859,#1355);
#1120=LINE('',#2861,#1356);
#1121=LINE('',#2864,#1357);
#1122=LINE('',#2866,#1358);
#1123=LINE('',#2868,#1359);
#1124=LINE('',#2870,#1360);
#1125=LINE('',#2872,#1361);
#1126=LINE('',#2874,#1362);
#1127=LINE('',#2876,#1363);
#1128=LINE('',#2880,#1364);
#1129=LINE('',#2885,#1365);
#1130=LINE('',#2889,#1366);
#1131=LINE('',#2893,#1367);
#1132=LINE('',#2899,#1368);
#1133=LINE('',#2901,#1369);
#1134=LINE('',#2903,#1370);
#1135=LINE('',#2905,#1371);
#1136=LINE('',#2906,#1372);
#1137=LINE('',#2908,#1373);
#1138=LINE('',#2910,#1374);
#1139=LINE('',#2912,#1375);
#1140=LINE('',#2914,#1376);
#1141=LINE('',#2916,#1377);
#1142=LINE('',#2918,#1378);
#1143=LINE('',#2920,#1379);
#1144=LINE('',#2922,#1380);
#1145=LINE('',#2925,#1381);
#1146=LINE('',#2927,#1382);
#1147=LINE('',#2929,#1383);
#1148=LINE('',#2931,#1384);
#1149=LINE('',#2933,#1385);
#1150=LINE('',#2935,#1386);
#1151=LINE('',#2937,#1387);
#1152=LINE('',#2940,#1388);
#1153=LINE('',#2942,#1389);
#1154=LINE('',#2944,#1390);
#1155=LINE('',#2946,#1391);
#1156=LINE('',#2948,#1392);
#1157=LINE('',#2950,#1393);
#1158=LINE('',#2952,#1394);
#1159=LINE('',#2955,#1395);
#1160=LINE('',#2957,#1396);
#1161=LINE('',#2959,#1397);
#1162=LINE('',#2961,#1398);
#1163=LINE('',#2963,#1399);
#1164=LINE('',#2965,#1400);
#1165=LINE('',#2967,#1401);
#1166=LINE('',#2969,#1402);
#1167=LINE('',#2971,#1403);
#1168=LINE('',#2973,#1404);
#1169=LINE('',#2975,#1405);
#1170=LINE('',#2977,#1406);
#1171=LINE('',#2979,#1407);
#1172=LINE('',#2980,#1408);
#1173=LINE('',#2982,#1409);
#1174=LINE('',#2983,#1410);
#1175=LINE('',#2985,#1411);
#1176=LINE('',#2987,#1412);
#1177=LINE('',#2989,#1413);
#1178=LINE('',#2991,#1414);
#1179=LINE('',#2993,#1415);
#1180=LINE('',#2995,#1416);
#1181=LINE('',#2997,#1417);
#1182=LINE('',#2999,#1418);
#1183=LINE('',#3001,#1419);
#1184=LINE('',#3003,#1420);
#1185=LINE('',#3006,#1421);
#1186=LINE('',#3009,#1422);
#1187=LINE('',#3011,#1423);
#1188=LINE('',#3012,#1424);
#1189=LINE('',#3014,#1425);
#1190=LINE('',#3016,#1426);
#1191=LINE('',#3018,#1427);
#1192=LINE('',#3019,#1428);
#1193=LINE('',#3021,#1429);
#1194=LINE('',#3024,#1430);
#1195=LINE('',#3026,#1431);
#1196=LINE('',#3028,#1432);
#1197=LINE('',#3030,#1433);
#1198=LINE('',#3033,#1434);
#1199=LINE('',#3035,#1435);
#1200=LINE('',#3038,#1436);
#1201=LINE('',#3040,#1437);
#1202=LINE('',#3042,#1438);
#1203=LINE('',#3044,#1439);
#1204=LINE('',#3047,#1440);
#1205=LINE('',#3048,#1441);
#1206=LINE('',#3050,#1442);
#1207=LINE('',#3052,#1443);
#1208=LINE('',#3054,#1444);
#1209=LINE('',#3056,#1445);
#1210=LINE('',#3058,#1446);
#1211=LINE('',#3067,#1447);
#1212=LINE('',#3069,#1448);
#1213=LINE('',#3071,#1449);
#1214=LINE('',#3073,#1450);
#1215=LINE('',#3077,#1451);
#1216=LINE('',#3079,#1452);
#1217=LINE('',#3084,#1453);
#1218=LINE('',#3086,#1454);
#1219=LINE('',#3088,#1455);
#1220=LINE('',#3096,#1456);
#1221=LINE('',#3100,#1457);
#1222=LINE('',#3104,#1458);
#1223=LINE('',#3108,#1459);
#1224=LINE('',#3110,#1460);
#1225=LINE('',#3114,#1461);
#1226=LINE('',#3116,#1462);
#1227=LINE('',#3120,#1463);
#1228=LINE('',#3122,#1464);
#1229=LINE('',#3125,#1465);
#1230=LINE('',#3127,#1466);
#1231=LINE('',#3129,#1467);
#1232=LINE('',#3131,#1468);
#1233=LINE('',#3133,#1469);
#1234=LINE('',#3135,#1470);
#1235=LINE('',#3137,#1471);
#1236=LINE('',#3139,#1472);
#1237=LINE('',#3141,#1473);
#1238=LINE('',#3143,#1474);
#1239=LINE('',#3145,#1475);
#1240=LINE('',#3147,#1476);
#1241=LINE('',#3151,#1477);
#1242=LINE('',#3152,#1478);
#1243=LINE('',#3154,#1479);
#1244=LINE('',#3156,#1480);
#1245=LINE('',#3160,#1481);
#1246=LINE('',#3162,#1482);
#1247=LINE('',#3164,#1483);
#1248=LINE('',#3168,#1484);
#1249=LINE('',#3178,#1485);
#1250=LINE('',#3180,#1486);
#1251=LINE('',#3182,#1487);
#1252=LINE('',#3184,#1488);
#1253=LINE('',#3186,#1489);
#1254=LINE('',#3188,#1490);
#1255=LINE('',#3190,#1491);
#1256=LINE('',#3193,#1492);
#1257=LINE('',#3194,#1493);
#1258=LINE('',#3196,#1494);
#1259=LINE('',#3198,#1495);
#1260=LINE('',#3200,#1496);
#1261=LINE('',#3202,#1497);
#1262=LINE('',#3204,#1498);
#1263=LINE('',#3206,#1499);
#1264=LINE('',#3207,#1500);
#1265=LINE('',#3210,#1501);
#1266=LINE('',#3214,#1502);
#1267=LINE('',#3215,#1503);
#1268=LINE('',#3217,#1504);
#1269=LINE('',#3220,#1505);
#1270=LINE('',#3223,#1506);
#1271=LINE('',#3226,#1507);
#1272=LINE('',#3230,#1508);
#1273=LINE('',#3232,#1509);
#1274=LINE('',#3237,#1510);
#1275=LINE('',#3242,#1511);
#1276=LINE('',#3244,#1512);
#1277=LINE('',#3246,#1513);
#1278=LINE('',#3251,#1514);
#1279=LINE('',#3253,#1515);
#1280=LINE('',#3255,#1516);
#1281=LINE('',#3257,#1517);
#1282=LINE('',#3259,#1518);
#1283=LINE('',#3260,#1519);
#1284=LINE('',#3262,#1520);
#1285=LINE('',#3264,#1521);
#1286=LINE('',#3265,#1522);
#1287=LINE('',#3267,#1523);
#1288=LINE('',#3268,#1524);
#1289=LINE('',#3270,#1525);
#1290=LINE('',#3272,#1526);
#1291=LINE('',#3273,#1527);
#1292=LINE('',#3275,#1528);
#1293=LINE('',#3277,#1529);
#1294=LINE('',#3282,#1530);
#1295=LINE('',#3284,#1531);
#1296=LINE('',#3286,#1532);
#1297=LINE('',#3299,#1533);
#1298=LINE('',#3301,#1534);
#1299=LINE('',#3303,#1535);
#1300=LINE('',#3307,#1536);
#1301=LINE('',#3309,#1537);
#1302=LINE('',#3311,#1538);
#1303=LINE('',#3315,#1539);
#1304=LINE('',#3317,#1540);
#1305=LINE('',#3319,#1541);
#1306=LINE('',#3323,#1542);
#1307=LINE('',#3325,#1543);
#1308=LINE('',#3327,#1544);
#1309=LINE('',#3329,#1545);
#1310=LINE('',#3331,#1546);
#1311=LINE('',#3333,#1547);
#1312=LINE('',#3335,#1548);
#1313=LINE('',#3337,#1549);
#1314=LINE('',#3339,#1550);
#1315=LINE('',#3341,#1551);
#1316=LINE('',#3343,#1552);
#1317=LINE('',#3347,#1553);
#1318=LINE('',#3349,#1554);
#1319=LINE('',#3351,#1555);
#1320=LINE('',#3353,#1556);
#1321=LINE('',#3354,#1557);
#1322=LINE('',#3361,#1558);
#1323=LINE('',#3363,#1559);
#1324=LINE('',#3365,#1560);
#1325=LINE('',#3367,#1561);
#1326=LINE('',#3369,#1562);
#1327=LINE('',#3371,#1563);
#1328=LINE('',#3373,#1564);
#1329=LINE('',#3375,#1565);
#1330=LINE('',#3377,#1566);
#1331=LINE('',#3382,#1567);
#1332=LINE('',#3384,#1568);
#1333=LINE('',#3386,#1569);
#1334=LINE('',#3390,#1570);
#1335=LINE('',#3392,#1571);
#1336=LINE('',#3394,#1572);
#1337=LINE('',#3398,#1573);
#1338=LINE('',#3400,#1574);
#1339=LINE('',#3402,#1575);
#1340=LINE('',#3406,#1576);
#1341=LINE('',#3408,#1577);
#1342=LINE('',#3410,#1578);
#1343=LINE('',#3411,#1579);
#1344=LINE('',#3413,#1580);
#1345=LINE('',#3415,#1581);
#1346=VECTOR('',#2262,1.);
#1347=VECTOR('',#2263,1.);
#1348=VECTOR('',#2264,1.);
#1349=VECTOR('',#2265,1.);
#1350=VECTOR('',#2266,1.);
#1351=VECTOR('',#2267,1.);
#1352=VECTOR('',#2268,1.);
#1353=VECTOR('',#2269,1.);
#1354=VECTOR('',#2270,1.);
#1355=VECTOR('',#2271,1.);
#1356=VECTOR('',#2274,1.);
#1357=VECTOR('',#2275,1.);
#1358=VECTOR('',#2276,1.);
#1359=VECTOR('',#2277,1.);
#1360=VECTOR('',#2278,1.);
#1361=VECTOR('',#2279,1.);
#1362=VECTOR('',#2280,1.);
#1363=VECTOR('',#2281,1.);
#1364=VECTOR('',#2286,1.);
#1365=VECTOR('',#2289,1.);
#1366=VECTOR('',#2292,1.);
#1367=VECTOR('',#2295,1.);
#1368=VECTOR('',#2302,1.);
#1369=VECTOR('',#2303,1.);
#1370=VECTOR('',#2304,1.);
#1371=VECTOR('',#2307,1.);
#1372=VECTOR('',#2308,1.);
#1373=VECTOR('',#2311,1.);
#1374=VECTOR('',#2312,1.);
#1375=VECTOR('',#2313,1.);
#1376=VECTOR('',#2314,1.);
#1377=VECTOR('',#2315,1.);
#1378=VECTOR('',#2316,1.);
#1379=VECTOR('',#2317,1.);
#1380=VECTOR('',#2320,1.);
#1381=VECTOR('',#2321,1.);
#1382=VECTOR('',#2322,1.);
#1383=VECTOR('',#2323,1.);
#1384=VECTOR('',#2326,1.);
#1385=VECTOR('',#2327,1.);
#1386=VECTOR('',#2328,1.);
#1387=VECTOR('',#2331,1.);
#1388=VECTOR('',#2332,1.);
#1389=VECTOR('',#2333,1.);
#1390=VECTOR('',#2334,1.);
#1391=VECTOR('',#2337,1.);
#1392=VECTOR('',#2338,1.);
#1393=VECTOR('',#2339,1.);
#1394=VECTOR('',#2342,1.);
#1395=VECTOR('',#2343,1.);
#1396=VECTOR('',#2344,1.);
#1397=VECTOR('',#2345,1.);
#1398=VECTOR('',#2348,1.);
#1399=VECTOR('',#2349,1.);
#1400=VECTOR('',#2350,1.);
#1401=VECTOR('',#2353,1.);
#1402=VECTOR('',#2354,1.);
#1403=VECTOR('',#2355,1.);
#1404=VECTOR('',#2358,1.);
#1405=VECTOR('',#2359,1.);
#1406=VECTOR('',#2360,1.);
#1407=VECTOR('',#2363,1.);
#1408=VECTOR('',#2364,1.);
#1409=VECTOR('',#2367,1.);
#1410=VECTOR('',#2368,1.);
#1411=VECTOR('',#2371,1.);
#1412=VECTOR('',#2372,1.);
#1413=VECTOR('',#2373,1.);
#1414=VECTOR('',#2376,1.);
#1415=VECTOR('',#2377,1.);
#1416=VECTOR('',#2380,1.);
#1417=VECTOR('',#2381,1.);
#1418=VECTOR('',#2384,1.);
#1419=VECTOR('',#2385,1.);
#1420=VECTOR('',#2388,1.);
#1421=VECTOR('',#2391,1.);
#1422=VECTOR('',#2394,1.);
#1423=VECTOR('',#2397,1.);
#1424=VECTOR('',#2398,1.);
#1425=VECTOR('',#2399,1.);
#1426=VECTOR('',#2402,1.);
#1427=VECTOR('',#2403,1.);
#1428=VECTOR('',#2404,1.);
#1429=VECTOR('',#2407,1.);
#1430=VECTOR('',#2412,1.);
#1431=VECTOR('',#2413,1.);
#1432=VECTOR('',#2416,1.);
#1433=VECTOR('',#2417,1.);
#1434=VECTOR('',#2422,1.);
#1435=VECTOR('',#2425,1.);
#1436=VECTOR('',#2426,1.);
#1437=VECTOR('',#2427,1.);
#1438=VECTOR('',#2428,1.);
#1439=VECTOR('',#2431,1.);
#1440=VECTOR('',#2432,1.);
#1441=VECTOR('',#2433,1.);
#1442=VECTOR('',#2434,1.);
#1443=VECTOR('',#2437,1.);
#1444=VECTOR('',#2438,1.);
#1445=VECTOR('',#2439,1.);
#1446=VECTOR('',#2440,1.);
#1447=VECTOR('',#2457,1.);
#1448=VECTOR('',#2458,1.);
#1449=VECTOR('',#2459,1.);
#1450=VECTOR('',#2462,1.);
#1451=VECTOR('',#2467,1.);
#1452=VECTOR('',#2468,1.);
#1453=VECTOR('',#2475,1.);
#1454=VECTOR('',#2478,1.);
#1455=VECTOR('',#2479,1.);
#1456=VECTOR('',#2488,1.);
#1457=VECTOR('',#2491,1.);
#1458=VECTOR('',#2494,1.);
#1459=VECTOR('',#2497,1.);
#1460=VECTOR('',#2500,1.);
#1461=VECTOR('',#2505,1.);
#1462=VECTOR('',#2506,1.);
#1463=VECTOR('',#2513,1.);
#1464=VECTOR('',#2516,1.);
#1465=VECTOR('',#2521,1.);
#1466=VECTOR('',#2522,1.);
#1467=VECTOR('',#2523,1.);
#1468=VECTOR('',#2526,1.);
#1469=VECTOR('',#2527,1.);
#1470=VECTOR('',#2528,1.);
#1471=VECTOR('',#2531,1.);
#1472=VECTOR('',#2534,1.);
#1473=VECTOR('',#2535,1.);
#1474=VECTOR('',#2536,1.);
#1475=VECTOR('',#2537,1.);
#1476=VECTOR('',#2540,1.);
#1477=VECTOR('',#2545,1.);
#1478=VECTOR('',#2546,1.);
#1479=VECTOR('',#2547,1.);
#1480=VECTOR('',#2548,1.);
#1481=VECTOR('',#2555,1.);
#1482=VECTOR('',#2556,1.);
#1483=VECTOR('',#2557,1.);
#1484=VECTOR('',#2564,1.);
#1485=VECTOR('',#2581,1.);
#1486=VECTOR('',#2582,1.);
#1487=VECTOR('',#2583,1.);
#1488=VECTOR('',#2584,1.);
#1489=VECTOR('',#2587,1.);
#1490=VECTOR('',#2590,1.);
#1491=VECTOR('',#2593,1.);
#1492=VECTOR('',#2598,1.);
#1493=VECTOR('',#2599,1.);
#1494=VECTOR('',#2600,1.);
#1495=VECTOR('',#2601,1.);
#1496=VECTOR('',#2602,1.);
#1497=VECTOR('',#2603,1.);
#1498=VECTOR('',#2604,1.);
#1499=VECTOR('',#2605,1.);
#1500=VECTOR('',#2606,1.);
#1501=VECTOR('',#2609,1.);
#1502=VECTOR('',#2614,1.);
#1503=VECTOR('',#2615,1.);
#1504=VECTOR('',#2618,1.);
#1505=VECTOR('',#2623,1.);
#1506=VECTOR('',#2628,1.);
#1507=VECTOR('',#2629,1.);
#1508=VECTOR('',#2632,1.);
#1509=VECTOR('',#2635,1.);
#1510=VECTOR('',#2640,1.);
#1511=VECTOR('',#2643,1.);
#1512=VECTOR('',#2644,1.);
#1513=VECTOR('',#2647,1.);
#1514=VECTOR('',#2652,1.);
#1515=VECTOR('',#2653,1.);
#1516=VECTOR('',#2654,1.);
#1517=VECTOR('',#2655,1.);
#1518=VECTOR('',#2658,1.);
#1519=VECTOR('',#2659,1.);
#1520=VECTOR('',#2660,1.);
#1521=VECTOR('',#2661,1.);
#1522=VECTOR('',#2662,1.);
#1523=VECTOR('',#2665,1.);
#1524=VECTOR('',#2666,1.);
#1525=VECTOR('',#2667,1.);
#1526=VECTOR('',#2668,1.);
#1527=VECTOR('',#2669,1.);
#1528=VECTOR('',#2672,1.);
#1529=VECTOR('',#2673,1.);
#1530=VECTOR('',#2678,1.);
#1531=VECTOR('',#2679,1.);
#1532=VECTOR('',#2680,1.);
#1533=VECTOR('',#2703,1.);
#1534=VECTOR('',#2704,1.);
#1535=VECTOR('',#2705,1.);
#1536=VECTOR('',#2710,1.);
#1537=VECTOR('',#2713,1.);
#1538=VECTOR('',#2714,1.);
#1539=VECTOR('',#2719,1.);
#1540=VECTOR('',#2722,1.);
#1541=VECTOR('',#2723,1.);
#1542=VECTOR('',#2730,1.);
#1543=VECTOR('',#2731,1.);
#1544=VECTOR('',#2732,1.);
#1545=VECTOR('',#2735,1.);
#1546=VECTOR('',#2736,1.);
#1547=VECTOR('',#2739,1.);
#1548=VECTOR('',#2740,1.);
#1549=VECTOR('',#2743,1.);
#1550=VECTOR('',#2744,1.);
#1551=VECTOR('',#2747,1.);
#1552=VECTOR('',#2748,1.);
#1553=VECTOR('',#2753,1.);
#1554=VECTOR('',#2756,1.);
#1555=VECTOR('',#2757,1.);
#1556=VECTOR('',#2760,1.);
#1557=VECTOR('',#2761,1.);
#1558=VECTOR('',#2774,1.);
#1559=VECTOR('',#2775,1.);
#1560=VECTOR('',#2776,1.);
#1561=VECTOR('',#2779,1.);
#1562=VECTOR('',#2780,1.);
#1563=VECTOR('',#2783,1.);
#1564=VECTOR('',#2784,1.);
#1565=VECTOR('',#2787,1.);
#1566=VECTOR('',#2788,1.);
#1567=VECTOR('',#2795,1.);
#1568=VECTOR('',#2796,1.);
#1569=VECTOR('',#2797,1.);
#1570=VECTOR('',#2802,1.);
#1571=VECTOR('',#2805,1.);
#1572=VECTOR('',#2806,1.);
#1573=VECTOR('',#2811,1.);
#1574=VECTOR('',#2814,1.);
#1575=VECTOR('',#2815,1.);
#1576=VECTOR('',#2822,1.);
#1577=VECTOR('',#2823,1.);
#1578=VECTOR('',#2826,1.);
#1579=VECTOR('',#2827,1.);
#1580=VECTOR('',#2830,1.);
#1581=VECTOR('',#2833,1.);
#1582=EDGE_LOOP('',(#86,#87,#88,#89,#90,#91,#92,#93,#94,#95));
#1583=EDGE_LOOP('',(#96,#97,#98,#99,#100,#101,#102,#103));
#1584=EDGE_LOOP('',(#104));
#1585=EDGE_LOOP('',(#105,#106,#107,#108,#109,#110,#111,#112));
#1586=EDGE_LOOP('',(#113));
#1587=EDGE_LOOP('',(#114,#115,#116,#117));
#1588=EDGE_LOOP('',(#118,#119,#120,#121));
#1589=EDGE_LOOP('',(#122,#123,#124,#125,#126,#127,#128,#129));
#1590=EDGE_LOOP('',(#130,#131,#132,#133));
#1591=EDGE_LOOP('',(#134,#135,#136,#137));
#1592=EDGE_LOOP('',(#138,#139,#140,#141));
#1593=EDGE_LOOP('',(#142,#143,#144,#145));
#1594=EDGE_LOOP('',(#146,#147,#148,#149));
#1595=EDGE_LOOP('',(#150,#151,#152,#153));
#1596=EDGE_LOOP('',(#154,#155,#156,#157));
#1597=EDGE_LOOP('',(#158,#159,#160,#161));
#1598=EDGE_LOOP('',(#162,#163,#164,#165));
#1599=EDGE_LOOP('',(#166,#167,#168,#169));
#1600=EDGE_LOOP('',(#170,#171,#172,#173));
#1601=EDGE_LOOP('',(#174,#175,#176,#177));
#1602=EDGE_LOOP('',(#178,#179,#180,#181));
#1603=EDGE_LOOP('',(#182,#183,#184,#185));
#1604=EDGE_LOOP('',(#186,#187,#188,#189,#190,#191,#192,#193));
#1605=EDGE_LOOP('',(#194,#195,#196,#197,#198,#199,#200,#201));
#1606=EDGE_LOOP('',(#202,#203,#204));
#1607=EDGE_LOOP('',(#205,#206,#207));
#1608=EDGE_LOOP('',(#208,#209,#210,#211));
#1609=EDGE_LOOP('',(#212,#213,#214,#215,#216));
#1610=EDGE_LOOP('',(#217,#218,#219,#220));
#1611=EDGE_LOOP('',(#221,#222,#223,#224));
#1612=EDGE_LOOP('',(#225,#226,#227,#228,#229));
#1613=EDGE_LOOP('',(#230,#231,#232,#233));
#1614=EDGE_LOOP('',(#234,#235,#236,#237));
#1615=EDGE_LOOP('',(#238,#239,#240,#241));
#1616=EDGE_LOOP('',(#242,#243,#244,#245));
#1617=EDGE_LOOP('',(#246,#247,#248,#249));
#1618=EDGE_LOOP('',(#250,#251,#252));
#1619=EDGE_LOOP('',(#253,#254,#255));
#1620=EDGE_LOOP('',(#256,#257,#258,#259));
#1621=EDGE_LOOP('',(#260,#261,#262,#263));
#1622=EDGE_LOOP('',(#264,#265,#266,#267));
#1623=EDGE_LOOP('',(#268,#269,#270,#271));
#1624=EDGE_LOOP('',(#272,#273,#274,#275));
#1625=EDGE_LOOP('',(#276,#277,#278,#279));
#1626=EDGE_LOOP('',(#280));
#1627=EDGE_LOOP('',(#281));
#1628=EDGE_LOOP('',(#282));
#1629=EDGE_LOOP('',(#283,#284,#285,#286,#287,#288,#289,#290));
#1630=EDGE_LOOP('',(#291,#292,#293,#294));
#1631=EDGE_LOOP('',(#295,#296,#297,#298));
#1632=EDGE_LOOP('',(#299,#300,#301,#302));
#1633=EDGE_LOOP('',(#303,#304,#305,#306));
#1634=EDGE_LOOP('',(#307,#308,#309,#310));
#1635=EDGE_LOOP('',(#311,#312,#313,#314));
#1636=EDGE_LOOP('',(#315,#316,#317,#318));
#1637=EDGE_LOOP('',(#319,#320,#321,#322));
#1638=EDGE_LOOP('',(#323,#324));
#1639=EDGE_LOOP('',(#325,#326,#327,#328,#329));
#1640=EDGE_LOOP('',(#330,#331,#332));
#1641=EDGE_LOOP('',(#333,#334,#335,#336,#337,#338,#339,#340,#341));
#1642=EDGE_LOOP('',(#342,#343,#344));
#1643=EDGE_LOOP('',(#345,#346,#347,#348,#349));
#1644=EDGE_LOOP('',(#350,#351,#352));
#1645=EDGE_LOOP('',(#353,#354,#355,#356,#357,#358,#359,#360,#361));
#1646=EDGE_LOOP('',(#362,#363,#364));
#1647=EDGE_LOOP('',(#365,#366,#367,#368));
#1648=EDGE_LOOP('',(#369));
#1649=EDGE_LOOP('',(#370,#371));
#1650=EDGE_LOOP('',(#372,#373,#374,#375));
#1651=EDGE_LOOP('',(#376,#377,#378,#379,#380,#381,#382,#383));
#1652=EDGE_LOOP('',(#384));
#1653=EDGE_LOOP('',(#385,#386,#387,#388,#389,#390));
#1654=EDGE_LOOP('',(#391,#392,#393,#394));
#1655=EDGE_LOOP('',(#395,#396,#397,#398));
#1656=EDGE_LOOP('',(#399,#400,#401,#402));
#1657=EDGE_LOOP('',(#403,#404,#405,#406));
#1658=EDGE_LOOP('',(#407,#408,#409,#410,#411,#412,#413,#414,#415,#416,#417,
#418,#419,#420,#421,#422));
#1659=EDGE_LOOP('',(#423,#424,#425,#426));
#1660=EDGE_LOOP('',(#427,#428,#429,#430));
#1661=EDGE_LOOP('',(#431,#432,#433));
#1662=EDGE_LOOP('',(#434,#435,#436,#437));
#1663=EDGE_LOOP('',(#438,#439,#440));
#1664=EDGE_LOOP('',(#441,#442,#443,#444));
#1665=EDGE_LOOP('',(#445,#446));
#1666=EDGE_LOOP('',(#447,#448,#449,#450));
#1667=EDGE_LOOP('',(#451,#452));
#1668=EDGE_LOOP('',(#453,#454,#455,#456,#457));
#1669=EDGE_LOOP('',(#458,#459,#460,#461,#462,#463,#464,#465,#466));
#1670=EDGE_LOOP('',(#467,#468,#469,#470,#471,#472,#473,#474,#475));
#1671=EDGE_LOOP('',(#476,#477,#478,#479,#480));
#1672=EDGE_LOOP('',(#481,#482,#483,#484));
#1673=EDGE_LOOP('',(#485));
#1674=EDGE_LOOP('',(#486,#487,#488,#489,#490,#491,#492,#493));
#1675=EDGE_LOOP('',(#494,#495,#496));
#1676=EDGE_LOOP('',(#497,#498,#499));
#1677=EDGE_LOOP('',(#500,#501,#502));
#1678=EDGE_LOOP('',(#503,#504,#505));
#1679=EDGE_LOOP('',(#506,#507,#508,#509));
#1680=EDGE_LOOP('',(#510,#511,#512));
#1681=EDGE_LOOP('',(#513,#514,#515,#516));
#1682=EDGE_LOOP('',(#517,#518,#519));
#1683=EDGE_LOOP('',(#520,#521,#522,#523));
#1684=EDGE_LOOP('',(#524,#525,#526,#527));
#1685=EDGE_LOOP('',(#528,#529,#530,#531));
#1686=EDGE_LOOP('',(#532,#533,#534,#535));
#1687=EDGE_LOOP('',(#536,#537,#538,#539));
#1688=EDGE_LOOP('',(#540,#541,#542,#543));
#1689=EDGE_LOOP('',(#544,#545,#546,#547));
#1690=EDGE_LOOP('',(#548,#549,#550,#551));
#1691=EDGE_LOOP('',(#552,#553,#554,#555));
#1692=EDGE_LOOP('',(#556,#557,#558,#559));
#1693=EDGE_LOOP('',(#560));
#1694=EDGE_LOOP('',(#561));
#1695=EDGE_LOOP('',(#562,#563,#564,#565));
#1696=EDGE_LOOP('',(#566,#567,#568,#569));
#1697=EDGE_LOOP('',(#570,#571,#572,#573));
#1698=EDGE_LOOP('',(#574,#575,#576,#577));
#1699=EDGE_LOOP('',(#578,#579,#580,#581));
#1700=EDGE_LOOP('',(#582,#583,#584,#585));
#1701=EDGE_LOOP('',(#586,#587,#588,#589));
#1702=EDGE_LOOP('',(#590,#591,#592,#593));
#1703=EDGE_LOOP('',(#594));
#1704=EDGE_LOOP('',(#595,#596,#597,#598));
#1705=EDGE_LOOP('',(#599,#600,#601,#602));
#1706=EDGE_LOOP('',(#603,#604,#605,#606));
#1707=EDGE_LOOP('',(#607,#608,#609,#610));
#1708=EDGE_LOOP('',(#611,#612,#613,#614));
#1709=EDGE_LOOP('',(#615,#616,#617,#618));
#1710=EDGE_LOOP('',(#619,#620,#621,#622));
#1711=EDGE_LOOP('',(#623,#624,#625,#626));
#1712=EDGE_LOOP('',(#627,#628,#629,#630,#631,#632));
#1713=EDGE_LOOP('',(#633));
#1714=EDGE_LOOP('',(#634,#635,#636,#637,#638,#639,#640,#641));
#1715=EDGE_LOOP('',(#642,#643,#644,#645));
#1716=EDGE_LOOP('',(#646,#647,#648,#649));
#1717=EDGE_LOOP('',(#650,#651,#652,#653));
#1718=FACE_BOUND('',#1582,.T.);
#1719=FACE_BOUND('',#1583,.T.);
#1720=FACE_BOUND('',#1584,.T.);
#1721=FACE_BOUND('',#1585,.T.);
#1722=FACE_BOUND('',#1586,.T.);
#1723=FACE_BOUND('',#1587,.T.);
#1724=FACE_BOUND('',#1588,.T.);
#1725=FACE_BOUND('',#1589,.T.);
#1726=FACE_BOUND('',#1590,.T.);
#1727=FACE_BOUND('',#1591,.T.);
#1728=FACE_BOUND('',#1592,.T.);
#1729=FACE_BOUND('',#1593,.T.);
#1730=FACE_BOUND('',#1594,.T.);
#1731=FACE_BOUND('',#1595,.T.);
#1732=FACE_BOUND('',#1596,.T.);
#1733=FACE_BOUND('',#1597,.T.);
#1734=FACE_BOUND('',#1598,.T.);
#1735=FACE_BOUND('',#1599,.T.);
#1736=FACE_BOUND('',#1600,.T.);
#1737=FACE_BOUND('',#1601,.T.);
#1738=FACE_BOUND('',#1602,.T.);
#1739=FACE_BOUND('',#1603,.T.);
#1740=FACE_BOUND('',#1604,.T.);
#1741=FACE_BOUND('',#1605,.T.);
#1742=FACE_BOUND('',#1606,.T.);
#1743=FACE_BOUND('',#1607,.T.);
#1744=FACE_BOUND('',#1608,.T.);
#1745=FACE_BOUND('',#1609,.T.);
#1746=FACE_BOUND('',#1610,.T.);
#1747=FACE_BOUND('',#1611,.T.);
#1748=FACE_BOUND('',#1612,.T.);
#1749=FACE_BOUND('',#1613,.T.);
#1750=FACE_BOUND('',#1614,.T.);
#1751=FACE_BOUND('',#1615,.T.);
#1752=FACE_BOUND('',#1616,.T.);
#1753=FACE_BOUND('',#1617,.T.);
#1754=FACE_BOUND('',#1618,.T.);
#1755=FACE_BOUND('',#1619,.T.);
#1756=FACE_BOUND('',#1620,.T.);
#1757=FACE_BOUND('',#1621,.T.);
#1758=FACE_BOUND('',#1622,.T.);
#1759=FACE_BOUND('',#1623,.T.);
#1760=FACE_BOUND('',#1624,.T.);
#1761=FACE_BOUND('',#1625,.T.);
#1762=FACE_BOUND('',#1626,.T.);
#1763=FACE_BOUND('',#1627,.T.);
#1764=FACE_BOUND('',#1628,.T.);
#1765=FACE_BOUND('',#1629,.T.);
#1766=FACE_BOUND('',#1630,.T.);
#1767=FACE_BOUND('',#1631,.T.);
#1768=FACE_BOUND('',#1632,.T.);
#1769=FACE_BOUND('',#1633,.T.);
#1770=FACE_BOUND('',#1634,.T.);
#1771=FACE_BOUND('',#1635,.T.);
#1772=FACE_BOUND('',#1636,.T.);
#1773=FACE_BOUND('',#1637,.T.);
#1774=FACE_BOUND('',#1638,.T.);
#1775=FACE_BOUND('',#1639,.T.);
#1776=FACE_BOUND('',#1640,.T.);
#1777=FACE_BOUND('',#1641,.T.);
#1778=FACE_BOUND('',#1642,.T.);
#1779=FACE_BOUND('',#1643,.T.);
#1780=FACE_BOUND('',#1644,.T.);
#1781=FACE_BOUND('',#1645,.T.);
#1782=FACE_BOUND('',#1646,.T.);
#1783=FACE_BOUND('',#1647,.T.);
#1784=FACE_BOUND('',#1648,.T.);
#1785=FACE_BOUND('',#1649,.T.);
#1786=FACE_BOUND('',#1650,.T.);
#1787=FACE_BOUND('',#1651,.T.);
#1788=FACE_BOUND('',#1652,.T.);
#1789=FACE_BOUND('',#1653,.T.);
#1790=FACE_BOUND('',#1654,.T.);
#1791=FACE_BOUND('',#1655,.T.);
#1792=FACE_BOUND('',#1656,.T.);
#1793=FACE_BOUND('',#1657,.T.);
#1794=FACE_BOUND('',#1658,.T.);
#1795=FACE_BOUND('',#1659,.T.);
#1796=FACE_BOUND('',#1660,.T.);
#1797=FACE_BOUND('',#1661,.T.);
#1798=FACE_BOUND('',#1662,.T.);
#1799=FACE_BOUND('',#1663,.T.);
#1800=FACE_BOUND('',#1664,.T.);
#1801=FACE_BOUND('',#1665,.T.);
#1802=FACE_BOUND('',#1666,.T.);
#1803=FACE_BOUND('',#1667,.T.);
#1804=FACE_BOUND('',#1668,.T.);
#1805=FACE_BOUND('',#1669,.T.);
#1806=FACE_BOUND('',#1670,.T.);
#1807=FACE_BOUND('',#1671,.T.);
#1808=FACE_BOUND('',#1672,.T.);
#1809=FACE_BOUND('',#1673,.T.);
#1810=FACE_BOUND('',#1674,.T.);
#1811=FACE_BOUND('',#1675,.T.);
#1812=FACE_BOUND('',#1676,.T.);
#1813=FACE_BOUND('',#1677,.T.);
#1814=FACE_BOUND('',#1678,.T.);
#1815=FACE_BOUND('',#1679,.T.);
#1816=FACE_BOUND('',#1680,.T.);
#1817=FACE_BOUND('',#1681,.T.);
#1818=FACE_BOUND('',#1682,.T.);
#1819=FACE_BOUND('',#1683,.T.);
#1820=FACE_BOUND('',#1684,.T.);
#1821=FACE_BOUND('',#1685,.T.);
#1822=FACE_BOUND('',#1686,.T.);
#1823=FACE_BOUND('',#1687,.T.);
#1824=FACE_BOUND('',#1688,.T.);
#1825=FACE_BOUND('',#1689,.T.);
#1826=FACE_BOUND('',#1690,.T.);
#1827=FACE_BOUND('',#1691,.T.);
#1828=FACE_BOUND('',#1692,.T.);
#1829=FACE_BOUND('',#1693,.T.);
#1830=FACE_BOUND('',#1694,.T.);
#1831=FACE_BOUND('',#1695,.T.);
#1832=FACE_BOUND('',#1696,.T.);
#1833=FACE_BOUND('',#1697,.T.);
#1834=FACE_BOUND('',#1698,.T.);
#1835=FACE_BOUND('',#1699,.T.);
#1836=FACE_BOUND('',#1700,.T.);
#1837=FACE_BOUND('',#1701,.T.);
#1838=FACE_BOUND('',#1702,.T.);
#1839=FACE_BOUND('',#1703,.T.);
#1840=FACE_BOUND('',#1704,.T.);
#1841=FACE_BOUND('',#1705,.T.);
#1842=FACE_BOUND('',#1706,.T.);
#1843=FACE_BOUND('',#1707,.T.);
#1844=FACE_BOUND('',#1708,.T.);
#1845=FACE_BOUND('',#1709,.T.);
#1846=FACE_BOUND('',#1710,.T.);
#1847=FACE_BOUND('',#1711,.T.);
#1848=FACE_BOUND('',#1712,.T.);
#1849=FACE_BOUND('',#1713,.T.);
#1850=FACE_BOUND('',#1714,.T.);
#1851=FACE_BOUND('',#1715,.T.);
#1852=FACE_BOUND('',#1716,.T.);
#1853=FACE_BOUND('',#1717,.T.);
#1854=PLANE('',#2087);
#1855=PLANE('',#2088);
#1856=PLANE('',#2089);
#1857=PLANE('',#2096);
#1858=PLANE('',#2097);
#1859=PLANE('',#2098);
#1860=PLANE('',#2099);
#1861=PLANE('',#2100);
#1862=PLANE('',#2101);
#1863=PLANE('',#2102);
#1864=PLANE('',#2103);
#1865=PLANE('',#2104);
#1866=PLANE('',#2105);
#1867=PLANE('',#2106);
#1868=PLANE('',#2107);
#1869=PLANE('',#2108);
#1870=PLANE('',#2109);
#1871=PLANE('',#2110);
#1872=PLANE('',#2111);
#1873=PLANE('',#2112);
#1874=PLANE('',#2113);
#1875=PLANE('',#2116);
#1876=PLANE('',#2117);
#1877=PLANE('',#2118);
#1878=PLANE('',#2119);
#1879=PLANE('',#2120);
#1880=PLANE('',#2121);
#1881=PLANE('',#2122);
#1882=PLANE('',#2123);
#1883=PLANE('',#2124);
#1884=PLANE('',#2125);
#1885=PLANE('',#2126);
#1886=PLANE('',#2134);
#1887=PLANE('',#2137);
#1888=PLANE('',#2138);
#1889=PLANE('',#2141);
#1890=PLANE('',#2151);
#1891=PLANE('',#2155);
#1892=PLANE('',#2157);
#1893=PLANE('',#2158);
#1894=PLANE('',#2159);
#1895=PLANE('',#2160);
#1896=PLANE('',#2161);
#1897=PLANE('',#2163);
#1898=PLANE('',#2164);
#1899=PLANE('',#2166);
#1900=PLANE('',#2167);
#1901=PLANE('',#2169);
#1902=PLANE('',#2170);
#1903=PLANE('',#2174);
#1904=PLANE('',#2177);
#1905=PLANE('',#2178);
#1906=PLANE('',#2179);
#1907=PLANE('',#2180);
#1908=PLANE('',#2181);
#1909=PLANE('',#2182);
#1910=PLANE('',#2185);
#1911=PLANE('',#2186);
#1912=PLANE('',#2187);
#1913=PLANE('',#2188);
#1914=PLANE('',#2189);
#1915=PLANE('',#2190);
#1916=PLANE('',#2192);
#1917=PLANE('',#2194);
#1918=PLANE('',#2196);
#1919=PLANE('',#2198);
#1920=PLANE('',#2199);
#1921=PLANE('',#2200);
#1922=PLANE('',#2201);
#1923=PLANE('',#2202);
#1924=PLANE('',#2206);
#1925=PLANE('',#2208);
#1926=PLANE('',#2210);
#1927=PLANE('',#2212);
#1928=PLANE('',#2214);
#1929=PLANE('',#2217);
#1930=PLANE('',#2220);
#1931=PLANE('',#2223);
#1932=PLANE('',#2224);
#1933=PLANE('',#2225);
#1934=PLANE('',#2226);
#1935=PLANE('',#2227);
#1936=PLANE('',#2230);
#1937=PLANE('',#2231);
#1938=PLANE('',#2237);
#1939=PLANE('',#2238);
#1940=PLANE('',#2239);
#1941=PLANE('',#2240);
#1942=PLANE('',#2243);
#1943=PLANE('',#2246);
#1944=PLANE('',#2249);
#1945=PLANE('',#2252);
#1946=PLANE('',#2253);
#1947=PLANE('',#2254);
#1948=PLANE('',#2255);
#1949=PLANE('',#2256);
#1950=PLANE('',#2257);
#1951=ADVANCED_FACE('',(#1718),#1854,.T.);
#1952=ADVANCED_FACE('',(#1719),#1855,.T.);
#1953=ADVANCED_FACE('',(#1720,#1721,#1722),#1856,.T.);
#1954=ADVANCED_FACE('',(#1723),#1857,.T.);
#1955=ADVANCED_FACE('',(#1724),#1858,.T.);
#1956=ADVANCED_FACE('',(#1725),#1859,.T.);
#1957=ADVANCED_FACE('',(#1726),#1860,.T.);
#1958=ADVANCED_FACE('',(#1727),#1861,.T.);
#1959=ADVANCED_FACE('',(#1728),#1862,.T.);
#1960=ADVANCED_FACE('',(#1729),#1863,.T.);
#1961=ADVANCED_FACE('',(#1730),#1864,.T.);
#1962=ADVANCED_FACE('',(#1731),#1865,.T.);
#1963=ADVANCED_FACE('',(#1732),#1866,.T.);
#1964=ADVANCED_FACE('',(#1733),#1867,.T.);
#1965=ADVANCED_FACE('',(#1734),#1868,.T.);
#1966=ADVANCED_FACE('',(#1735),#1869,.T.);
#1967=ADVANCED_FACE('',(#1736),#1870,.T.);
#1968=ADVANCED_FACE('',(#1737),#1871,.T.);
#1969=ADVANCED_FACE('',(#1738),#1872,.T.);
#1970=ADVANCED_FACE('',(#1739),#1873,.T.);
#1971=ADVANCED_FACE('',(#1740,#1741),#1874,.F.);
#1972=ADVANCED_FACE('',(#1742),#1875,.T.);
#1973=ADVANCED_FACE('',(#1743),#1876,.T.);
#1974=ADVANCED_FACE('',(#1744),#1877,.T.);
#1975=ADVANCED_FACE('',(#1745),#1878,.T.);
#1976=ADVANCED_FACE('',(#1746),#1879,.T.);
#1977=ADVANCED_FACE('',(#1747),#1880,.T.);
#1978=ADVANCED_FACE('',(#1748),#1881,.T.);
#1979=ADVANCED_FACE('',(#1749),#1882,.T.);
#1980=ADVANCED_FACE('',(#1750),#1883,.T.);
#1981=ADVANCED_FACE('',(#1751),#1884,.T.);
#1982=ADVANCED_FACE('',(#1752),#1885,.T.);
#1983=ADVANCED_FACE('',(#1753),#26,.T.);
#1984=ADVANCED_FACE('',(#1754),#27,.T.);
#1985=ADVANCED_FACE('',(#1755),#28,.T.);
#1986=ADVANCED_FACE('',(#1756),#1886,.T.);
#1987=ADVANCED_FACE('',(#1757),#12,.T.);
#1988=ADVANCED_FACE('',(#1758),#1887,.T.);
#1989=ADVANCED_FACE('',(#1759),#1888,.F.);
#1990=ADVANCED_FACE('',(#1760),#13,.T.);
#1991=ADVANCED_FACE('',(#1761),#1889,.T.);
#1992=ADVANCED_FACE('',(#1762,#1763),#29,.F.);
#1993=ADVANCED_FACE('',(#1764,#1765),#14,.F.);
#1994=ADVANCED_FACE('',(#1766),#30,.T.);
#1995=ADVANCED_FACE('',(#1767),#1890,.T.);
#1996=ADVANCED_FACE('',(#1768),#31,.T.);
#1997=ADVANCED_FACE('',(#1769),#15,.T.);
#1998=ADVANCED_FACE('',(#1770),#1891,.T.);
#1999=ADVANCED_FACE('',(#1771),#16,.T.);
#2000=ADVANCED_FACE('',(#1772),#1892,.T.);
#2001=ADVANCED_FACE('',(#1773),#1893,.T.);
#2002=ADVANCED_FACE('',(#1774),#1894,.T.);
#2003=ADVANCED_FACE('',(#1775),#1895,.F.);
#2004=ADVANCED_FACE('',(#1776),#1896,.T.);
#2005=ADVANCED_FACE('',(#1777),#1897,.F.);
#2006=ADVANCED_FACE('',(#1778),#1898,.T.);
#2007=ADVANCED_FACE('',(#1779),#1899,.F.);
#2008=ADVANCED_FACE('',(#1780),#1900,.T.);
#2009=ADVANCED_FACE('',(#1781),#1901,.F.);
#2010=ADVANCED_FACE('',(#1782),#1902,.T.);
#2011=ADVANCED_FACE('',(#1783,#1784),#17,.F.);
#2012=ADVANCED_FACE('',(#1785),#1903,.T.);
#2013=ADVANCED_FACE('',(#1786),#18,.T.);
#2014=ADVANCED_FACE('',(#1787,#1788,#1789),#1904,.F.);
#2015=ADVANCED_FACE('',(#1790),#1905,.T.);
#2016=ADVANCED_FACE('',(#1791),#1906,.T.);
#2017=ADVANCED_FACE('',(#1792),#1907,.T.);
#2018=ADVANCED_FACE('',(#1793),#1908,.T.);
#2019=ADVANCED_FACE('',(#1794),#1909,.F.);
#2020=ADVANCED_FACE('',(#1795),#1910,.T.);
#2021=ADVANCED_FACE('',(#1796),#1911,.T.);
#2022=ADVANCED_FACE('',(#1797),#1912,.T.);
#2023=ADVANCED_FACE('',(#1798),#1913,.T.);
#2024=ADVANCED_FACE('',(#1799),#1914,.T.);
#2025=ADVANCED_FACE('',(#1800),#1915,.T.);
#2026=ADVANCED_FACE('',(#1801),#1916,.T.);
#2027=ADVANCED_FACE('',(#1802),#1917,.T.);
#2028=ADVANCED_FACE('',(#1803),#1918,.T.);
#2029=ADVANCED_FACE('',(#1804),#1919,.F.);
#2030=ADVANCED_FACE('',(#1805),#1920,.F.);
#2031=ADVANCED_FACE('',(#1806),#1921,.F.);
#2032=ADVANCED_FACE('',(#1807),#1922,.F.);
#2033=ADVANCED_FACE('',(#1808),#1923,.F.);
#2034=ADVANCED_FACE('',(#1809,#1810),#19,.F.);
#2035=ADVANCED_FACE('',(#1811),#1924,.T.);
#2036=ADVANCED_FACE('',(#1812),#1925,.T.);
#2037=ADVANCED_FACE('',(#1813),#1926,.T.);
#2038=ADVANCED_FACE('',(#1814),#1927,.T.);
#2039=ADVANCED_FACE('',(#1815),#1928,.T.);
#2040=ADVANCED_FACE('',(#1816),#32,.T.);
#2041=ADVANCED_FACE('',(#1817),#1929,.T.);
#2042=ADVANCED_FACE('',(#1818),#33,.T.);
#2043=ADVANCED_FACE('',(#1819),#1930,.T.);
#2044=ADVANCED_FACE('',(#1820),#34,.T.);
#2045=ADVANCED_FACE('',(#1821),#1931,.T.);
#2046=ADVANCED_FACE('',(#1822),#1932,.T.);
#2047=ADVANCED_FACE('',(#1823),#1933,.T.);
#2048=ADVANCED_FACE('',(#1824),#1934,.T.);
#2049=ADVANCED_FACE('',(#1825),#1935,.T.);
#2050=ADVANCED_FACE('',(#1826),#20,.T.);
#2051=ADVANCED_FACE('',(#1827),#1936,.T.);
#2052=ADVANCED_FACE('',(#1828),#1937,.T.);
#2053=ADVANCED_FACE('',(#1829,#1830),#35,.F.);
#2054=ADVANCED_FACE('',(#1831),#36,.T.);
#2055=ADVANCED_FACE('',(#1832),#37,.T.);
#2056=ADVANCED_FACE('',(#1833),#21,.T.);
#2057=ADVANCED_FACE('',(#1834),#1938,.T.);
#2058=ADVANCED_FACE('',(#1835),#1939,.T.);
#2059=ADVANCED_FACE('',(#1836),#1940,.T.);
#2060=ADVANCED_FACE('',(#1837),#1941,.T.);
#2061=ADVANCED_FACE('',(#1838,#1839),#22,.F.);
#2062=ADVANCED_FACE('',(#1840),#1942,.T.);
#2063=ADVANCED_FACE('',(#1841),#23,.T.);
#2064=ADVANCED_FACE('',(#1842),#1943,.T.);
#2065=ADVANCED_FACE('',(#1843),#24,.T.);
#2066=ADVANCED_FACE('',(#1844),#1944,.T.);
#2067=ADVANCED_FACE('',(#1845),#25,.T.);
#2068=ADVANCED_FACE('',(#1846),#1945,.T.);
#2069=ADVANCED_FACE('',(#1847),#1946,.T.);
#2070=ADVANCED_FACE('',(#1848,#1849,#1850),#1947,.F.);
#2071=ADVANCED_FACE('',(#1851),#1948,.T.);
#2072=ADVANCED_FACE('',(#1852),#1949,.T.);
#2073=ADVANCED_FACE('',(#1853),#1950,.T.);
#2074=CLOSED_SHELL('',(#1951,#1952,#1953,#1954,#1955,#1956,#1957,#1958,
#1959,#1960,#1961,#1962,#1963,#1964,#1965,#1966,#1967,#1968,#1969,#1970,
#1971,#1972,#1973,#1974,#1975,#1976,#1977,#1978,#1979,#1980,#1981,#1982,
#1983,#1984,#1985,#1986,#1987,#1988,#1989,#1990,#1991,#1992,#1993,#1994,
#1995,#1996,#1997,#1998,#1999,#2000,#2001,#2002,#2003,#2004,#2005,#2006,
#2007,#2008,#2009,#2010,#2011,#2012,#2013,#2014,#2015,#2016,#2017,#2018,
#2019,#2020,#2021,#2022,#2023,#2024,#2025,#2026,#2027,#2028,#2029,#2030,
#2031,#2032,#2033,#2034,#2035,#2036,#2037,#2038,#2039,#2040,#2041,#2042,
#2043,#2044,#2045,#2046,#2047,#2048,#2049,#2050,#2051,#2052,#2053,#2054,
#2055,#2056,#2057,#2058,#2059,#2060,#2061,#2062,#2063,#2064,#2065,#2066,
#2067,#2068,#2069,#2070,#2071,#2072,#2073));
#2075=STYLED_ITEM('',(#2076),#2083);
#2076=PRESENTATION_STYLE_ASSIGNMENT((#2077));
#2077=SURFACE_STYLE_USAGE(.BOTH.,#2078);
#2078=SURFACE_SIDE_STYLE('',(#2079));
#2079=SURFACE_STYLE_FILL_AREA(#2080);
#2080=FILL_AREA_STYLE('',(#2081));
#2081=FILL_AREA_STYLE_COLOUR('',#2082);
#2082=COLOUR_RGB('',0.768627450980392,0.207843137254902,0.152941176470588);
#2083=MANIFOLD_SOLID_BREP('magnet_jig_bottom_1x',#2074);
#2084=SHAPE_DEFINITION_REPRESENTATION(#3424,#2085);
#2085=SHAPE_REPRESENTATION('magnet_jig_bottom_1x',(#2086),#3419);
#2086=AXIS2_PLACEMENT_3D('',#2838,#2258,#2259);
#2087=AXIS2_PLACEMENT_3D('',#2839,#2260,#2261);
#2088=AXIS2_PLACEMENT_3D('',#2860,#2272,#2273);
#2089=AXIS2_PLACEMENT_3D('',#2877,#2282,#2283);
#2090=AXIS2_PLACEMENT_3D('',#2878,#2284,#2285);
#2091=AXIS2_PLACEMENT_3D('',#2883,#2287,#2288);
#2092=AXIS2_PLACEMENT_3D('',#2887,#2290,#2291);
#2093=AXIS2_PLACEMENT_3D('',#2891,#2293,#2294);
#2094=AXIS2_PLACEMENT_3D('',#2895,#2296,#2297);
#2095=AXIS2_PLACEMENT_3D('',#2896,#2298,#2299);
#2096=AXIS2_PLACEMENT_3D('',#2898,#2300,#2301);
#2097=AXIS2_PLACEMENT_3D('',#2904,#2305,#2306);
#2098=AXIS2_PLACEMENT_3D('',#2907,#2309,#2310);
#2099=AXIS2_PLACEMENT_3D('',#2921,#2318,#2319);
#2100=AXIS2_PLACEMENT_3D('',#2930,#2324,#2325);
#2101=AXIS2_PLACEMENT_3D('',#2936,#2329,#2330);
#2102=AXIS2_PLACEMENT_3D('',#2945,#2335,#2336);
#2103=AXIS2_PLACEMENT_3D('',#2951,#2340,#2341);
#2104=AXIS2_PLACEMENT_3D('',#2960,#2346,#2347);
#2105=AXIS2_PLACEMENT_3D('',#2966,#2351,#2352);
#2106=AXIS2_PLACEMENT_3D('',#2972,#2356,#2357);
#2107=AXIS2_PLACEMENT_3D('',#2978,#2361,#2362);
#2108=AXIS2_PLACEMENT_3D('',#2981,#2365,#2366);
#2109=AXIS2_PLACEMENT_3D('',#2984,#2369,#2370);
#2110=AXIS2_PLACEMENT_3D('',#2990,#2374,#2375);
#2111=AXIS2_PLACEMENT_3D('',#2994,#2378,#2379);
#2112=AXIS2_PLACEMENT_3D('',#2998,#2382,#2383);
#2113=AXIS2_PLACEMENT_3D('',#3002,#2386,#2387);
#2114=AXIS2_PLACEMENT_3D('',#3004,#2389,#2390);
#2115=AXIS2_PLACEMENT_3D('',#3008,#2392,#2393);
#2116=AXIS2_PLACEMENT_3D('',#3010,#2395,#2396);
#2117=AXIS2_PLACEMENT_3D('',#3015,#2400,#2401);
#2118=AXIS2_PLACEMENT_3D('',#3020,#2405,#2406);
#2119=AXIS2_PLACEMENT_3D('',#3022,#2408,#2409);
#2120=AXIS2_PLACEMENT_3D('',#3023,#2410,#2411);
#2121=AXIS2_PLACEMENT_3D('',#3027,#2414,#2415);
#2122=AXIS2_PLACEMENT_3D('',#3031,#2418,#2419);
#2123=AXIS2_PLACEMENT_3D('',#3032,#2420,#2421);
#2124=AXIS2_PLACEMENT_3D('',#3034,#2423,#2424);
#2125=AXIS2_PLACEMENT_3D('',#3043,#2429,#2430);
#2126=AXIS2_PLACEMENT_3D('',#3051,#2435,#2436);
#2127=AXIS2_PLACEMENT_3D('',#3059,#2441,#2442);
#2128=AXIS2_PLACEMENT_3D('',#3060,#2443,#2444);
#2129=AXIS2_PLACEMENT_3D('',#3061,#2445,#2446);
#2130=AXIS2_PLACEMENT_3D('',#3062,#2447,#2448);
#2131=AXIS2_PLACEMENT_3D('',#3063,#2449,#2450);
#2132=AXIS2_PLACEMENT_3D('',#3064,#2451,#2452);
#2133=AXIS2_PLACEMENT_3D('',#3065,#2453,#2454);
#2134=AXIS2_PLACEMENT_3D('',#3066,#2455,#2456);
#2135=AXIS2_PLACEMENT_3D('',#3072,#2460,#2461);
#2136=AXIS2_PLACEMENT_3D('',#3075,#2463,#2464);
#2137=AXIS2_PLACEMENT_3D('',#3076,#2465,#2466);
#2138=AXIS2_PLACEMENT_3D('',#3080,#2469,#2470);
#2139=AXIS2_PLACEMENT_3D('',#3081,#2471,#2472);
#2140=AXIS2_PLACEMENT_3D('',#3082,#2473,#2474);
#2141=AXIS2_PLACEMENT_3D('',#3085,#2476,#2477);
#2142=AXIS2_PLACEMENT_3D('',#3089,#2480,#2481);
#2143=AXIS2_PLACEMENT_3D('',#3090,#2482,#2483);
#2144=AXIS2_PLACEMENT_3D('',#3092,#2484,#2485);
#2145=AXIS2_PLACEMENT_3D('',#3093,#2486,#2487);
#2146=AXIS2_PLACEMENT_3D('',#3098,#2489,#2490);
#2147=AXIS2_PLACEMENT_3D('',#3102,#2492,#2493);
#2148=AXIS2_PLACEMENT_3D('',#3106,#2495,#2496);
#2149=AXIS2_PLACEMENT_3D('',#3109,#2498,#2499);
#2150=AXIS2_PLACEMENT_3D('',#3112,#2501,#2502);
#2151=AXIS2_PLACEMENT_3D('',#3113,#2503,#2504);
#2152=AXIS2_PLACEMENT_3D('',#3117,#2507,#2508);
#2153=AXIS2_PLACEMENT_3D('',#3118,#2509,#2510);
#2154=AXIS2_PLACEMENT_3D('',#3119,#2511,#2512);
#2155=AXIS2_PLACEMENT_3D('',#3121,#2514,#2515);
#2156=AXIS2_PLACEMENT_3D('',#3123,#2517,#2518);
#2157=AXIS2_PLACEMENT_3D('',#3124,#2519,#2520);
#2158=AXIS2_PLACEMENT_3D('',#3130,#2524,#2525);
#2159=AXIS2_PLACEMENT_3D('',#3136,#2529,#2530);
#2160=AXIS2_PLACEMENT_3D('',#3138,#2532,#2533);
#2161=AXIS2_PLACEMENT_3D('',#3146,#2538,#2539);
#2162=AXIS2_PLACEMENT_3D('',#3149,#2541,#2542);
#2163=AXIS2_PLACEMENT_3D('',#3150,#2543,#2544);
#2164=AXIS2_PLACEMENT_3D('',#3157,#2549,#2550);
#2165=AXIS2_PLACEMENT_3D('',#3158,#2551,#2552);
#2166=AXIS2_PLACEMENT_3D('',#3159,#2553,#2554);
#2167=AXIS2_PLACEMENT_3D('',#3165,#2558,#2559);
#2168=AXIS2_PLACEMENT_3D('',#3166,#2560,#2561);
#2169=AXIS2_PLACEMENT_3D('',#3167,#2562,#2563);
#2170=AXIS2_PLACEMENT_3D('',#3169,#2565,#2566);
#2171=AXIS2_PLACEMENT_3D('',#3170,#2567,#2568);
#2172=AXIS2_PLACEMENT_3D('',#3171,#2569,#2570);
#2173=AXIS2_PLACEMENT_3D('',#3172,#2571,#2572);
#2174=AXIS2_PLACEMENT_3D('',#3174,#2573,#2574);
#2175=AXIS2_PLACEMENT_3D('',#3175,#2575,#2576);
#2176=AXIS2_PLACEMENT_3D('',#3176,#2577,#2578);
#2177=AXIS2_PLACEMENT_3D('',#3177,#2579,#2580);
#2178=AXIS2_PLACEMENT_3D('',#3185,#2585,#2586);
#2179=AXIS2_PLACEMENT_3D('',#3187,#2588,#2589);
#2180=AXIS2_PLACEMENT_3D('',#3189,#2591,#2592);
#2181=AXIS2_PLACEMENT_3D('',#3191,#2594,#2595);
#2182=AXIS2_PLACEMENT_3D('',#3192,#2596,#2597);
#2183=AXIS2_PLACEMENT_3D('',#3208,#2607,#2608);
#2184=AXIS2_PLACEMENT_3D('',#3212,#2610,#2611);
#2185=AXIS2_PLACEMENT_3D('',#3213,#2612,#2613);
#2186=AXIS2_PLACEMENT_3D('',#3216,#2616,#2617);
#2187=AXIS2_PLACEMENT_3D('',#3218,#2619,#2620);
#2188=AXIS2_PLACEMENT_3D('',#3219,#2621,#2622);
#2189=AXIS2_PLACEMENT_3D('',#3221,#2624,#2625);
#2190=AXIS2_PLACEMENT_3D('',#3222,#2626,#2627);
#2191=AXIS2_PLACEMENT_3D('',#3228,#2630,#2631);
#2192=AXIS2_PLACEMENT_3D('',#3231,#2633,#2634);
#2193=AXIS2_PLACEMENT_3D('',#3235,#2636,#2637);
#2194=AXIS2_PLACEMENT_3D('',#3236,#2638,#2639);
#2195=AXIS2_PLACEMENT_3D('',#3240,#2641,#2642);
#2196=AXIS2_PLACEMENT_3D('',#3245,#2645,#2646);
#2197=AXIS2_PLACEMENT_3D('',#3249,#2648,#2649);
#2198=AXIS2_PLACEMENT_3D('',#3250,#2650,#2651);
#2199=AXIS2_PLACEMENT_3D('',#3258,#2656,#2657);
#2200=AXIS2_PLACEMENT_3D('',#3266,#2663,#2664);
#2201=AXIS2_PLACEMENT_3D('',#3274,#2670,#2671);
#2202=AXIS2_PLACEMENT_3D('',#3278,#2674,#2675);
#2203=AXIS2_PLACEMENT_3D('',#3279,#2676,#2677);
#2204=AXIS2_PLACEMENT_3D('',#3287,#2681,#2682);
#2205=AXIS2_PLACEMENT_3D('',#3288,#2683,#2684);
#2206=AXIS2_PLACEMENT_3D('',#3290,#2685,#2686);
#2207=AXIS2_PLACEMENT_3D('',#3291,#2687,#2688);
#2208=AXIS2_PLACEMENT_3D('',#3292,#2689,#2690);
#2209=AXIS2_PLACEMENT_3D('',#3293,#2691,#2692);
#2210=AXIS2_PLACEMENT_3D('',#3294,#2693,#2694);
#2211=AXIS2_PLACEMENT_3D('',#3295,#2695,#2696);
#2212=AXIS2_PLACEMENT_3D('',#3296,#2697,#2698);
#2213=AXIS2_PLACEMENT_3D('',#3297,#2699,#2700);
#2214=AXIS2_PLACEMENT_3D('',#3298,#2701,#2702);
#2215=AXIS2_PLACEMENT_3D('',#3304,#2706,#2707);
#2216=AXIS2_PLACEMENT_3D('',#3305,#2708,#2709);
#2217=AXIS2_PLACEMENT_3D('',#3308,#2711,#2712);
#2218=AXIS2_PLACEMENT_3D('',#3312,#2715,#2716);
#2219=AXIS2_PLACEMENT_3D('',#3313,#2717,#2718);
#2220=AXIS2_PLACEMENT_3D('',#3316,#2720,#2721);
#2221=AXIS2_PLACEMENT_3D('',#3320,#2724,#2725);
#2222=AXIS2_PLACEMENT_3D('',#3321,#2726,#2727);
#2223=AXIS2_PLACEMENT_3D('',#3322,#2728,#2729);
#2224=AXIS2_PLACEMENT_3D('',#3328,#2733,#2734);
#2225=AXIS2_PLACEMENT_3D('',#3332,#2737,#2738);
#2226=AXIS2_PLACEMENT_3D('',#3336,#2741,#2742);
#2227=AXIS2_PLACEMENT_3D('',#3340,#2745,#2746);
#2228=AXIS2_PLACEMENT_3D('',#3344,#2749,#2750);
#2229=AXIS2_PLACEMENT_3D('',#3345,#2751,#2752);
#2230=AXIS2_PLACEMENT_3D('',#3348,#2754,#2755);
#2231=AXIS2_PLACEMENT_3D('',#3352,#2758,#2759);
#2232=AXIS2_PLACEMENT_3D('',#3355,#2762,#2763);
#2233=AXIS2_PLACEMENT_3D('',#3356,#2764,#2765);
#2234=AXIS2_PLACEMENT_3D('',#3357,#2766,#2767);
#2235=AXIS2_PLACEMENT_3D('',#3358,#2768,#2769);
#2236=AXIS2_PLACEMENT_3D('',#3359,#2770,#2771);
#2237=AXIS2_PLACEMENT_3D('',#3360,#2772,#2773);
#2238=AXIS2_PLACEMENT_3D('',#3366,#2777,#2778);
#2239=AXIS2_PLACEMENT_3D('',#3370,#2781,#2782);
#2240=AXIS2_PLACEMENT_3D('',#3374,#2785,#2786);
#2241=AXIS2_PLACEMENT_3D('',#3378,#2789,#2790);
#2242=AXIS2_PLACEMENT_3D('',#3379,#2791,#2792);
#2243=AXIS2_PLACEMENT_3D('',#3381,#2793,#2794);
#2244=AXIS2_PLACEMENT_3D('',#3387,#2798,#2799);
#2245=AXIS2_PLACEMENT_3D('',#3388,#2800,#2801);
#2246=AXIS2_PLACEMENT_3D('',#3391,#2803,#2804);
#2247=AXIS2_PLACEMENT_3D('',#3395,#2807,#2808);
#2248=AXIS2_PLACEMENT_3D('',#3396,#2809,#2810);
#2249=AXIS2_PLACEMENT_3D('',#3399,#2812,#2813);
#2250=AXIS2_PLACEMENT_3D('',#3403,#2816,#2817);
#2251=AXIS2_PLACEMENT_3D('',#3404,#2818,#2819);
#2252=AXIS2_PLACEMENT_3D('',#3405,#2820,#2821);
#2253=AXIS2_PLACEMENT_3D('',#3409,#2824,#2825);
#2254=AXIS2_PLACEMENT_3D('',#3412,#2828,#2829);
#2255=AXIS2_PLACEMENT_3D('',#3414,#2831,#2832);
#2256=AXIS2_PLACEMENT_3D('',#3416,#2834,#2835);
#2257=AXIS2_PLACEMENT_3D('',#3417,#2836,#2837);
#2258=DIRECTION('',(0.,0.,1.));
#2259=DIRECTION('',(1.,0.,0.));
#2260=DIRECTION('',(3.95331598008303E-46,1.,-7.40148683083438E-16));
#2261=DIRECTION('',(-1.,0.,-5.34124571243393E-31));
#2262=DIRECTION('',(-5.54964576981904E-31,7.40148683083438E-16,1.));
#2263=DIRECTION('',(-1.,-9.13738285260383E-44,-5.34124571243393E-31));
#2264=DIRECTION('',(0.816496580927726,4.2732504141857E-16,0.577350269189626));
#2265=DIRECTION('',(1.15347846714301E-15,7.40148683083438E-16,1.));
#2266=DIRECTION('',(-1.,-9.13738285260383E-44,-5.34124571243393E-31));
#2267=DIRECTION('',(1.15347846714301E-15,-7.40148683083438E-16,-1.));
#2268=DIRECTION('',(0.816496580927727,-4.2732504141857E-16,-0.577350269189625));
#2269=DIRECTION('',(-1.,-9.13738285260383E-44,-5.34124571243393E-31));
#2270=DIRECTION('',(5.34124571243393E-31,-7.40148683083438E-16,-1.));
#2271=DIRECTION('',(-1.,0.,-5.34124571243393E-31));
#2272=DIRECTION('',(-1.,0.,-5.34124571243393E-31));
#2273=DIRECTION('',(-4.16720142535353E-46,-1.,7.80192795784075E-16));
#2274=DIRECTION('',(-3.95331598008303E-46,-1.,7.40148683083438E-16));
#2275=DIRECTION('',(5.34124571243393E-31,-7.40148683083438E-16,-1.));
#2276=DIRECTION('',(-3.95331598008303E-46,-1.,7.40148683083438E-16));
#2277=DIRECTION('',(-5.34124571243393E-31,-4.13329784059582E-16,1.));
#2278=DIRECTION('',(-3.70074341541719E-16,-1.,3.70074341541712E-16));
#2279=DIRECTION('',(-5.34124571243393E-31,7.80192795784075E-16,1.));
#2280=DIRECTION('',(-3.95331598008303E-46,-1.,7.40148683083438E-16));
#2281=DIRECTION('',(5.34124571243393E-31,-7.40148683083438E-16,-1.));
#2282=DIRECTION('',(0.,0.,-1.));
#2283=DIRECTION('',(1.,-3.95331598008303E-46,0.));
#2284=DIRECTION('',(0.,-9.86076131526265E-31,-1.));
#2285=DIRECTION('',(5.4451383681285E-61,1.,-9.86076131526265E-31));
#2286=DIRECTION('',(-3.70074341541719E-16,-1.,3.70074341541712E-16));
#2287=DIRECTION('',(-5.34124571243393E-31,7.40148683083438E-16,1.));
#2288=DIRECTION('',(-1.,0.,-5.34124571243393E-31));
#2289=DIRECTION('',(1.,-1.64883423201289E-46,3.55727320175406E-31));
#2290=DIRECTION('',(-5.34124571243393E-31,7.40148683083438E-16,1.));
#2291=DIRECTION('',(-1.,0.,-5.34124571243393E-31));
#2292=DIRECTION('',(3.79107889341761E-16,-1.,3.6104079374167E-16));
#2293=DIRECTION('',(-5.34124571243393E-31,1.85037170770855E-16,1.));
#2294=DIRECTION('',(-9.88328995020735E-47,-1.,1.85037170770855E-16));
#2295=DIRECTION('',(1.,-3.51541020998153E-46,0.));
#2296=DIRECTION('',(-5.34124571243393E-31,1.85037170770854E-16,1.));
#2297=DIRECTION('',(-9.8832899502073E-47,-1.,1.85037170770854E-16));
#2298=DIRECTION('',(0.,-7.40148683083438E-16,-1.));
#2299=DIRECTION('',(1.,-3.95331598008303E-46,0.));
#2300=DIRECTION('',(0.70710678118654,1.27753658151646E-17,-0.707106781186555));
#2301=DIRECTION('',(0.707106781186555,5.23364152894586E-16,0.70710678118654));
#2302=DIRECTION('',(0.707106781186555,5.23364152894586E-16,0.70710678118654));
#2303=DIRECTION('',(3.79107889341761E-16,-1.,3.6104079374167E-16));
#2304=DIRECTION('',(0.707106781186555,5.23364152894586E-16,0.70710678118654));
#2305=DIRECTION('',(-0.70710678118654,-4.93038065763132E-31,-0.707106781186555));
#2306=DIRECTION('',(0.707106781186555,-5.23364152894586E-16,-0.70710678118654));
#2307=DIRECTION('',(0.707106781186555,-5.23364152894586E-16,-0.70710678118654));
#2308=DIRECTION('',(-0.707106781186551,-1.51870367318265E-15,0.707106781186544));
#2309=DIRECTION('',(1.,1.80670956000841E-17,5.4159223996636E-31));
#2310=DIRECTION('',(-1.80670956000841E-17,1.,-7.22081587483354E-16));
#2311=DIRECTION('',(-5.54638157038482E-31,7.22081587483354E-16,1.));
#2312=DIRECTION('',(-3.95331598008303E-46,-1.,7.40148683083438E-16));
#2313=DIRECTION('',(-5.54964576981904E-31,7.40148683083438E-16,1.));
#2314=DIRECTION('',(9.03354780004205E-18,-1.,7.4918223088348E-16));
#2315=DIRECTION('',(-5.54964576981905E-31,7.40148683083438E-16,1.));
#2316=DIRECTION('',(-3.95331598008303E-46,-1.,7.40148683083438E-16));
#2317=DIRECTION('',(-5.34124571243393E-31,-4.13329784059582E-16,1.));
#2318=DIRECTION('',(-3.77683106324561E-31,-0.707106781186548,0.707106781186549));
#2319=DIRECTION('',(-1.,0.,-5.34124571243393E-31));
#2320=DIRECTION('',(0.577350269189624,0.577350269189626,0.577350269189627));
#2321=DIRECTION('',(-1.,0.,-5.34124571243393E-31));
#2322=DIRECTION('',(0.577350269189624,-0.577350269189626,-0.577350269189627));
#2323=DIRECTION('',(-1.,0.,-5.34124571243393E-31));
#2324=DIRECTION('',(-3.95331598008303E-46,-1.,7.40148683083438E-16));
#2325=DIRECTION('',(1.,0.,5.34124571243393E-31));
#2326=DIRECTION('',(-5.54964576981905E-31,7.40148683083438E-16,1.));
#2327=DIRECTION('',(-1.,0.,-5.34124571243393E-31));
#2328=DIRECTION('',(5.34124571243393E-31,-7.40148683083438E-16,-1.));
#2329=DIRECTION('',(-0.5,0.5,0.707106781186545));
#2330=DIRECTION('',(-0.816496580927724,-6.49369646343604E-16,-0.577350269189629));
#2331=DIRECTION('',(0.707106781186547,0.707106781186548,-1.04500966048866E-15));
#2332=DIRECTION('',(-0.67859834454585,0.281084637714811,-0.678598344545848));
#2333=DIRECTION('',(-0.707106781186548,-0.707106781186547,2.33675063525978E-16));
#2334=DIRECTION('',(-0.281084637714808,0.67859834454585,-0.678598344545849));
#2335=DIRECTION('',(-0.707106781186547,5.23364152894592E-16,0.707106781186548));
#2336=DIRECTION('',(-0.707106781186548,-5.23364152894592E-16,-0.707106781186547));
#2337=DIRECTION('',(-3.95331598008303E-46,-1.,7.40148683083438E-16));
#2338=DIRECTION('',(-0.678598344545847,-0.281084637714829,-0.678598344545844));
#2339=DIRECTION('',(-3.95331598008303E-46,-1.,7.40148683083438E-16));
#2340=DIRECTION('',(-3.77683106324561E-31,-0.707106781186548,0.707106781186548));
#2341=DIRECTION('',(-1.,0.,-5.34124571243393E-31));
#2342=DIRECTION('',(-1.,0.,-5.34124571243393E-31));
#2343=DIRECTION('',(0.281084637714823,-0.678598344545846,-0.678598344545847));
#2344=DIRECTION('',(-1.,0.,-5.34124571243393E-31));
#2345=DIRECTION('',(0.281084637714824,0.678598344545846,0.678598344545847));
#2346=DIRECTION('',(0.5,-0.5,0.707106781186546));
#2347=DIRECTION('',(-0.816496580927726,1.22013709646652E-16,0.577350269189626));
#2348=DIRECTION('',(-0.707106781186549,-0.707106781186546,7.84186906691625E-16));
#2349=DIRECTION('',(0.678598344545845,-0.281084637714821,-0.678598344545848));
#2350=DIRECTION('',(0.707106781186549,0.707106781186546,-5.2336415289459E-16));
#2351=DIRECTION('',(0.707106781186547,5.23364152894592E-16,0.707106781186548));
#2352=DIRECTION('',(-0.707106781186548,5.23364152894592E-16,0.707106781186547));
#2353=DIRECTION('',(-3.95331598008303E-46,-1.,7.40148683083438E-16));
#2354=DIRECTION('',(-3.95331598008303E-46,-1.,7.40148683083438E-16));
#2355=DIRECTION('',(0.678598344545851,0.281084637714806,-0.678598344545848));
#2356=DIRECTION('',(0.5,0.5,0.707106781186544));
#2357=DIRECTION('',(-0.816496580927724,6.65025584153968E-17,0.577350269189629));
#2358=DIRECTION('',(-0.707106781186549,0.707106781186546,-5.23364152894591E-16));
#2359=DIRECTION('',(0.70710678118655,-0.707106781186546,1.04500966048866E-15));
#2360=DIRECTION('',(0.281084637714807,0.678598344545849,-0.678598344545851));
#2361=DIRECTION('',(-0.5,-0.5,0.707106781186545));
#2362=DIRECTION('',(-0.816496580927725,-3.71813890187313E-16,-0.577350269189627));
#2363=DIRECTION('',(-0.70710678118655,0.707106781186546,2.59104108496513E-16));
#2364=DIRECTION('',(0.70710678118655,-0.707106781186545,5.2336415289459E-16));
#2365=DIRECTION('',(-3.77683106324561E-31,0.707106781186547,0.707106781186549));
#2366=DIRECTION('',(-1.,0.,-5.34124571243393E-31));
#2367=DIRECTION('',(-1.,0.,-5.34124571243393E-31));
#2368=DIRECTION('',(-1.,0.,-5.34124571243393E-31));
#2369=DIRECTION('',(-0.707106781186548,0.707106781186547,2.92268293174901E-16));
#2370=DIRECTION('',(-0.707106781186547,-0.707106781186548,5.23364152894592E-16));
#2371=DIRECTION('',(-5.34124571243393E-31,7.40148683083438E-16,1.));
#2372=DIRECTION('',(-0.707106781186547,-0.707106781186548,5.23364152894592E-16));
#2373=DIRECTION('',(5.7673923357151E-16,1.63409449511929E-16,1.));
#2374=DIRECTION('',(-1.,0.,-5.34124571243393E-31));
#2375=DIRECTION('',(-3.95331598008303E-46,-1.,7.40148683083438E-16));
#2376=DIRECTION('',(-5.76739233571511E-16,1.63409449511925E-16,1.));
#2377=DIRECTION('',(-3.95331598008303E-46,-1.,7.40148683083438E-16));
#2378=DIRECTION('',(-0.707106781186546,-0.70710678118655,-2.92268293174902E-16));
#2379=DIRECTION('',(0.70710678118655,-0.707106781186546,5.23364152894591E-16));
#2380=DIRECTION('',(-5.34124571243393E-31,-4.13329784059582E-16,1.));
#2381=DIRECTION('',(0.70710678118655,-0.707106781186546,5.23364152894591E-16));
#2382=DIRECTION('',(2.20769593692948E-46,-1.,-4.13329784059582E-16));
#2383=DIRECTION('',(1.,0.,5.34124571243393E-31));
#2384=DIRECTION('',(5.7673923357151E-16,1.63409449511926E-16,1.));
#2385=DIRECTION('',(1.,0.,5.34124571243393E-31));
#2386=DIRECTION('',(5.34124571243393E-31,-7.40148683083438E-16,-1.));
#2387=DIRECTION('',(1.,0.,5.34124571243393E-31));
#2388=DIRECTION('',(0.707106781186544,-0.707106781186551,5.23364152894595E-16));
#2389=DIRECTION('',(-5.34124571243393E-31,-4.13329784059582E-16,1.));
#2390=DIRECTION('',(2.20769593692948E-46,-1.,-4.13329784059582E-16));
#2391=DIRECTION('',(1.,0.,5.34124571243393E-31));
#2392=DIRECTION('',(-5.34124571243393E-31,-4.13329784059582E-16,1.));
#2393=DIRECTION('',(2.20769593692948E-46,-1.,-4.13329784059582E-16));
#2394=DIRECTION('',(-0.707106781186545,-0.70710678118655,5.23364152894593E-16));
#2395=DIRECTION('',(-0.57735026918963,-0.577350269189623,0.577350269189624));
#2396=DIRECTION('',(-0.707106781186544,-4.12341850432079E-16,-0.707106781186551));
#2397=DIRECTION('',(0.707106781186544,-0.707106781186551,5.23364152894595E-16));
#2398=DIRECTION('',(3.7768310632456E-31,-0.707106781186549,-0.707106781186547));
#2399=DIRECTION('',(-0.707106781186548,-5.23364152894592E-16,-0.707106781186548));
#2400=DIRECTION('',(0.57735026918963,-0.577350269189625,0.577350269189622));
#2401=DIRECTION('',(-0.707106781186543,2.73563972353936E-16,0.707106781186553));
#2402=DIRECTION('',(-0.707106781186547,5.23364152894592E-16,0.707106781186548));
#2403=DIRECTION('',(3.7768310632456E-31,-0.707106781186549,-0.707106781186547));
#2404=DIRECTION('',(-0.707106781186545,-0.70710678118655,5.23364152894593E-16));
#2405=DIRECTION('',(-3.77683106324561E-31,-0.707106781186547,0.707106781186549));
#2406=DIRECTION('',(-1.,0.,-5.34124571243393E-31));
#2407=DIRECTION('',(-1.,0.,-5.34124571243393E-31));
#2408=DIRECTION('',(0.70710678118655,-0.707106781186545,5.2336415289459E-16));
#2409=DIRECTION('',(-5.54964576981905E-31,7.40148683083438E-16,1.));
#2410=DIRECTION('',(0.707106781186548,5.36139518709757E-16,0.707106781186547));
#2411=DIRECTION('',(-0.707106781186547,5.23364152894592E-16,0.707106781186548));
#2412=DIRECTION('',(-0.707106781186547,5.23364152894592E-16,0.707106781186548));
#2413=DIRECTION('',(9.03354780004205E-18,-1.,7.4918223088348E-16));
#2414=DIRECTION('',(-0.707106781186548,5.23364152894592E-16,0.707106781186548));
#2415=DIRECTION('',(-0.707106781186548,-5.23364152894592E-16,-0.707106781186548));
#2416=DIRECTION('',(-3.95331598008303E-46,-1.,7.40148683083438E-16));
#2417=DIRECTION('',(-0.707106781186548,-5.23364152894592E-16,-0.707106781186548));
#2418=DIRECTION('',(-0.707106781186551,-0.707106781186544,5.23364152894589E-16));
#2419=DIRECTION('',(5.34124571243393E-31,-7.40148683083438E-16,-1.));
#2420=DIRECTION('',(-5.34124571243393E-31,7.40148683083438E-16,1.));
#2421=DIRECTION('',(-1.,0.,-5.34124571243393E-31));
#2422=DIRECTION('',(-1.,0.,-5.34124571243393E-31));
#2423=DIRECTION('',(-3.77683106324562E-31,-0.707106781186546,0.70710678118655));
#2424=DIRECTION('',(-1.,0.,-5.34124571243393E-31));
#2425=DIRECTION('',(3.7768310632456E-31,-0.70710678118655,-0.707106781186546));
#2426=DIRECTION('',(-1.,0.,-5.34124571243393E-31));
#2427=DIRECTION('',(3.7768310632456E-31,-0.70710678118655,-0.707106781186546));
#2428=DIRECTION('',(-1.,0.,-5.34124571243393E-31));
#2429=DIRECTION('',(0.707106781186548,-5.80368410628786E-14,0.707106781186548));
#2430=DIRECTION('',(-0.707106781186548,5.23364152894592E-16,0.707106781186548));
#2431=DIRECTION('',(-0.707106781186548,5.23364152894592E-16,0.707106781186548));
#2432=DIRECTION('',(-4.1408318215749E-14,-1.,-4.06681695326656E-14));
#2433=DIRECTION('',(-0.707106781186548,5.23364152894592E-16,0.707106781186548));
#2434=DIRECTION('',(-4.1408318215749E-14,-1.,-4.06681695326656E-14));
#2435=DIRECTION('',(-0.707106781186548,6.01444426515623E-14,0.707106781186547));
#2436=DIRECTION('',(-0.707106781186547,-5.23364152894592E-16,-0.707106781186548));
#2437=DIRECTION('',(-0.707106781186547,-5.23364152894592E-16,-0.707106781186548));
#2438=DIRECTION('',(-4.21584689080635E-14,-1.,4.28986175911468E-14));
#2439=DIRECTION('',(-0.707106781186547,-5.23364152894592E-16,-0.707106781186548));
#2440=DIRECTION('',(-4.21584689080635E-14,-1.,4.28986175911468E-14));
#2441=DIRECTION('',(5.34124571243393E-31,-7.40148683083438E-16,-1.));
#2442=DIRECTION('',(-1.,0.,-5.34124571243393E-31));
#2443=DIRECTION('',(5.34124571243393E-31,-7.40148683083438E-16,-1.));
#2444=DIRECTION('',(1.,0.,5.34124571243393E-31));
#2445=DIRECTION('',(5.34124571243393E-31,-7.40148683083438E-16,-1.));
#2446=DIRECTION('',(1.,0.,5.34124571243393E-31));
#2447=DIRECTION('',(5.34124571243393E-31,-7.40148683083438E-16,-1.));
#2448=DIRECTION('',(-0.707106781186578,-0.707106781186517,5.23364152894569E-16));
#2449=DIRECTION('',(5.34124571243393E-31,-7.40148683083438E-16,-1.));
#2450=DIRECTION('',(1.,0.,5.34124571243393E-31));
#2451=DIRECTION('',(5.34124571243393E-31,-7.40148683083438E-16,-1.));
#2452=DIRECTION('',(0.707106781186518,-0.707106781186577,5.23364152894614E-16));
#2453=DIRECTION('',(5.34124571243393E-31,-7.40148683083438E-16,-1.));
#2454=DIRECTION('',(1.,0.,5.34124571243393E-31));
#2455=DIRECTION('',(-3.95331598008303E-46,-1.,7.40148683083438E-16));
#2456=DIRECTION('',(1.,0.,5.34124571243393E-31));
#2457=DIRECTION('',(-5.34124571243393E-31,7.40148683083438E-16,1.));
#2458=DIRECTION('',(1.,0.,5.34124571243393E-31));
#2459=DIRECTION('',(-5.34124571243393E-31,7.40148683083438E-16,1.));
#2460=DIRECTION('',(-5.34124571243393E-31,7.40148683083438E-16,1.));
#2461=DIRECTION('',(-0.707106781186578,-0.707106781186517,5.23364152894569E-16));
#2462=DIRECTION('',(-5.34124571243393E-31,7.40148683083438E-16,1.));
#2463=DIRECTION('',(-5.34124571243393E-31,7.40148683083438E-16,1.));
#2464=DIRECTION('',(-1.,0.,-5.34124571243393E-31));
#2465=DIRECTION('',(-1.,8.43169378161268E-14,-6.29411950574778E-29));
#2466=DIRECTION('',(-8.43169378161268E-14,-1.,7.40148683083438E-16));
#2467=DIRECTION('',(-5.34124571243393E-31,7.40148683083438E-16,1.));
#2468=DIRECTION('',(-8.43169378161268E-14,-1.,7.40148683083438E-16));
#2469=DIRECTION('',(5.34124571243393E-31,-7.40148683083438E-16,-1.));
#2470=DIRECTION('',(1.,0.,5.34124571243393E-31));
#2471=DIRECTION('',(-5.34124571243393E-31,7.40148683083438E-16,1.));
#2472=DIRECTION('',(0.707106781186518,-0.707106781186577,5.23364152894614E-16));
#2473=DIRECTION('',(-5.34124571243393E-31,7.40148683083438E-16,1.));
#2474=DIRECTION('',(-1.,0.,-5.34124571243393E-31));
#2475=DIRECTION('',(-5.34124571243393E-31,7.40148683083438E-16,1.));
#2476=DIRECTION('',(1.,-8.28166364314982E-14,6.18307489634167E-29));
#2477=DIRECTION('',(8.28166364314982E-14,1.,-7.40148683083438E-16));
#2478=DIRECTION('',(8.28166364314982E-14,1.,-7.40148683083438E-16));
#2479=DIRECTION('',(-5.34124571243393E-31,7.40148683083438E-16,1.));
#2480=DIRECTION('',(0.,-9.86076131526265E-31,-1.));
#2481=DIRECTION('',(-1.,9.33452291679171E-61,0.));
#2482=DIRECTION('',(0.,-9.86076131526265E-31,-1.));
#2483=DIRECTION('',(5.4451383681285E-61,1.,-9.86076131526265E-31));
#2484=DIRECTION('',(-5.34124571243393E-31,7.40148683083438E-16,1.));
#2485=DIRECTION('',(1.,0.,5.34124571243393E-31));
#2486=DIRECTION('',(-5.34124571243393E-31,7.40148683083438E-16,1.));
#2487=DIRECTION('',(-1.,0.,-5.34124571243393E-31));
#2488=DIRECTION('',(-5.34124571243393E-31,7.40148683083438E-16,1.));
#2489=DIRECTION('',(-5.34124571243393E-31,7.40148683083438E-16,1.));
#2490=DIRECTION('',(-1.,0.,-5.34124571243393E-31));
#2491=DIRECTION('',(-5.34124571243393E-31,7.40148683083438E-16,1.));
#2492=DIRECTION('',(-5.34124571243393E-31,7.40148683083438E-16,1.));
#2493=DIRECTION('',(-1.,0.,-5.34124571243393E-31));
#2494=DIRECTION('',(-5.34124571243393E-31,7.40148683083438E-16,1.));
#2495=DIRECTION('',(-5.34124571243393E-31,7.40148683083438E-16,1.));
#2496=DIRECTION('',(-1.,0.,-5.34124571243393E-31));
#2497=DIRECTION('',(-5.34124571243393E-31,7.40148683083438E-16,1.));
#2498=DIRECTION('',(-5.34124571243393E-31,1.85037170770855E-16,1.));
#2499=DIRECTION('',(1.,2.22044604925031E-15,1.23259516440793E-31));
#2500=DIRECTION('',(8.12162066774942E-16,-0.707106781186551,0.707106781186546));
#2501=DIRECTION('',(-5.34124571243393E-31,1.85037170770855E-16,1.));
#2502=DIRECTION('',(-9.88328995020735E-47,-1.,1.85037170770855E-16));
#2503=DIRECTION('',(-8.75811540203011E-47,-0.707106781186549,-0.707106781186547));
#2504=DIRECTION('',(1.,-3.51541020998153E-46,0.));
#2505=DIRECTION('',(1.,-3.51541020998153E-46,0.));
#2506=DIRECTION('',(-4.81696347111656E-46,-0.707106781186547,0.707106781186549));
#2507=DIRECTION('',(-5.34124571243393E-31,1.85037170770854E-16,1.));
#2508=DIRECTION('',(7.40148683083438E-16,-1.,1.85037170770854E-16));
#2509=DIRECTION('',(-5.34124571243393E-31,1.85037170770854E-16,1.));
#2510=DIRECTION('',(-9.8832899502073E-47,-1.,1.85037170770854E-16));
#2511=DIRECTION('',(-5.34124571243393E-31,-4.13329784059582E-16,1.));
#2512=DIRECTION('',(7.40148683083438E-16,-1.,-4.13329784059582E-16));
#2513=DIRECTION('',(-5.34124571243393E-31,-4.13329784059582E-16,1.));
#2514=DIRECTION('',(2.20769593692948E-46,-1.,-4.13329784059582E-16));
#2515=DIRECTION('',(1.,0.,5.34124571243393E-31));
#2516=DIRECTION('',(-5.34124571243393E-31,-4.13329784059582E-16,1.));
#2517=DIRECTION('',(-5.34124571243393E-31,-4.13329784059582E-16,1.));
#2518=DIRECTION('',(1.,2.22044604925031E-15,1.45190105729597E-30));
#2519=DIRECTION('',(5.34124571243393E-31,-7.40148683083438E-16,-1.));
#2520=DIRECTION('',(-1.,0.,-5.34124571243393E-31));
#2521=DIRECTION('',(-1.,0.,-5.34124571243393E-31));
#2522=DIRECTION('',(-3.95331598008303E-46,-1.,7.40148683083438E-16));
#2523=DIRECTION('',(1.,0.,5.34124571243393E-31));
#2524=DIRECTION('',(5.34124571243393E-31,-7.40148683083438E-16,-1.));
#2525=DIRECTION('',(-1.,0.,-5.34124571243393E-31));
#2526=DIRECTION('',(1.,0.,5.34124571243393E-31));
#2527=DIRECTION('',(3.95331598008303E-46,1.,-7.40148683083438E-16));
#2528=DIRECTION('',(-1.,0.,-5.34124571243393E-31));
#2529=DIRECTION('',(5.34124571243393E-31,-7.40148683083438E-16,-1.));
#2530=DIRECTION('',(1.,0.,5.34124571243393E-31));
#2531=DIRECTION('',(1.,0.,5.34124571243393E-31));
#2532=DIRECTION('',(1.,0.,5.34124571243393E-31));
#2533=DIRECTION('',(3.95331598008303E-46,1.,-7.40148683083438E-16));
#2534=DIRECTION('',(-5.34124571243393E-31,7.40148683083438E-16,1.));
#2535=DIRECTION('',(3.95331598008303E-46,1.,-7.40148683083438E-16));
#2536=DIRECTION('',(3.95331598008303E-46,1.,-7.40148683083438E-16));
#2537=DIRECTION('',(-5.34124571243393E-31,7.40148683083438E-16,1.));
#2538=DIRECTION('',(5.34124571243393E-31,-7.40148683083438E-16,-1.));
#2539=DIRECTION('',(-1.,0.,-5.34124571243393E-31));
#2540=DIRECTION('',(1.,0.,5.34124571243393E-31));
#2541=DIRECTION('',(-5.34124571243393E-31,7.40148683083438E-16,1.));
#2542=DIRECTION('',(-1.,0.,-5.34124571243393E-31));
#2543=DIRECTION('',(3.95331598008303E-46,1.,-7.40148683083438E-16));
#2544=DIRECTION('',(-1.,0.,-5.34124571243393E-31));
#2545=DIRECTION('',(1.,0.,5.34124571243393E-31));
#2546=DIRECTION('',(-1.,0.,-5.34124571243393E-31));
#2547=DIRECTION('',(-1.,0.,-5.34124571243393E-31));
#2548=DIRECTION('',(-5.34124571243393E-31,7.40148683083438E-16,1.));
#2549=DIRECTION('',(5.34124571243393E-31,-7.40148683083438E-16,-1.));
#2550=DIRECTION('',(-1.,0.,-5.34124571243393E-31));
#2551=DIRECTION('',(-5.34124571243393E-31,7.40148683083438E-16,1.));
#2552=DIRECTION('',(-1.,0.,-5.34124571243393E-31));
#2553=DIRECTION('',(-1.,0.,-5.34124571243393E-31));
#2554=DIRECTION('',(-3.95331598008303E-46,-1.,7.40148683083438E-16));
#2555=DIRECTION('',(-3.95331598008303E-46,-1.,7.40148683083438E-16));
#2556=DIRECTION('',(-3.95331598008303E-46,-1.,7.40148683083438E-16));
#2557=DIRECTION('',(-5.34124571243393E-31,7.40148683083438E-16,1.));
#2558=DIRECTION('',(5.34124571243393E-31,-7.40148683083438E-16,-1.));
#2559=DIRECTION('',(-1.,0.,-5.34124571243393E-31));
#2560=DIRECTION('',(-5.34124571243393E-31,7.40148683083438E-16,1.));
#2561=DIRECTION('',(-1.,0.,-5.34124571243393E-31));
#2562=DIRECTION('',(-3.95331598008303E-46,-1.,7.40148683083438E-16));
#2563=DIRECTION('',(1.,0.,5.34124571243393E-31));
#2564=DIRECTION('',(1.,0.,5.34124571243393E-31));
#2565=DIRECTION('',(5.34124571243393E-31,-7.40148683083438E-16,-1.));
#2566=DIRECTION('',(-1.,0.,-5.34124571243393E-31));
#2567=DIRECTION('',(-5.34124571243393E-31,7.40148683083438E-16,1.));
#2568=DIRECTION('',(-1.,0.,-5.34124571243393E-31));
#2569=DIRECTION('',(-5.34124571243393E-31,7.40148683083438E-16,1.));
#2570=DIRECTION('',(1.,0.,5.34124571243393E-31));
#2571=DIRECTION('',(-5.34124571243393E-31,7.40148683083438E-16,1.));
#2572=DIRECTION('',(-1.,0.,-5.34124571243393E-31));
#2573=DIRECTION('',(5.34124571243393E-31,-7.40148683083438E-16,-1.));
#2574=DIRECTION('',(1.,0.,5.34124571243393E-31));
#2575=DIRECTION('',(-5.34124571243393E-31,7.40148683083438E-16,1.));
#2576=DIRECTION('',(-1.,0.,-5.34124571243393E-31));
#2577=DIRECTION('',(-5.34124571243393E-31,7.40148683083438E-16,1.));
#2578=DIRECTION('',(-1.,0.,-5.34124571243393E-31));
#2579=DIRECTION('',(5.34124571243393E-31,-7.40148683083438E-16,-1.));
#2580=DIRECTION('',(1.,0.,5.34124571243393E-31));
#2581=DIRECTION('',(0.707106781186549,0.707106781186546,-5.2336415289459E-16));
#2582=DIRECTION('',(3.95331598008303E-46,1.,-7.40148683083438E-16));
#2583=DIRECTION('',(-0.707106781186549,0.707106781186546,-5.23364152894591E-16));
#2584=DIRECTION('',(-1.,0.,-5.34124571243393E-31));
#2585=DIRECTION('',(-2.20769593692948E-46,1.,4.13329784059582E-16));
#2586=DIRECTION('',(-1.,0.,-5.34124571243393E-31));
#2587=DIRECTION('',(-5.34124571243393E-31,-4.13329784059582E-16,1.));
#2588=DIRECTION('',(0.707106781186546,0.707106781186549,2.92268293174902E-16));
#2589=DIRECTION('',(-0.707106781186549,0.707106781186546,-5.23364152894591E-16));
#2590=DIRECTION('',(-5.76739233571511E-16,1.63409449511926E-16,1.));
#2591=DIRECTION('',(0.707106781186546,-0.707106781186549,-2.92268293174901E-16));
#2592=DIRECTION('',(0.707106781186549,0.707106781186546,-5.2336415289459E-16));
#2593=DIRECTION('',(-5.34124571243393E-31,7.40148683083438E-16,1.));
#2594=DIRECTION('',(1.,0.,5.34124571243393E-31));
#2595=DIRECTION('',(3.95331598008303E-46,1.,-7.40148683083438E-16));
#2596=DIRECTION('',(5.34124571243393E-31,-7.40148683083438E-16,-1.));
#2597=DIRECTION('',(1.,0.,5.34124571243393E-31));
#2598=DIRECTION('',(-0.70710678118654,-0.707106781186555,5.23364152894597E-16));
#2599=DIRECTION('',(0.707106781186549,-0.707106781186546,-3.12815440026392E-15));
#2600=DIRECTION('',(-3.95331598008303E-46,-1.,7.40148683083438E-16));
#2601=DIRECTION('',(-0.707106781186545,-0.70710678118655,-4.95391367684302E-15));
#2602=DIRECTION('',(-1.,0.,-5.34124571243393E-31));
#2603=DIRECTION('',(-0.707106781186551,0.707106781186544,-5.47899647503826E-15));
#2604=DIRECTION('',(3.22151683199279E-17,-1.,7.0793351476351E-16));
#2605=DIRECTION('',(0.70710678118655,0.707106781186545,3.64979990785798E-15));
#2606=DIRECTION('',(0.707106781186548,-0.707106781186548,5.23364152894593E-16));
#2607=DIRECTION('',(-5.34124571243393E-31,-4.13329784059582E-16,1.));
#2608=DIRECTION('',(2.20769593692948E-46,-1.,-4.13329784059582E-16));
#2609=DIRECTION('',(1.,0.,5.34124571243393E-31));
#2610=DIRECTION('',(-5.34124571243393E-31,-4.13329784059582E-16,1.));
#2611=DIRECTION('',(2.20769593692948E-46,-1.,-4.13329784059582E-16));
#2612=DIRECTION('',(-3.77683106324561E-31,0.707106781186548,0.707106781186548));
#2613=DIRECTION('',(-1.,0.,-5.34124571243393E-31));
#2614=DIRECTION('',(-3.77683106324561E-31,-0.707106781186548,0.707106781186548));
#2615=DIRECTION('',(-3.77683106324561E-31,-0.707106781186548,0.707106781186548));
#2616=DIRECTION('',(-0.707106781186555,0.70710678118654,-5.23364152894587E-16));
#2617=DIRECTION('',(5.34124571243393E-31,-7.40148683083438E-16,-1.));
#2618=DIRECTION('',(-0.70710678118654,-0.707106781186555,5.23364152894597E-16));
#2619=DIRECTION('',(-0.577350269189634,0.577350269189621,0.577350269189622));
#2620=DIRECTION('',(-0.70710678118654,-5.51119728510226E-16,-0.707106781186555));
#2621=DIRECTION('',(0.707106781186548,0.707106781186548,-5.23364152894592E-16));
#2622=DIRECTION('',(-5.54964576981904E-31,7.40148683083438E-16,1.));
#2623=DIRECTION('',(0.707106781186548,-0.707106781186548,5.23364152894593E-16));
#2624=DIRECTION('',(0.577350269189626,0.577350269189627,0.577350269189624));
#2625=DIRECTION('',(-0.707106781186547,1.05072008959154E-15,0.707106781186549));
#2626=DIRECTION('',(5.34124571243393E-31,-7.40148683083438E-16,-1.));
#2627=DIRECTION('',(-1.,0.,-5.34124571243393E-31));
#2628=DIRECTION('',(3.95331598008303E-46,1.,-7.40148683083438E-16));
#2629=DIRECTION('',(-1.,0.,-5.34124571243393E-31));
#2630=DIRECTION('',(-5.34124571243393E-31,7.40148683083438E-16,1.));
#2631=DIRECTION('',(-1.,0.,-5.34124571243393E-31));
#2632=DIRECTION('',(1.,0.,5.34124571243393E-31));
#2633=DIRECTION('',(5.34124571243393E-31,-7.40148683083438E-16,-1.));
#2634=DIRECTION('',(1.,0.,5.34124571243393E-31));
#2635=DIRECTION('',(1.,0.,5.34124571243393E-31));
#2636=DIRECTION('',(-5.34124571243393E-31,7.40148683083438E-16,1.));
#2637=DIRECTION('',(-1.,0.,-5.34124571243393E-31));
#2638=DIRECTION('',(5.34124571243393E-31,-7.40148683083438E-16,-1.));
#2639=DIRECTION('',(-1.,0.,-5.34124571243393E-31));
#2640=DIRECTION('',(1.,0.,5.34124571243393E-31));
#2641=DIRECTION('',(-5.34124571243393E-31,7.40148683083438E-16,1.));
#2642=DIRECTION('',(-1.,0.,-5.34124571243393E-31));
#2643=DIRECTION('',(-1.,0.,-5.34124571243393E-31));
#2644=DIRECTION('',(-3.95331598008303E-46,-1.,7.40148683083438E-16));
#2645=DIRECTION('',(5.34124571243393E-31,-7.40148683083438E-16,-1.));
#2646=DIRECTION('',(1.,0.,5.34124571243393E-31));
#2647=DIRECTION('',(1.,0.,5.34124571243393E-31));
#2648=DIRECTION('',(-5.34124571243393E-31,7.40148683083438E-16,1.));
#2649=DIRECTION('',(-1.,0.,-5.34124571243393E-31));
#2650=DIRECTION('',(1.,0.,5.34124571243393E-31));
#2651=DIRECTION('',(3.95331598008303E-46,1.,-7.40148683083438E-16));
#2652=DIRECTION('',(-5.34124571243393E-31,7.40148683083438E-16,1.));
#2653=DIRECTION('',(3.95331598008303E-46,1.,-7.40148683083438E-16));
#2654=DIRECTION('',(3.95331598008303E-46,1.,-7.40148683083438E-16));
#2655=DIRECTION('',(-5.34124571243393E-31,7.40148683083438E-16,1.));
#2656=DIRECTION('',(3.95331598008303E-46,1.,-7.40148683083438E-16));
#2657=DIRECTION('',(-1.,0.,-5.34124571243393E-31));
#2658=DIRECTION('',(-5.34124571243393E-31,7.40148683083438E-16,1.));
#2659=DIRECTION('',(-1.,0.,-5.34124571243393E-31));
#2660=DIRECTION('',(-1.,0.,-5.34124571243393E-31));
#2661=DIRECTION('',(-5.34124571243393E-31,7.40148683083438E-16,1.));
#2662=DIRECTION('',(-5.34124571243393E-31,7.40148683083438E-16,1.));
#2663=DIRECTION('',(-3.95331598008303E-46,-1.,7.40148683083438E-16));
#2664=DIRECTION('',(1.,0.,5.34124571243393E-31));
#2665=DIRECTION('',(-5.34124571243393E-31,7.40148683083438E-16,1.));
#2666=DIRECTION('',(-5.34124571243393E-31,7.40148683083438E-16,1.));
#2667=DIRECTION('',(1.,0.,5.34124571243393E-31));
#2668=DIRECTION('',(1.,0.,5.34124571243393E-31));
#2669=DIRECTION('',(-5.34124571243393E-31,7.40148683083438E-16,1.));
#2670=DIRECTION('',(-1.,0.,-5.34124571243393E-31));
#2671=DIRECTION('',(-3.95331598008303E-46,-1.,7.40148683083438E-16));
#2672=DIRECTION('',(-3.95331598008303E-46,-1.,7.40148683083438E-16));
#2673=DIRECTION('',(-3.95331598008303E-46,-1.,7.40148683083438E-16));
#2674=DIRECTION('',(5.34124571243393E-31,-7.40148683083438E-16,-1.));
#2675=DIRECTION('',(1.,0.,5.34124571243393E-31));
#2676=DIRECTION('',(5.34124571243393E-31,-7.40148683083438E-16,-1.));
#2677=DIRECTION('',(1.,0.,5.34124571243393E-31));
#2678=DIRECTION('',(-1.5003013846286E-16,-1.,8.90178821546298E-16));
#2679=DIRECTION('',(-1.,0.,-5.34124571243393E-31));
#2680=DIRECTION('',(-4.50090415388576E-16,-1.,2.90058267694862E-16));
#2681=DIRECTION('',(-5.34124571243393E-31,7.40148683083438E-16,1.));
#2682=DIRECTION('',(1.,0.,5.34124571243393E-31));
#2683=DIRECTION('',(0.,-7.40148683083438E-16,-1.));
#2684=DIRECTION('',(1.,-3.95331598008303E-46,0.));
#2685=DIRECTION('',(5.34124571243393E-31,-7.40148683083438E-16,-1.));
#2686=DIRECTION('',(-1.,0.,-5.34124571243393E-31));
#2687=DIRECTION('',(-5.34124571243393E-31,7.40148683083438E-16,1.));
#2688=DIRECTION('',(-1.,0.,-5.34124571243393E-31));
#2689=DIRECTION('',(5.34124571243393E-31,-7.40148683083438E-16,-1.));
#2690=DIRECTION('',(-1.,0.,-5.34124571243393E-31));
#2691=DIRECTION('',(-5.34124571243393E-31,7.40148683083438E-16,1.));
#2692=DIRECTION('',(-1.,0.,-5.34124571243393E-31));
#2693=DIRECTION('',(5.34124571243393E-31,-7.40148683083438E-16,-1.));
#2694=DIRECTION('',(-1.,0.,-5.34124571243393E-31));
#2695=DIRECTION('',(-5.34124571243393E-31,7.40148683083438E-16,1.));
#2696=DIRECTION('',(-1.,0.,-5.34124571243393E-31));
#2697=DIRECTION('',(5.34124571243393E-31,-7.40148683083438E-16,-1.));
#2698=DIRECTION('',(-1.,0.,-5.34124571243393E-31));
#2699=DIRECTION('',(-5.34124571243393E-31,7.40148683083438E-16,1.));
#2700=DIRECTION('',(-1.,0.,-5.34124571243393E-31));
#2701=DIRECTION('',(-0.707106781186548,7.35538809473482E-16,0.707106781186547));
#2702=DIRECTION('',(-0.707106781186547,-5.23364152894592E-16,-0.707106781186548));
#2703=DIRECTION('',(-0.707106781186547,-5.23364152894592E-16,-0.707106781186548));
#2704=DIRECTION('',(-0.707106781186547,-6.89345365696549E-15,-0.707106781186548));
#2705=DIRECTION('',(-1.5003013846286E-16,-1.,8.90178821546298E-16));
#2706=DIRECTION('',(5.34124571243393E-31,-7.40148683083438E-16,-1.));
#2707=DIRECTION('',(-0.70710678118655,-0.707106781186545,5.2336415289459E-16));
#2708=DIRECTION('',(5.34124571243393E-31,-7.40148683083438E-16,-1.));
#2709=DIRECTION('',(1.,0.,5.34124571243393E-31));
#2710=DIRECTION('',(3.77683106324561E-31,-0.707106781186549,-0.707106781186548));
#2711=DIRECTION('',(-3.77683106324561E-31,-0.707106781186548,0.707106781186549));
#2712=DIRECTION('',(-1.,0.,-5.34124571243393E-31));
#2713=DIRECTION('',(3.77683106324561E-31,-0.707106781186549,-0.707106781186548));
#2714=DIRECTION('',(-1.,0.,-5.34124571243393E-31));
#2715=DIRECTION('',(5.34124571243393E-31,-7.40148683083438E-16,-1.));
#2716=DIRECTION('',(0.70710678118655,-0.707106781186545,5.2336415289459E-16));
#2717=DIRECTION('',(5.34124571243393E-31,-7.40148683083438E-16,-1.));
#2718=DIRECTION('',(1.,0.,5.34124571243393E-31));
#2719=DIRECTION('',(-0.707106781186547,5.23364152894592E-16,0.707106781186548));
#2720=DIRECTION('',(0.707106781186548,-1.13159816842072E-16,0.707106781186547));
#2721=DIRECTION('',(-0.707106781186547,5.23364152894592E-16,0.707106781186548));
#2722=DIRECTION('',(0.707106781186547,5.95006597275018E-16,-0.707106781186548));
#2723=DIRECTION('',(-4.50090415388576E-16,-1.,2.90058267694862E-16));
#2724=DIRECTION('',(5.34124571243393E-31,-7.40148683083438E-16,-1.));
#2725=DIRECTION('',(-1.,-6.34413171108719E-15,4.16147616002567E-30));
#2726=DIRECTION('',(5.34124571243393E-31,-7.40148683083438E-16,-1.));
#2727=DIRECTION('',(1.,0.,5.34124571243393E-31));
#2728=DIRECTION('',(-0.707106781186548,4.77805024942417E-16,0.707106781186547));
#2729=DIRECTION('',(-0.707106781186547,-5.23364152894592E-16,-0.707106781186548));
#2730=DIRECTION('',(-0.678598344545825,-0.281084637714913,-0.678598344545831));
#2731=DIRECTION('',(3.22151683199279E-17,-1.,7.0793351476351E-16));
#2732=DIRECTION('',(-0.678598344545807,0.281084637714877,-0.678598344545863));
#2733=DIRECTION('',(-0.5,-0.5,0.707106781186549));
#2734=DIRECTION('',(-0.816496580927727,-4.55080617034198E-16,-0.577350269189624));
#2735=DIRECTION('',(-0.281084637714808,-0.678598344545857,-0.678598344545843));
#2736=DIRECTION('',(0.707106781186546,-0.707106781186549,-1.21477038331708E-15));
#2737=DIRECTION('',(-3.77683106324566E-31,-0.707106781186539,0.707106781186557));
#2738=DIRECTION('',(-1.,0.,-5.34124571243393E-31));
#2739=DIRECTION('',(-1.,0.,-5.34124571243393E-31));
#2740=DIRECTION('',(0.281084637714805,-0.678598344545863,-0.678598344545838));
#2741=DIRECTION('',(0.5,-0.5,0.707106781186548));
#2742=DIRECTION('',(-0.816496580927727,4.2732504141857E-16,0.577350269189625));
#2743=DIRECTION('',(0.707106781186547,0.707106781186548,1.21477038331707E-15));
#2744=DIRECTION('',(-0.678598344545861,0.28108463771476,0.678598344545858));
#2745=DIRECTION('',(0.707106781186547,5.23364152894592E-16,0.707106781186548));
#2746=DIRECTION('',(-0.707106781186548,5.23364152894592E-16,0.707106781186547));
#2747=DIRECTION('',(-3.95331598008303E-46,-1.,7.40148683083438E-16));
#2748=DIRECTION('',(0.678598344545832,0.281084637714901,-0.678598344545829));
#2749=DIRECTION('',(-5.34124571243393E-31,-4.13329784059582E-16,1.));
#2750=DIRECTION('',(-1.,-5.92118946466752E-15,-2.98152853405029E-30));
#2751=DIRECTION('',(-5.34124571243393E-31,7.40148683083438E-16,1.));
#2752=DIRECTION('',(-1.,0.,-5.34124571243393E-31));
#2753=DIRECTION('',(3.08395284618099E-16,-4.13329784059582E-16,1.));
#2754=DIRECTION('',(3.55727320175421E-31,1.,4.13329784059582E-16));
#2755=DIRECTION('',(-1.,2.28258363779228E-31,3.08395284618099E-16));
#2756=DIRECTION('',(1.,-1.64883423201289E-46,3.55727320175406E-31));
#2757=DIRECTION('',(-5.34124571243393E-31,-4.13329784059582E-16,1.));
#2758=DIRECTION('',(2.51537200349353E-31,0.707106781186534,-0.707106781186562));
#2759=DIRECTION('',(1.,-1.64883423201289E-46,3.55727320175406E-31));
#2760=DIRECTION('',(-2.80094584777445E-15,0.70710678118656,0.707106781186537));
#2761=DIRECTION('',(2.51537200349343E-31,-0.707106781186562,-0.707106781186534));
#2762=DIRECTION('',(0.,-7.40148683083438E-16,-1.));
#2763=DIRECTION('',(-1.,1.85311686566392E-46,0.));
#2764=DIRECTION('',(-5.34124571243393E-31,7.40148683083438E-16,1.));
#2765=DIRECTION('',(-2.59052039079203E-15,1.,-7.40148683083438E-16));
#2766=DIRECTION('',(-5.34124571243393E-31,7.40148683083438E-16,1.));
#2767=DIRECTION('',(-1.,0.,-5.34124571243393E-31));
#2768=DIRECTION('',(-5.34124571243393E-31,7.40148683083438E-16,1.));
#2769=DIRECTION('',(-1.,-5.92118946466752E-15,3.8484360133178E-30));
#2770=DIRECTION('',(-5.34124571243393E-31,-4.13329784059582E-16,1.));
#2771=DIRECTION('',(-2.59052039079203E-15,1.,4.13329784059582E-16));
#2772=DIRECTION('',(1.,0.,5.34124571243393E-31));
#2773=DIRECTION('',(3.95331598008303E-46,1.,-7.40148683083438E-16));
#2774=DIRECTION('',(-5.76739233571511E-16,1.63409449511932E-16,1.));
#2775=DIRECTION('',(3.95331598008303E-46,1.,-7.40148683083438E-16));
#2776=DIRECTION('',(5.34124571243393E-31,-7.40148683083438E-16,-1.));
#2777=DIRECTION('',(0.707106781186546,-0.707106781186549,-2.92268293174901E-16));
#2778=DIRECTION('',(0.707106781186549,0.707106781186546,-5.2336415289459E-16));
#2779=DIRECTION('',(0.707106781186549,0.707106781186546,-5.2336415289459E-16));
#2780=DIRECTION('',(5.7673923357151E-16,1.63409449511926E-16,1.));
#2781=DIRECTION('',(2.20769593692948E-46,-1.,-4.13329784059582E-16));
#2782=DIRECTION('',(1.,0.,5.34124571243393E-31));
#2783=DIRECTION('',(1.,0.,5.34124571243393E-31));
#2784=DIRECTION('',(-5.34124571243393E-31,-4.13329784059582E-16,1.));
#2785=DIRECTION('',(-0.707106781186548,-0.707106781186547,-2.92268293174902E-16));
#2786=DIRECTION('',(0.707106781186547,-0.707106781186548,5.23364152894593E-16));
#2787=DIRECTION('',(0.707106781186547,-0.707106781186548,5.23364152894593E-16));
#2788=DIRECTION('',(-5.76739233571511E-16,1.63409449511929E-16,1.));
#2789=DIRECTION('',(-5.34124571243393E-31,7.40148683083438E-16,1.));
#2790=DIRECTION('',(1.,0.,5.34124571243393E-31));
#2791=DIRECTION('',(-5.34124571243393E-31,7.40148683083438E-16,1.));
#2792=DIRECTION('',(-1.,0.,-5.34124571243393E-31));
#2793=DIRECTION('',(-1.,3.0006027692572E-16,-7.56213790055617E-31));
#2794=DIRECTION('',(-3.0006027692572E-16,-1.,7.40148683083438E-16));
#2795=DIRECTION('',(-5.34124571243393E-31,7.40148683083438E-16,1.));
#2796=DIRECTION('',(-3.0006027692572E-16,-1.,7.40148683083438E-16));
#2797=DIRECTION('',(-5.34124571243393E-31,7.40148683083438E-16,1.));
#2798=DIRECTION('',(-5.34124571243393E-31,7.40148683083438E-16,1.));
#2799=DIRECTION('',(-0.707106781186555,-0.70710678118654,5.23364152894586E-16));
#2800=DIRECTION('',(-5.34124571243393E-31,7.40148683083438E-16,1.));
#2801=DIRECTION('',(-1.,0.,-5.34124571243393E-31));
#2802=DIRECTION('',(-5.34124571243393E-31,7.40148683083438E-16,1.));
#2803=DIRECTION('',(-3.95331598008303E-46,-1.,7.40148683083438E-16));
#2804=DIRECTION('',(1.,0.,5.34124571243393E-31));
#2805=DIRECTION('',(1.,0.,5.34124571243393E-31));
#2806=DIRECTION('',(-5.34124571243393E-31,7.40148683083438E-16,1.));
#2807=DIRECTION('',(-5.34124571243393E-31,7.40148683083438E-16,1.));
#2808=DIRECTION('',(0.707106781186555,-0.70710678118654,5.23364152894587E-16));
#2809=DIRECTION('',(-5.34124571243393E-31,7.40148683083438E-16,1.));
#2810=DIRECTION('',(-1.,0.,-5.34124571243393E-31));
#2811=DIRECTION('',(-5.34124571243393E-31,7.40148683083438E-16,1.));
#2812=DIRECTION('',(1.,-9.00180830777151E-16,1.20039222768006E-30));
#2813=DIRECTION('',(9.00180830777151E-16,1.,-7.40148683083438E-16));
#2814=DIRECTION('',(9.00180830777151E-16,1.,-7.40148683083438E-16));
#2815=DIRECTION('',(-5.34124571243393E-31,7.40148683083438E-16,1.));
#2816=DIRECTION('',(-5.34124571243393E-31,7.40148683083438E-16,1.));
#2817=DIRECTION('',(-1.,-6.34413171108719E-15,4.16147616002567E-30));
#2818=DIRECTION('',(-5.34124571243393E-31,7.40148683083438E-16,1.));
#2819=DIRECTION('',(-1.,0.,-5.34124571243393E-31));
#2820=DIRECTION('',(-1.,-6.44303366398558E-17,-5.60755548373631E-31));
#2821=DIRECTION('',(6.44303366398558E-17,-1.,7.40148683083438E-16));
#2822=DIRECTION('',(6.44303366398558E-17,-1.,7.40148683083438E-16));
#2823=DIRECTION('',(-6.08443577188243E-31,7.40148683083438E-16,1.));
#2824=DIRECTION('',(-0.707106781186549,0.707106781186546,2.92268293174901E-16));
#2825=DIRECTION('',(-0.707106781186546,-0.707106781186549,5.23364152894593E-16));
#2826=DIRECTION('',(-0.707106781186546,-0.707106781186549,5.23364152894593E-16));
#2827=DIRECTION('',(-0.707106781186547,-0.707106781186548,1.68212051036904E-15));
#2828=DIRECTION('',(5.34124571243393E-31,-7.40148683083438E-16,-1.));
#2829=DIRECTION('',(1.,0.,5.34124571243393E-31));
#2830=DIRECTION('',(-0.707106781186546,0.70710678118655,-5.23364152894594E-16));
#2831=DIRECTION('',(0.70710678118655,0.707106781186546,2.92268293174901E-16));
#2832=DIRECTION('',(-0.707106781186546,0.70710678118655,-5.23364152894594E-16));
#2833=DIRECTION('',(-0.707106781186544,0.707106781186551,-2.55118777847488E-15));
#2834=DIRECTION('',(-0.5,0.5,0.707106781186548));
#2835=DIRECTION('',(-0.816496580927726,-1.7752486087791E-16,-0.577350269189626));
#2836=DIRECTION('',(0.5,0.5,0.707106781186549));
#2837=DIRECTION('',(-0.816496580927727,2.88547163340425E-16,0.577350269189625));
#2838=CARTESIAN_POINT('',(0.,0.,0.));
#2839=CARTESIAN_POINT('',(0.0066,0.0103161149026718,0.007));
#2840=CARTESIAN_POINT('',(0.0062,0.0103161149026718,0.0035));
#2841=CARTESIAN_POINT('',(0.0062,0.0103161149026718,0.007));
#2842=CARTESIAN_POINT('',(0.0062,0.0103161149026718,0.0106));
#2843=CARTESIAN_POINT('',(1.32227992165939E-17,0.0103161149026718,0.007));
#2844=CARTESIAN_POINT('',(0.00519852813742383,0.0103161149026718,0.007));
#2845=CARTESIAN_POINT('',(0.00110081649788701,0.0103161149026718,0.00410248031233645));
#2846=CARTESIAN_POINT('',(0.0046328427124746,0.0103161149026718,0.0066));
#2847=CARTESIAN_POINT('',(0.0046328427124746,0.0103161149026718,-1.56125112837912E-17));
#2848=CARTESIAN_POINT('',(0.00463284271247461,0.0103161149026718,0.006));
#2849=CARTESIAN_POINT('',(-9.98770789079911E-20,0.0103161149026718,0.006));
#2850=CARTESIAN_POINT('',(-0.00463284271247462,0.0103161149026718,0.006));
#2851=CARTESIAN_POINT('',(-0.00463284271247462,0.0103161149026718,-1.7347234759768E-17));
#2852=CARTESIAN_POINT('',(-0.00463284271247463,0.0103161149026718,0.0066));
#2853=CARTESIAN_POINT('',(-0.000395097402045246,0.0103161149026718,0.00360346155405384));
#2854=CARTESIAN_POINT('',(-0.00519852813742394,0.0103161149026718,0.007));
#2855=CARTESIAN_POINT('',(1.32227992165939E-17,0.0103161149026718,0.007));
#2856=CARTESIAN_POINT('',(-0.0062,0.0103161149026718,0.007));
#2857=CARTESIAN_POINT('',(-0.0062,0.0103161149026718,0.0035));
#2858=CARTESIAN_POINT('',(-0.0062,0.0103161149026718,0.0106));
#2859=CARTESIAN_POINT('',(0.0033,0.0103161149026718,0.0106));
#2860=CARTESIAN_POINT('',(-0.0066,0.0200161149026718,-2.25514051876985E-17));
#2861=CARTESIAN_POINT('',(-0.0066,0.00901611490267182,0.0106));
#2862=CARTESIAN_POINT('',(-0.0066,0.00991611490267181,0.0106));
#2863=CARTESIAN_POINT('',(-0.0066,-0.00888388509732818,0.0106));
#2864=CARTESIAN_POINT('',(-0.0066,0.00991611490267181,0.0035));
#2865=CARTESIAN_POINT('',(-0.0066,0.00991611490267182,0.007));
#2866=CARTESIAN_POINT('',(-0.0066,-0.00270888509732848,0.007));
#2867=CARTESIAN_POINT('',(-0.0066,0.0339095104892053,0.007));
#2868=CARTESIAN_POINT('',(-0.0066,0.0339095104892053,-3.29597460435593E-17));
#2869=CARTESIAN_POINT('',(-0.0066,0.0339095104892053,0.000999999999999966));
#2870=CARTESIAN_POINT('',(-0.0066,0.00615361490267181,0.000999999999999987));
#2871=CARTESIAN_POINT('',(-0.0066,-0.0354338850973282,0.00100000000000002));
#2872=CARTESIAN_POINT('',(-0.0066,-0.0354338850973282,1.90819582357449E-17));
#2873=CARTESIAN_POINT('',(-0.0066,-0.0354338850973282,0.007));
#2874=CARTESIAN_POINT('',(-0.0066,-0.00770888509732848,0.007));
#2875=CARTESIAN_POINT('',(-0.0066,-0.00888388509732818,0.007));
#2876=CARTESIAN_POINT('',(-0.0066,-0.00888388509732819,0.0035));
#2877=CARTESIAN_POINT('',(1.32227992165939E-17,-0.00770888509732819,-1.7347234759768E-18));
#2878=CARTESIAN_POINT('',(-9.98770789079881E-20,-0.0310838850973282,1.56125112837912E-17));
#2879=CARTESIAN_POINT('',(-9.98770789079881E-20,-0.0276838850973282,1.56125112837912E-17));
#2880=CARTESIAN_POINT('',(-0.0056,0.00615361490267181,-1.21430643318376E-17));
#2881=CARTESIAN_POINT('',(-0.0056,0.0339095104892053,-3.29597460435593E-17));
#2882=CARTESIAN_POINT('',(-0.0056,-0.0354338850973282,1.90819582357449E-17));
#2883=CARTESIAN_POINT('',(-0.0036,0.0339095104892053,-3.29597460435593E-17));
#2884=CARTESIAN_POINT('',(-0.0036,0.0359095104892053,-3.46944695195361E-17));
#2885=CARTESIAN_POINT('',(0.0018,0.0359095104892053,-3.46944695195361E-17));
#2886=CARTESIAN_POINT('',(0.0036,0.0359095104892053,-3.46944695195361E-17));
#2887=CARTESIAN_POINT('',(0.0036,0.0339095104892053,-3.29597460435593E-17));
#2888=CARTESIAN_POINT('',(0.0056,0.0339095104892053,-3.29597460435593E-17));
#2889=CARTESIAN_POINT('',(0.0056,-0.0215713850973283,8.67361737988404E-18));
#2890=CARTESIAN_POINT('',(0.0056,-0.0354338850973282,1.90819582357449E-17));
#2891=CARTESIAN_POINT('',(0.0036,-0.0354338850973282,1.90819582357449E-17));
#2892=CARTESIAN_POINT('',(0.0036,-0.0374338850973282,2.08166817117217E-17));
#2893=CARTESIAN_POINT('',(-0.0018,-0.0374338850973282,2.08166817117217E-17));
#2894=CARTESIAN_POINT('',(-0.0036,-0.0374338850973282,2.08166817117217E-17));
#2895=CARTESIAN_POINT('',(-0.0036,-0.0354338850973282,1.90819582357449E-17));
#2896=CARTESIAN_POINT('',(-9.98770789079881E-20,0.0139161149026718,-1.7347234759768E-17));
#2897=CARTESIAN_POINT('',(0.0034,0.0139161149026718,-1.7347234759768E-17));
#2898=CARTESIAN_POINT('',(0.0061,-0.0215713850973283,0.000500000000000007));
#2899=CARTESIAN_POINT('',(0.0061,0.0339095104892053,0.000499999999999966));
#2900=CARTESIAN_POINT('',(0.0066,0.0339095104892053,0.000999999999999966));
#2901=CARTESIAN_POINT('',(0.0066,-0.0215713850973283,0.001));
#2902=CARTESIAN_POINT('',(0.0066,-0.0354338850973282,0.00100000000000002));
#2903=CARTESIAN_POINT('',(0.0061,-0.0354338850973282,0.000500000000000018));
#2904=CARTESIAN_POINT('',(-0.0061,0.00615361490267181,0.000499999999999987));
#2905=CARTESIAN_POINT('',(-0.0061,0.0339095104892053,0.000499999999999966));
#2906=CARTESIAN_POINT('',(-0.0061,-0.0354338850973282,0.000500000000000018));
#2907=CARTESIAN_POINT('',(0.0066,-0.0354338850973282,1.90819582357449E-17));
#2908=CARTESIAN_POINT('',(0.0066,0.0339095104892053,-3.29597460435593E-17));
#2909=CARTESIAN_POINT('',(0.0066,0.0339095104892053,0.007));
#2910=CARTESIAN_POINT('',(0.0066,-0.00270888509732848,0.007));
#2911=CARTESIAN_POINT('',(0.0066,0.00991611490267182,0.007));
#2912=CARTESIAN_POINT('',(0.0066,0.00991611490267181,0.0035));
#2913=CARTESIAN_POINT('',(0.0066,0.00991611490267182,0.0106));
#2914=CARTESIAN_POINT('',(0.0066,-0.0187088850973282,0.0106));
#2915=CARTESIAN_POINT('',(0.0066,-0.00888388509732818,0.0106));
#2916=CARTESIAN_POINT('',(0.0066,-0.00888388509732819,0.0035));
#2917=CARTESIAN_POINT('',(0.0066,-0.00888388509732818,0.007));
#2918=CARTESIAN_POINT('',(0.0066,-0.00770888509732848,0.007));
#2919=CARTESIAN_POINT('',(0.0066,-0.0354338850973282,0.007));
#2920=CARTESIAN_POINT('',(0.0066,-0.0354338850973282,1.90819582357449E-17));
#2921=CARTESIAN_POINT('',(-0.0033,-0.00948388509732818,0.0072));
#2922=CARTESIAN_POINT('',(0.0058,-0.00968388509732818,0.007));
#2923=CARTESIAN_POINT('',(0.0058,-0.00968388509732818,0.007));
#2924=CARTESIAN_POINT('',(0.0062,-0.00928388509732818,0.0074));
#2925=CARTESIAN_POINT('',(-0.0033,-0.00928388509732818,0.0074));
#2926=CARTESIAN_POINT('',(-0.0062,-0.00928388509732818,0.0074));
#2927=CARTESIAN_POINT('',(-0.0062,-0.00928388509732818,0.0074));
#2928=CARTESIAN_POINT('',(-0.0058,-0.00968388509732818,0.007));
#2929=CARTESIAN_POINT('',(-0.0033,-0.00968388509732818,0.007));
#2930=CARTESIAN_POINT('',(-0.0066,-0.00928388509732818,0.007));
#2931=CARTESIAN_POINT('',(0.0062,-0.00928388509732819,0.0035));
#2932=CARTESIAN_POINT('',(0.0062,-0.00928388509732818,0.0106));
#2933=CARTESIAN_POINT('',(-0.0033,-0.00928388509732818,0.0106));
#2934=CARTESIAN_POINT('',(-0.0062,-0.00928388509732818,0.0106));
#2935=CARTESIAN_POINT('',(-0.0062,-0.00928388509732819,0.0035));
#2936=CARTESIAN_POINT('',(0.0104433820343559,-0.0291561884879215,0.0068));
#2937=CARTESIAN_POINT('',(0.00284852813742384,-0.0370338850973282,0.007));
#2938=CARTESIAN_POINT('',(0.00284852813742385,-0.0370338850973282,0.007));
#2939=CARTESIAN_POINT('',(0.0052,-0.034682413234752,0.007));
#2940=CARTESIAN_POINT('',(0.0052,-0.034682413234752,0.007));
#2941=CARTESIAN_POINT('',(0.0048,-0.0345167278098028,0.0066));
#2942=CARTESIAN_POINT('',(0.0048,-0.0345167278098028,0.0066));
#2943=CARTESIAN_POINT('',(0.00268284271247462,-0.0366338850973282,0.0066));
#2944=CARTESIAN_POINT('',(0.00284852813742385,-0.0370338850973282,0.007));
#2945=CARTESIAN_POINT('',(0.005,-0.016804963741091,0.0068));
#2946=CARTESIAN_POINT('',(0.0052,-0.016804963741091,0.007));
#2947=CARTESIAN_POINT('',(0.0052,-0.0257353569599043,0.007));
#2948=CARTESIAN_POINT('',(0.0052,-0.0257353569599043,0.007));
#2949=CARTESIAN_POINT('',(0.0048,-0.0259010423848536,0.0066));
#2950=CARTESIAN_POINT('',(0.0048,-0.016804963741091,0.0066));
#2951=CARTESIAN_POINT('',(-0.0013414213562373,-0.0235838850973282,0.0068));
#2952=CARTESIAN_POINT('',(-0.0013414213562373,-0.0233838850973282,0.007));
#2953=CARTESIAN_POINT('',(0.00284852813742386,-0.0233838850973282,0.007));
#2954=CARTESIAN_POINT('',(-0.00284852813742386,-0.0233838850973282,0.007));
#2955=CARTESIAN_POINT('',(-0.00284852813742386,-0.0233838850973282,0.007));
#2956=CARTESIAN_POINT('',(-0.00268284271247462,-0.0237838850973282,0.0066));
#2957=CARTESIAN_POINT('',(-0.0013414213562373,-0.0237838850973282,0.0066));
#2958=CARTESIAN_POINT('',(0.00268284271247463,-0.0237838850973282,0.0066));
#2959=CARTESIAN_POINT('',(0.00268284271247462,-0.0237838850973282,0.0066));
#2960=CARTESIAN_POINT('',(0.000806617965643984,-0.020011581706735,0.0068));
#2961=CARTESIAN_POINT('',(-0.00284852813742386,-0.0233838850973282,0.007));
#2962=CARTESIAN_POINT('',(-0.0052,-0.0257353569599043,0.007));
#2963=CARTESIAN_POINT('',(-0.0052,-0.0257353569599043,0.007));
#2964=CARTESIAN_POINT('',(-0.0048,-0.0259010423848536,0.0066));
#2965=CARTESIAN_POINT('',(-0.0048,-0.0259010423848536,0.0066));
#2966=CARTESIAN_POINT('',(-0.005,-0.0211128064535656,0.0068));
#2967=CARTESIAN_POINT('',(-0.0048,-0.0211128064535656,0.0066));
#2968=CARTESIAN_POINT('',(-0.0048,-0.0345167278098028,0.0066));
#2969=CARTESIAN_POINT('',(-0.0052,-0.0211128064535656,0.007));
#2970=CARTESIAN_POINT('',(-0.0052,-0.034682413234752,0.007));
#2971=CARTESIAN_POINT('',(-0.0052,-0.034682413234752,0.007));
#2972=CARTESIAN_POINT('',(-0.00938480339059321,-0.0302147671316843,0.0068));
#2973=CARTESIAN_POINT('',(-0.00268284271247462,-0.0366338850973282,0.0066));
#2974=CARTESIAN_POINT('',(-0.00268284271247463,-0.0366338850973282,0.0066));
#2975=CARTESIAN_POINT('',(-0.0052,-0.034682413234752,0.007));
#2976=CARTESIAN_POINT('',(-0.00284852813742385,-0.0370338850973282,0.007));
#2977=CARTESIAN_POINT('',(-0.00284852813742385,-0.0370338850973282,0.007));
#2978=CARTESIAN_POINT('',(-0.00186519660940667,-0.0189530030629723,0.0068));
#2979=CARTESIAN_POINT('',(0.0052,-0.0257353569599043,0.007));
#2980=CARTESIAN_POINT('',(0.00268284271247463,-0.0237838850973282,0.0066));
#2981=CARTESIAN_POINT('',(0.00134142135623732,-0.0368338850973282,0.0068));
#2982=CARTESIAN_POINT('',(0.00134142135623732,-0.0366338850973282,0.0066));
#2983=CARTESIAN_POINT('',(0.00134142135623732,-0.0370338850973282,0.007));
#2984=CARTESIAN_POINT('',(0.0048,-0.0345167278098028,1.7347234759768E-17));
#2985=CARTESIAN_POINT('',(0.0048,-0.0345167278098028,1.7347234759768E-17));
#2986=CARTESIAN_POINT('',(0.0048,-0.0345167278098028,0.006));
#2987=CARTESIAN_POINT('',(0.0048,-0.0345167278098028,0.006));
#2988=CARTESIAN_POINT('',(0.00268284271247463,-0.0366338850973282,0.006));
#2989=CARTESIAN_POINT('',(0.00268284271247462,-0.0366338850973282,1.90819582357449E-17));
#2990=CARTESIAN_POINT('',(0.0048,-0.0259010423848536,1.21430643318376E-17));
#2991=CARTESIAN_POINT('',(0.0048,-0.0259010423848536,1.21430643318376E-17));
#2992=CARTESIAN_POINT('',(0.0048,-0.0259010423848536,0.006));
#2993=CARTESIAN_POINT('',(0.0048,-0.0259010423848536,0.006));
#2994=CARTESIAN_POINT('',(0.00268284271247462,-0.0237838850973282,1.04083408558608E-17));
#2995=CARTESIAN_POINT('',(0.00268284271247462,-0.0237838850973282,1.04083408558608E-17));
#2996=CARTESIAN_POINT('',(0.00268284271247462,-0.0237838850973282,0.006));
#2997=CARTESIAN_POINT('',(0.00268284271247462,-0.0237838850973282,0.006));
#2998=CARTESIAN_POINT('',(-0.00268284271247462,-0.0237838850973282,1.04083408558608E-17));
#2999=CARTESIAN_POINT('',(-0.00268284271247462,-0.0237838850973282,1.04083408558608E-17));
#3000=CARTESIAN_POINT('',(-0.00268284271247462,-0.0237838850973282,0.006));
#3001=CARTESIAN_POINT('',(-0.00268284271247462,-0.0237838850973282,0.006));
#3002=CARTESIAN_POINT('',(1.32227992165939E-17,-0.00770888509732848,0.007));
#3003=CARTESIAN_POINT('',(-0.0064,-0.00908388509732818,0.007));
#3004=CARTESIAN_POINT('',(-0.0036,-0.0354338850973282,0.007));
#3005=CARTESIAN_POINT('',(-0.0036,-0.0384338850973282,0.007));
#3006=CARTESIAN_POINT('',(1.32227992165939E-17,-0.0384338850973282,0.007));
#3007=CARTESIAN_POINT('',(0.0036,-0.0384338850973282,0.007));
#3008=CARTESIAN_POINT('',(0.0036,-0.0354338850973282,0.007));
#3009=CARTESIAN_POINT('',(0.0064,-0.00908388509732818,0.007));
#3010=CARTESIAN_POINT('',(-0.0062,-0.00888388509732818,0.011));
#3011=CARTESIAN_POINT('',(-0.0064,-0.00908388509732818,0.0106));
#3012=CARTESIAN_POINT('',(-0.0062,-0.00908388509732818,0.0108));
#3013=CARTESIAN_POINT('',(-0.0062,-0.00888388509732818,0.011));
#3014=CARTESIAN_POINT('',(-0.0064,-0.00888388509732818,0.0108));
#3015=CARTESIAN_POINT('',(0.0062,-0.00928388509732818,0.0106));
#3016=CARTESIAN_POINT('',(0.0064,-0.00888388509732818,0.0108));
#3017=CARTESIAN_POINT('',(0.0062,-0.00888388509732818,0.011));
#3018=CARTESIAN_POINT('',(0.0062,-0.00908388509732818,0.0108));
#3019=CARTESIAN_POINT('',(0.0064,-0.00908388509732818,0.0106));
#3020=CARTESIAN_POINT('',(-0.0033,-0.00908388509732818,0.0108));
#3021=CARTESIAN_POINT('',(-0.0033,-0.00888388509732818,0.011));
#3022=CARTESIAN_POINT('',(0.0064,-0.00908388509732819,0.0035));
#3023=CARTESIAN_POINT('',(0.0064,-0.0187088850973282,0.0108));
#3024=CARTESIAN_POINT('',(0.0064,0.00991611490267182,0.0108));
#3025=CARTESIAN_POINT('',(0.0062,0.00991611490267182,0.011));
#3026=CARTESIAN_POINT('',(0.0062,-0.0187088850973282,0.011));
#3027=CARTESIAN_POINT('',(-0.0064,0.00901611490267182,0.0108));
#3028=CARTESIAN_POINT('',(-0.0062,0.00901611490267182,0.011));
#3029=CARTESIAN_POINT('',(-0.0062,0.00991611490267182,0.011));
#3030=CARTESIAN_POINT('',(-0.0064,0.00991611490267182,0.0108));
#3031=CARTESIAN_POINT('',(-0.0064,-0.00908388509732819,0.0035));
#3032=CARTESIAN_POINT('',(4.55234433404584E-19,-0.00198388509732818,0.011));
#3033=CARTESIAN_POINT('',(0.0033,0.00991611490267182,0.011));
#3034=CARTESIAN_POINT('',(-0.000700000000000058,-0.0293088850973282,0.0108));
#3035=CARTESIAN_POINT('',(0.000999999999999957,-0.0293088850973282,0.0108));
#3036=CARTESIAN_POINT('',(0.000999999999999957,-0.0295088850973282,0.0106));
#3037=CARTESIAN_POINT('',(0.00099999999999996,-0.0291088850973282,0.011));
#3038=CARTESIAN_POINT('',(-0.000700000000000058,-0.0291088850973282,0.011));
#3039=CARTESIAN_POINT('',(-0.00100000000000004,-0.0291088850973282,0.011));
#3040=CARTESIAN_POINT('',(-0.00100000000000004,-0.0293088850973282,0.0108));
#3041=CARTESIAN_POINT('',(-0.00100000000000004,-0.0295088850973282,0.0106));
#3042=CARTESIAN_POINT('',(-0.000700000000000058,-0.0295088850973282,0.0106));
#3043=CARTESIAN_POINT('',(0.0012000000000009,-0.0176776351051513,0.0108));
#3044=CARTESIAN_POINT('',(0.00120000000000045,-0.0285838850973282,0.0107999999999996));
#3045=CARTESIAN_POINT('',(0.00139999999999999,-0.0285838850973282,0.0106));
#3046=CARTESIAN_POINT('',(0.001,-0.0285838850973282,0.011));
#3047=CARTESIAN_POINT('',(0.00100000000000045,-0.0176776351051513,0.0110000000000005));
#3048=CARTESIAN_POINT('',(0.00120000000000043,-0.0291088850973282,0.0107999999999995));
#3049=CARTESIAN_POINT('',(0.00139999999999996,-0.0291088850973282,0.0106));
#3050=CARTESIAN_POINT('',(0.00140000000000043,-0.0176776351051513,0.0106000000000005));
#3051=CARTESIAN_POINT('',(-0.00119999999999904,-0.0172151351051512,0.0108));
#3052=CARTESIAN_POINT('',(-0.00119999999999954,-0.0291088850973282,0.0108000000000005));
#3053=CARTESIAN_POINT('',(-0.00140000000000003,-0.0291088850973282,0.0106));
#3054=CARTESIAN_POINT('',(-0.00099999999999954,-0.0172151351051512,0.0109999999999995));
#3055=CARTESIAN_POINT('',(-0.001,-0.0285838850973282,0.011));
#3056=CARTESIAN_POINT('',(-0.00119999999999952,-0.0285838850973282,0.0108000000000005));
#3057=CARTESIAN_POINT('',(-0.0014,-0.0285838850973282,0.0106));
#3058=CARTESIAN_POINT('',(-0.00139999999999952,-0.0172151351051512,0.0105999999999995));
#3059=CARTESIAN_POINT('',(2.98133130814896E-19,-0.0285838850973282,0.0108));
#3060=CARTESIAN_POINT('',(2.98133130814896E-19,-0.0285838850973282,0.011));
#3061=CARTESIAN_POINT('',(2.98133130814896E-19,-0.0285838850973282,0.0106));
#3062=CARTESIAN_POINT('',(-0.00100000000000004,-0.0291088850973282,0.0106));
#3063=CARTESIAN_POINT('',(-0.00100000000000004,-0.0291088850973282,0.0106));
#3064=CARTESIAN_POINT('',(0.000999999999999957,-0.0291088850973282,0.0106));
#3065=CARTESIAN_POINT('',(0.000999999999999957,-0.0291088850973282,0.0106));
#3066=CARTESIAN_POINT('',(-0.00140000000000008,-0.0295088850973282,1.38777878078145E-17));
#3067=CARTESIAN_POINT('',(-0.00100000000000004,-0.0295088850973282,1.38777878078145E-17));
#3068=CARTESIAN_POINT('',(-0.00100000000000004,-0.0295088850973282,0.006));
#3069=CARTESIAN_POINT('',(-0.00140000000000008,-0.0295088850973282,0.006));
#3070=CARTESIAN_POINT('',(0.000999999999999957,-0.0295088850973282,0.006));
#3071=CARTESIAN_POINT('',(0.000999999999999957,-0.0295088850973282,1.38777878078145E-17));
#3072=CARTESIAN_POINT('',(-0.00100000000000004,-0.0291088850973282,1.38777878078145E-17));
#3073=CARTESIAN_POINT('',(-0.00140000000000004,-0.0291088850973282,1.38777878078145E-17));
#3074=CARTESIAN_POINT('',(-0.00140000000000004,-0.0291088850973282,0.006));
#3075=CARTESIAN_POINT('',(-0.00100000000000004,-0.0291088850973282,0.006));
#3076=CARTESIAN_POINT('',(-0.0014,-0.0285838850973282,1.38777878078145E-17));
#3077=CARTESIAN_POINT('',(-0.0014,-0.0285838850973282,1.38777878078145E-17));
#3078=CARTESIAN_POINT('',(-0.0014,-0.0285838850973281,0.006));
#3079=CARTESIAN_POINT('',(-0.0014,-0.0285838850973282,0.006));
#3080=CARTESIAN_POINT('',(-3.8541349306554E-17,-0.00584638511297418,0.011));
#3081=CARTESIAN_POINT('',(0.000999999999999957,-0.0291088850973282,1.38777878078145E-17));
#3082=CARTESIAN_POINT('',(0.000999999999999957,-0.0291088850973282,0.006));
#3083=CARTESIAN_POINT('',(0.00139999999999995,-0.0291088850973282,0.006));
#3084=CARTESIAN_POINT('',(0.00139999999999996,-0.0291088850973282,1.38777878078145E-17));
#3085=CARTESIAN_POINT('',(0.00139999999999992,-0.0295088850973282,1.38777878078145E-17));
#3086=CARTESIAN_POINT('',(0.00139999999999992,-0.0295088850973282,0.006));
#3087=CARTESIAN_POINT('',(0.0014,-0.0285838850973282,0.006));
#3088=CARTESIAN_POINT('',(0.0014,-0.0285838850973282,1.38777878078145E-17));
#3089=CARTESIAN_POINT('',(-9.98770789079881E-20,-0.0310838850973282,0.000200000000000015));
#3090=CARTESIAN_POINT('',(-9.98770789079881E-20,-0.0310838850973282,0.000400000000000015));
#3091=CARTESIAN_POINT('',(-9.98770789079881E-20,-0.0280838850973282,0.000400000000000015));
#3092=CARTESIAN_POINT('',(-9.98770789079879E-20,-0.0310838850973282,1.56125112837912E-17));
#3093=CARTESIAN_POINT('',(-9.98770789079895E-20,-0.0310838850973282,0.003));
#3094=CARTESIAN_POINT('',(0.00265329983228432,-0.0296838850973282,0.003));
#3095=CARTESIAN_POINT('',(-0.00265329983228432,-0.0296838850973282,0.003));
#3096=CARTESIAN_POINT('',(-0.00265329983228432,-0.0296838850973282,1.38777878078145E-17));
#3097=CARTESIAN_POINT('',(-0.00265329983228432,-0.0296838850973282,0.0032));
#3098=CARTESIAN_POINT('',(-9.98770789079896E-20,-0.0310838850973282,0.0032));
#3099=CARTESIAN_POINT('',(-0.00265329983228432,-0.0324838850973282,0.0032));
#3100=CARTESIAN_POINT('',(-0.00265329983228432,-0.0324838850973282,0.003));
#3101=CARTESIAN_POINT('',(-0.00265329983228432,-0.0324838850973282,0.003));
#3102=CARTESIAN_POINT('',(-9.98770789079895E-20,-0.0310838850973282,0.003));
#3103=CARTESIAN_POINT('',(0.00265329983228432,-0.0324838850973282,0.003));
#3104=CARTESIAN_POINT('',(0.00265329983228432,-0.0324838850973282,1.7347234759768E-17));
#3105=CARTESIAN_POINT('',(0.00265329983228432,-0.0324838850973282,0.0032));
#3106=CARTESIAN_POINT('',(-9.98770789079896E-20,-0.0310838850973282,0.0032));
#3107=CARTESIAN_POINT('',(0.00265329983228432,-0.0296838850973282,0.0032));
#3108=CARTESIAN_POINT('',(0.00265329983228432,-0.0296838850973282,0.003));
#3109=CARTESIAN_POINT('',(0.0036,-0.0354338850973282,0.000500000000000018));
#3110=CARTESIAN_POINT('',(0.0036,-0.0379338850973282,0.00050000000000002));
#3111=CARTESIAN_POINT('',(0.0036,-0.0384338850973282,0.00100000000000002));
#3112=CARTESIAN_POINT('',(0.0036,-0.0354338850973282,0.00100000000000002));
#3113=CARTESIAN_POINT('',(-0.0018,-0.0379338850973282,0.00050000000000002));
#3114=CARTESIAN_POINT('',(-0.0018,-0.0384338850973282,0.00100000000000002));
#3115=CARTESIAN_POINT('',(-0.0036,-0.0384338850973282,0.00100000000000002));
#3116=CARTESIAN_POINT('',(-0.0036,-0.0379338850973282,0.00050000000000002));
#3117=CARTESIAN_POINT('',(-0.0036,-0.0354338850973282,0.000500000000000018));
#3118=CARTESIAN_POINT('',(-0.0036,-0.0354338850973282,0.00100000000000002));
#3119=CARTESIAN_POINT('',(-0.0036,-0.0354338850973282,1.90819582357449E-17));
#3120=CARTESIAN_POINT('',(-0.0036,-0.0384338850973282,2.08166817117217E-17));
#3121=CARTESIAN_POINT('',(-0.0036,-0.0384338850973282,2.08166817117217E-17));
#3122=CARTESIAN_POINT('',(0.0036,-0.0384338850973282,2.08166817117217E-17));
#3123=CARTESIAN_POINT('',(0.0036,-0.0354338850973282,1.90819582357449E-17));
#3124=CARTESIAN_POINT('',(-0.0022,-0.0310838850973282,0.0032));
#3125=CARTESIAN_POINT('',(0.0014,-0.0296838850973282,0.0032));
#3126=CARTESIAN_POINT('',(-0.0014,-0.0296838850973282,0.0032));
#3127=CARTESIAN_POINT('',(-0.0014,-0.0296838850973282,0.0032));
#3128=CARTESIAN_POINT('',(-0.0014,-0.0324838850973282,0.0032));
#3129=CARTESIAN_POINT('',(-0.0014,-0.0324838850973282,0.0032));
#3130=CARTESIAN_POINT('',(0.0022,-0.0310838850973282,0.0032));
#3131=CARTESIAN_POINT('',(-0.0014,-0.0324838850973282,0.0032));
#3132=CARTESIAN_POINT('',(0.0014,-0.0324838850973282,0.0032));
#3133=CARTESIAN_POINT('',(0.0014,-0.0324838850973282,0.0032));
#3134=CARTESIAN_POINT('',(0.0014,-0.0296838850973282,0.0032));
#3135=CARTESIAN_POINT('',(0.0014,-0.0296838850973282,0.0032));
#3136=CARTESIAN_POINT('',(-9.98770789079895E-20,-0.0312548850973282,0.003));
#3137=CARTESIAN_POINT('',(-9.98770789079895E-20,-0.0324838850973282,0.003));
#3138=CARTESIAN_POINT('',(0.0014,-0.0324838850973282,0.003));
#3139=CARTESIAN_POINT('',(0.0014,-0.0324838850973282,0.003));
#3140=CARTESIAN_POINT('',(0.0014,-0.0324838850973282,0.0034));
#3141=CARTESIAN_POINT('',(0.0014,-0.0324838850973282,0.0034));
#3142=CARTESIAN_POINT('',(0.0014,-0.0310838850973282,0.0034));
#3143=CARTESIAN_POINT('',(0.0014,-0.0324838850973282,0.0034));
#3144=CARTESIAN_POINT('',(0.0014,-0.0296838850973282,0.0034));
#3145=CARTESIAN_POINT('',(0.0014,-0.0296838850973282,0.003));
#3146=CARTESIAN_POINT('',(0.0007,-0.0317838850973282,0.0034));
#3147=CARTESIAN_POINT('',(-0.0014,-0.0324838850973282,0.0034));
#3148=CARTESIAN_POINT('',(-2.28464992818461E-19,-0.0324838850973282,0.0034));
#3149=CARTESIAN_POINT('',(-9.98770789079897E-20,-0.0310838850973282,0.0034));
#3150=CARTESIAN_POINT('',(0.0014,-0.0296838850973282,0.003));
#3151=CARTESIAN_POINT('',(-9.98770789079895E-20,-0.0296838850973282,0.003));
#3152=CARTESIAN_POINT('',(0.0014,-0.0296838850973282,0.0034));
#3153=CARTESIAN_POINT('',(-5.70144409378324E-20,-0.0296838850973282,0.0034));
#3154=CARTESIAN_POINT('',(0.0014,-0.0296838850973282,0.0034));
#3155=CARTESIAN_POINT('',(-0.0014,-0.0296838850973282,0.0034));
#3156=CARTESIAN_POINT('',(-0.0014,-0.0296838850973282,0.003));
#3157=CARTESIAN_POINT('',(0.0007,-0.0303838850973282,0.0034));
#3158=CARTESIAN_POINT('',(-9.98770789079897E-20,-0.0310838850973282,0.0034));
#3159=CARTESIAN_POINT('',(-0.0014,-0.0296838850973282,0.003));
#3160=CARTESIAN_POINT('',(-0.0014,-0.0296838850973282,0.0034));
#3161=CARTESIAN_POINT('',(-0.0014,-0.0310838850973282,0.0034));
#3162=CARTESIAN_POINT('',(-0.0014,-0.0296838850973282,0.0034));
#3163=CARTESIAN_POINT('',(-0.0014,-0.0324838850973282,0.0034));
#3164=CARTESIAN_POINT('',(-0.0014,-0.0324838850973282,0.003));
#3165=CARTESIAN_POINT('',(-0.0007,-0.0303838850973282,0.0034));
#3166=CARTESIAN_POINT('',(-9.98770789079897E-20,-0.0310838850973282,0.0034));
#3167=CARTESIAN_POINT('',(-0.0014,-0.0324838850973282,0.003));
#3168=CARTESIAN_POINT('',(-0.0014,-0.0324838850973282,0.0034));
#3169=CARTESIAN_POINT('',(-0.0007,-0.0317838850973282,0.0034));
#3170=CARTESIAN_POINT('',(-9.98770789079897E-20,-0.0310838850973282,0.0034));
#3171=CARTESIAN_POINT('',(-9.98770789079895E-20,-0.0310838850973282,0.003));
#3172=CARTESIAN_POINT('',(-9.98770789079911E-20,-0.0310838850973282,0.006));
#3173=CARTESIAN_POINT('',(-0.0014,-0.0310838850973282,0.006));
#3174=CARTESIAN_POINT('',(-9.98770789079895E-20,-0.0312548850973282,0.003));
#3175=CARTESIAN_POINT('',(2.98133130814902E-19,-0.0285838850973282,1.38777878078145E-17));
#3176=CARTESIAN_POINT('',(2.98133130814899E-19,-0.0285838850973282,0.006));
#3177=CARTESIAN_POINT('',(-9.98770789079911E-20,-0.00770888509732818,0.006));
#3178=CARTESIAN_POINT('',(-0.0048,-0.0259010423848536,0.006));
#3179=CARTESIAN_POINT('',(-0.0048,-0.0259010423848536,0.006));
#3180=CARTESIAN_POINT('',(-0.0048,-0.0345167278098028,0.006));
#3181=CARTESIAN_POINT('',(-0.0048,-0.0345167278098028,0.006));
#3182=CARTESIAN_POINT('',(-0.00268284271247463,-0.0366338850973282,0.006));
#3183=CARTESIAN_POINT('',(-0.00268284271247462,-0.0366338850973282,0.006));
#3184=CARTESIAN_POINT('',(0.00268284271247462,-0.0366338850973282,0.006));
#3185=CARTESIAN_POINT('',(0.00268284271247462,-0.0366338850973282,1.90819582357449E-17));
#3186=CARTESIAN_POINT('',(-0.00268284271247462,-0.0366338850973282,1.90819582357449E-17));
#3187=CARTESIAN_POINT('',(-0.00268284271247462,-0.0366338850973282,1.90819582357449E-17));
#3188=CARTESIAN_POINT('',(-0.0048,-0.0345167278098028,1.7347234759768E-17));
#3189=CARTESIAN_POINT('',(-0.0048,-0.0259010423848536,1.21430643318376E-17));
#3190=CARTESIAN_POINT('',(-0.0048,-0.0259010423848536,1.21430643318376E-17));
#3191=CARTESIAN_POINT('',(-0.0048,-0.0345167278098028,1.7347234759768E-17));
#3192=CARTESIAN_POINT('',(1.32227992165939E-17,-0.00270888509732848,0.007));
#3193=CARTESIAN_POINT('',(-0.0064,0.0101161149026718,0.007));
#3194=CARTESIAN_POINT('',(-0.0052,0.0103175867652479,0.007));
#3195=CARTESIAN_POINT('',(-0.0052,0.0103175867652479,0.007));
#3196=CARTESIAN_POINT('',(-0.0052,0.00138719354643442,0.007));
#3197=CARTESIAN_POINT('',(-0.0052,0.0331580386266291,0.007));
#3198=CARTESIAN_POINT('',(-0.00284852813742382,0.0355095104892053,0.007));
#3199=CARTESIAN_POINT('',(-0.00284852813742382,0.0355095104892053,0.007));
#3200=CARTESIAN_POINT('',(-0.0013414213562373,0.0355095104892053,0.007));
#3201=CARTESIAN_POINT('',(0.00284852813742385,0.0355095104892053,0.007));
#3202=CARTESIAN_POINT('',(0.0052,0.0331580386266292,0.007));
#3203=CARTESIAN_POINT('',(0.0052,0.0331580386266292,0.007));
#3204=CARTESIAN_POINT('',(0.0052,0.00569503625890903,0.007));
#3205=CARTESIAN_POINT('',(0.0052,0.010317586765248,0.007));
#3206=CARTESIAN_POINT('',(0.00284852813742385,0.00796611490267182,0.007));
#3207=CARTESIAN_POINT('',(0.0064,0.0101161149026718,0.007));
#3208=CARTESIAN_POINT('',(0.0036,0.0339095104892053,0.007));
#3209=CARTESIAN_POINT('',(0.0036,0.0369095104892053,0.007));
#3210=CARTESIAN_POINT('',(1.32227992165939E-17,0.0369095104892053,0.007));
#3211=CARTESIAN_POINT('',(-0.0036,0.0369095104892053,0.007));
#3212=CARTESIAN_POINT('',(-0.0036,0.0339095104892053,0.007));
#3213=CARTESIAN_POINT('',(0.0033,0.0101161149026718,0.0108));
#3214=CARTESIAN_POINT('',(0.0062,0.0101161149026718,0.0108));
#3215=CARTESIAN_POINT('',(-0.0062,0.0101161149026718,0.0108));
#3216=CARTESIAN_POINT('',(-0.0064,0.0101161149026718,0.0035));
#3217=CARTESIAN_POINT('',(-0.0064,0.0101161149026718,0.0106));
#3218=CARTESIAN_POINT('',(-0.0062,0.00991611490267182,0.011));
#3219=CARTESIAN_POINT('',(0.0064,0.0101161149026718,0.0035));
#3220=CARTESIAN_POINT('',(0.0064,0.0101161149026718,0.0106));
#3221=CARTESIAN_POINT('',(0.0062,0.00991611490267182,0.011));
#3222=CARTESIAN_POINT('',(-9.98770789079896E-20,-0.00858388509732819,0.0032));
#3223=CARTESIAN_POINT('',(0.0014,0.0125161149026718,0.0032));
#3224=CARTESIAN_POINT('',(0.0014,0.0153161149026718,0.0032));
#3225=CARTESIAN_POINT('',(0.0014,0.0125161149026718,0.0032));
#3226=CARTESIAN_POINT('',(0.0014,0.0153161149026718,0.0032));
#3227=CARTESIAN_POINT('',(0.00265329983228432,0.0153161149026718,0.0032));
#3228=CARTESIAN_POINT('',(-9.98770789079896E-20,0.0139161149026718,0.0032));
#3229=CARTESIAN_POINT('',(0.00265329983228432,0.0125161149026718,0.0032));
#3230=CARTESIAN_POINT('',(-0.0014,0.0125161149026718,0.0032));
#3231=CARTESIAN_POINT('',(-9.98770789079895E-20,0.0137451149114336,0.003));
#3232=CARTESIAN_POINT('',(-9.98770789079895E-20,0.0125161149026718,0.003));
#3233=CARTESIAN_POINT('',(-0.00265329983228432,0.0125161149026718,0.003));
#3234=CARTESIAN_POINT('',(0.00265329983228432,0.0125161149026718,0.003));
#3235=CARTESIAN_POINT('',(-9.98770789079895E-20,0.0139161149026718,0.003));
#3236=CARTESIAN_POINT('',(-9.98770789079896E-20,-0.00858388509732819,0.0032));
#3237=CARTESIAN_POINT('',(-0.0014,0.0125161149026718,0.0032));
#3238=CARTESIAN_POINT('',(-0.00265329983228432,0.0125161149026718,0.0032));
#3239=CARTESIAN_POINT('',(-0.0014,0.0125161149026718,0.0032));
#3240=CARTESIAN_POINT('',(-9.98770789079896E-20,0.0139161149026718,0.0032));
#3241=CARTESIAN_POINT('',(-0.00265329983228432,0.0153161149026718,0.0032));
#3242=CARTESIAN_POINT('',(0.0014,0.0153161149026718,0.0032));
#3243=CARTESIAN_POINT('',(-0.0014,0.0153161149026718,0.0032));
#3244=CARTESIAN_POINT('',(-0.0014,0.0139161149026718,0.0032));
#3245=CARTESIAN_POINT('',(-9.98770789079895E-20,0.0137451149114336,0.003));
#3246=CARTESIAN_POINT('',(-9.98770789079895E-20,0.0153161149026718,0.003));
#3247=CARTESIAN_POINT('',(0.00265329983228432,0.0153161149026718,0.003));
#3248=CARTESIAN_POINT('',(-0.00265329983228432,0.0153161149026718,0.003));
#3249=CARTESIAN_POINT('',(-9.98770789079895E-20,0.0139161149026718,0.003));
#3250=CARTESIAN_POINT('',(0.0014,0.0125161149026718,0.003));
#3251=CARTESIAN_POINT('',(0.0014,0.0125161149026718,0.003));
#3252=CARTESIAN_POINT('',(0.0014,0.0125161149026718,0.0034));
#3253=CARTESIAN_POINT('',(0.0014,0.0125161149026718,0.0034));
#3254=CARTESIAN_POINT('',(0.0014,0.0139161149026718,0.0034));
#3255=CARTESIAN_POINT('',(0.0014,0.0125161149026718,0.0034));
#3256=CARTESIAN_POINT('',(0.0014,0.0153161149026718,0.0034));
#3257=CARTESIAN_POINT('',(0.0014,0.0153161149026718,0.003));
#3258=CARTESIAN_POINT('',(0.0014,0.0153161149026718,0.003));
#3259=CARTESIAN_POINT('',(0.00265329983228432,0.0153161149026718,0.003));
#3260=CARTESIAN_POINT('',(0.0014,0.0153161149026718,0.0034));
#3261=CARTESIAN_POINT('',(-5.70144409378324E-20,0.0153161149026718,0.0034));
#3262=CARTESIAN_POINT('',(0.0014,0.0153161149026718,0.0034));
#3263=CARTESIAN_POINT('',(-0.0014,0.0153161149026718,0.0034));
#3264=CARTESIAN_POINT('',(-0.0014,0.0153161149026718,0.003));
#3265=CARTESIAN_POINT('',(-0.00265329983228432,0.0153161149026718,-1.90819582357449E-17));
#3266=CARTESIAN_POINT('',(-0.0014,0.0125161149026718,0.003));
#3267=CARTESIAN_POINT('',(-0.00265329983228432,0.0125161149026718,0.003));
#3268=CARTESIAN_POINT('',(-0.0014,0.0125161149026718,0.003));
#3269=CARTESIAN_POINT('',(-0.0014,0.0125161149026718,0.0034));
#3270=CARTESIAN_POINT('',(-0.0014,0.0125161149026718,0.0034));
#3271=CARTESIAN_POINT('',(-1.20044775569911E-19,0.0125161149026718,0.0034));
#3272=CARTESIAN_POINT('',(-0.0014,0.0125161149026718,0.0034));
#3273=CARTESIAN_POINT('',(0.00265329983228432,0.0125161149026718,-1.7347234759768E-17));
#3274=CARTESIAN_POINT('',(-0.0014,0.0139161149026718,0.003));
#3275=CARTESIAN_POINT('',(-0.0014,0.0139161149026718,0.0034));
#3276=CARTESIAN_POINT('',(-0.0014,0.0139161149026718,0.0034));
#3277=CARTESIAN_POINT('',(-0.0014,0.0139161149026718,0.0034));
#3278=CARTESIAN_POINT('',(-3.8541349306554E-17,-0.00584638511297418,0.011));
#3279=CARTESIAN_POINT('',(2.98133130814896E-19,0.0164161149026718,0.011));
#3280=CARTESIAN_POINT('',(-0.000999999968707962,0.0164161149026718,0.011));
#3281=CARTESIAN_POINT('',(0.000999999968707962,0.0164161149026718,0.011));
#3282=CARTESIAN_POINT('',(-0.000999999968707966,0.00528486489484882,0.011));
#3283=CARTESIAN_POINT('',(-0.000999999968707963,0.0158911149026718,0.011));
#3284=CARTESIAN_POINT('',(-0.000699999984354001,0.0158911149026718,0.011));
#3285=CARTESIAN_POINT('',(0.000999999968707959,0.0158911149026718,0.011));
#3286=CARTESIAN_POINT('',(0.000999999968707957,0.00482236489484882,0.011));
#3287=CARTESIAN_POINT('',(-9.98770789079879E-20,0.0139161149026718,-1.7347234759768E-17));
#3288=CARTESIAN_POINT('',(-9.98770789079881E-20,0.0139161149026718,0.000399999999999982));
#3289=CARTESIAN_POINT('',(0.003,0.0139161149026718,0.000399999999999982));
#3290=CARTESIAN_POINT('',(-9.98770789079897E-20,-0.00858388509732819,0.0034));
#3291=CARTESIAN_POINT('',(-9.98770789079897E-20,0.0139161149026718,0.0034));
#3292=CARTESIAN_POINT('',(-9.98770789079897E-20,-0.00858388509732819,0.0034));
#3293=CARTESIAN_POINT('',(-9.98770789079897E-20,0.0139161149026718,0.0034));
#3294=CARTESIAN_POINT('',(-9.98770789079897E-20,-0.00858388509732819,0.0034));
#3295=CARTESIAN_POINT('',(-9.98770789079897E-20,0.0139161149026718,0.0034));
#3296=CARTESIAN_POINT('',(-9.98770789079897E-20,-0.00858388509732819,0.0034));
#3297=CARTESIAN_POINT('',(-9.98770789079897E-20,0.0139161149026718,0.0034));
#3298=CARTESIAN_POINT('',(-0.00119999996870797,0.00528486489484882,0.0108));
#3299=CARTESIAN_POINT('',(-0.00119999996870797,0.0158911149026718,0.0108));
#3300=CARTESIAN_POINT('',(-0.00139999996870796,0.0158911149026718,0.0106));
#3301=CARTESIAN_POINT('',(-0.00119999996870796,0.0164161149026718,0.0108));
#3302=CARTESIAN_POINT('',(-0.00139999996870796,0.0164161149026718,0.0106));
#3303=CARTESIAN_POINT('',(-0.00139999996870796,0.00528486489484882,0.0106));
#3304=CARTESIAN_POINT('',(-0.000999999968707962,0.0158911149026718,0.0106));
#3305=CARTESIAN_POINT('',(-0.000999999968707962,0.0158911149026718,0.0106));
#3306=CARTESIAN_POINT('',(-0.000999999968707962,0.0154911149026718,0.0106));
#3307=CARTESIAN_POINT('',(-0.000999999968707962,0.0156911149026718,0.0108));
#3308=CARTESIAN_POINT('',(-0.000699999984354001,0.0156911149026718,0.0108));
#3309=CARTESIAN_POINT('',(0.000999999968707961,0.0156911149026718,0.0108));
#3310=CARTESIAN_POINT('',(0.000999999968707962,0.0154911149026718,0.0106));
#3311=CARTESIAN_POINT('',(-0.000699999984354001,0.0154911149026718,0.0106));
#3312=CARTESIAN_POINT('',(0.000999999968707963,0.0158911149026718,0.0106));
#3313=CARTESIAN_POINT('',(0.000999999968707963,0.0158911149026718,0.0106));
#3314=CARTESIAN_POINT('',(0.00139999996870796,0.0158911149026718,0.0106));
#3315=CARTESIAN_POINT('',(0.00119999996870795,0.0158911149026718,0.0108));
#3316=CARTESIAN_POINT('',(0.00119999996870795,0.00482236489484882,0.0108));
#3317=CARTESIAN_POINT('',(0.00119999996870796,0.0164161149026718,0.0108));
#3318=CARTESIAN_POINT('',(0.00139999996870796,0.0164161149026718,0.0106));
#3319=CARTESIAN_POINT('',(0.00139999996870795,0.00482236489484882,0.0106));
#3320=CARTESIAN_POINT('',(2.98133130814896E-19,0.0164161149026718,0.0108));
#3321=CARTESIAN_POINT('',(2.98133130814896E-19,0.0164161149026718,0.0106));
#3322=CARTESIAN_POINT('',(0.005,0.00569503625890903,0.0068));
#3323=CARTESIAN_POINT('',(0.0052,0.0331580386266292,0.007));
#3324=CARTESIAN_POINT('',(0.0048,0.0329923532016799,0.0066));
#3325=CARTESIAN_POINT('',(0.0048,0.00569503625890903,0.0066));
#3326=CARTESIAN_POINT('',(0.0048,0.0104832721901972,0.0066));
#3327=CARTESIAN_POINT('',(0.0052,0.010317586765248,0.007));
#3328=CARTESIAN_POINT('',(0.00938480339059334,0.0286903925235612,0.0068));
#3329=CARTESIAN_POINT('',(0.00284852813742385,0.0355095104892053,0.007));
#3330=CARTESIAN_POINT('',(0.00268284271247463,0.0351095104892053,0.0066));
#3331=CARTESIAN_POINT('',(0.00268284271247462,0.0351095104892053,0.0066));
#3332=CARTESIAN_POINT('',(-0.0013414213562373,0.0353095104892053,0.0068));
#3333=CARTESIAN_POINT('',(-0.0013414213562373,0.0351095104892053,0.0066));
#3334=CARTESIAN_POINT('',(-0.0026828427124746,0.0351095104892053,0.0066));
#3335=CARTESIAN_POINT('',(-0.00284852813742384,0.0355095104892053,0.007));
#3336=CARTESIAN_POINT('',(-0.010443382034356,0.0276318138797985,0.0068));
#3337=CARTESIAN_POINT('',(-0.0048,0.0329923532016799,0.0066));
#3338=CARTESIAN_POINT('',(-0.0048,0.0329923532016799,0.0066));
#3339=CARTESIAN_POINT('',(-0.0048,0.0329923532016799,0.0066));
#3340=CARTESIAN_POINT('',(-0.005,0.00138719354643442,0.0068));
#3341=CARTESIAN_POINT('',(-0.0048,0.00138719354643442,0.0066));
#3342=CARTESIAN_POINT('',(-0.0048,0.0104832721901972,0.0066));
#3343=CARTESIAN_POINT('',(-0.0052,0.0103175867652479,0.007));
#3344=CARTESIAN_POINT('',(-0.0036,0.0339095104892053,-3.29597460435593E-17));
#3345=CARTESIAN_POINT('',(-0.0036,0.0339095104892053,0.000999999999999966));
#3346=CARTESIAN_POINT('',(-0.0036,0.0369095104892053,0.000999999999999964));
#3347=CARTESIAN_POINT('',(-0.0036,0.0369095104892053,-3.46944695195361E-17));
#3348=CARTESIAN_POINT('',(0.0036,0.0369095104892053,-3.46944695195361E-17));
#3349=CARTESIAN_POINT('',(0.0018,0.0369095104892053,0.000999999999999964));
#3350=CARTESIAN_POINT('',(0.0036,0.0369095104892053,0.000999999999999964));
#3351=CARTESIAN_POINT('',(0.0036,0.0369095104892053,-3.46944695195361E-17));
#3352=CARTESIAN_POINT('',(0.0018,0.0364095104892053,0.000499999999999964));
#3353=CARTESIAN_POINT('',(-0.0036,0.0364095104892053,0.000499999999999964));
#3354=CARTESIAN_POINT('',(0.0036,0.0364095104892053,0.000499999999999964));
#3355=CARTESIAN_POINT('',(-9.98770789079881E-20,0.0139161149026718,0.000199999999999981));
#3356=CARTESIAN_POINT('',(0.0036,0.0339095104892053,0.000499999999999966));
#3357=CARTESIAN_POINT('',(0.0036,0.0339095104892053,0.000999999999999966));
#3358=CARTESIAN_POINT('',(-0.0036,0.0339095104892053,0.000499999999999966));
#3359=CARTESIAN_POINT('',(0.0036,0.0339095104892053,-3.29597460435593E-17));
#3360=CARTESIAN_POINT('',(-0.0048,0.0104832721901972,-1.56125112837912E-17));
#3361=CARTESIAN_POINT('',(-0.0048,0.0104832721901972,-1.56125112837912E-17));
#3362=CARTESIAN_POINT('',(-0.0048,0.0104832721901972,0.006));
#3363=CARTESIAN_POINT('',(-0.0048,0.0104832721901972,0.006));
#3364=CARTESIAN_POINT('',(-0.0048,0.0329923532016799,0.006));
#3365=CARTESIAN_POINT('',(-0.0048,0.0329923532016799,-3.12250225675825E-17));
#3366=CARTESIAN_POINT('',(-0.0048,0.0329923532016799,-3.12250225675825E-17));
#3367=CARTESIAN_POINT('',(-0.0048,0.0329923532016799,0.006));
#3368=CARTESIAN_POINT('',(-0.00268284271247461,0.0351095104892053,0.006));
#3369=CARTESIAN_POINT('',(-0.00268284271247461,0.0351095104892053,-3.29597460435593E-17));
#3370=CARTESIAN_POINT('',(-0.00268284271247461,0.0351095104892053,-3.29597460435593E-17));
#3371=CARTESIAN_POINT('',(-0.00268284271247461,0.0351095104892053,0.006));
#3372=CARTESIAN_POINT('',(0.00268284271247463,0.0351095104892053,0.006));
#3373=CARTESIAN_POINT('',(0.00268284271247462,0.0351095104892053,-3.29597460435593E-17));
#3374=CARTESIAN_POINT('',(0.00268284271247462,0.0351095104892053,-3.29597460435593E-17));
#3375=CARTESIAN_POINT('',(0.00268284271247462,0.0351095104892053,0.006));
#3376=CARTESIAN_POINT('',(0.0048,0.0329923532016799,0.006));
#3377=CARTESIAN_POINT('',(0.0048,0.0329923532016799,-3.12250225675825E-17));
#3378=CARTESIAN_POINT('',(-9.98770789079895E-20,0.0139161149026718,0.003));
#3379=CARTESIAN_POINT('',(-9.98770789079911E-20,0.0139161149026718,0.006));
#3380=CARTESIAN_POINT('',(-0.0014,0.0139161149026718,0.006));
#3381=CARTESIAN_POINT('',(-0.00139999996870796,0.0164161149026718,-1.90819582357449E-17));
#3382=CARTESIAN_POINT('',(-0.00139999996870796,0.0164161149026718,-1.90819582357449E-17));
#3383=CARTESIAN_POINT('',(-0.00139999996870796,0.0164161149026718,0.006));
#3384=CARTESIAN_POINT('',(-0.00139999996870796,0.0164161149026718,0.006));
#3385=CARTESIAN_POINT('',(-0.00139999996870796,0.0158911149026718,0.006));
#3386=CARTESIAN_POINT('',(-0.00139999996870796,0.0158911149026718,-1.90819582357449E-17));
#3387=CARTESIAN_POINT('',(-0.000999999968707962,0.0158911149026718,-1.90819582357449E-17));
#3388=CARTESIAN_POINT('',(-0.000999999968707962,0.0158911149026718,0.006));
#3389=CARTESIAN_POINT('',(-0.000999999968707962,0.0154911149026718,0.006));
#3390=CARTESIAN_POINT('',(-0.000999999968707961,0.0154911149026718,-1.90819582357449E-17));
#3391=CARTESIAN_POINT('',(-0.00139999996870796,0.0154911149026718,-1.90819582357449E-17));
#3392=CARTESIAN_POINT('',(-0.00139999996870796,0.0154911149026718,0.006));
#3393=CARTESIAN_POINT('',(0.000999999968707963,0.0154911149026718,0.006));
#3394=CARTESIAN_POINT('',(0.000999999968707962,0.0154911149026718,-1.90819582357449E-17));
#3395=CARTESIAN_POINT('',(0.000999999968707963,0.0158911149026718,-1.90819582357449E-17));
#3396=CARTESIAN_POINT('',(0.000999999968707963,0.0158911149026718,0.006));
#3397=CARTESIAN_POINT('',(0.00139999996870796,0.0158911149026718,0.006));
#3398=CARTESIAN_POINT('',(0.00139999996870796,0.0158911149026718,-1.90819582357449E-17));
#3399=CARTESIAN_POINT('',(0.00139999996870796,0.0154911149026718,-1.90819582357449E-17));
#3400=CARTESIAN_POINT('',(0.00139999996870796,0.0154911149026718,0.006));
#3401=CARTESIAN_POINT('',(0.00139999996870796,0.0164161149026718,0.006));
#3402=CARTESIAN_POINT('',(0.00139999996870796,0.0164161149026718,-1.90819582357449E-17));
#3403=CARTESIAN_POINT('',(2.98133130814902E-19,0.0164161149026718,-1.90819582357449E-17));
#3404=CARTESIAN_POINT('',(2.98133130814899E-19,0.0164161149026718,0.006));
#3405=CARTESIAN_POINT('',(0.0048,0.0190989576151464,-2.08166817117217E-17));
#3406=CARTESIAN_POINT('',(0.0048,0.0190989576151464,0.006));
#3407=CARTESIAN_POINT('',(0.0048,0.0104832721901972,0.006));
#3408=CARTESIAN_POINT('',(0.0048,0.0104832721901972,-1.56125112837912E-17));
#3409=CARTESIAN_POINT('',(0.0048,0.0104832721901972,-1.56125112837912E-17));
#3410=CARTESIAN_POINT('',(0.0048,0.0104832721901972,0.006));
#3411=CARTESIAN_POINT('',(0.0048,0.0104832721901972,0.0066));
#3412=CARTESIAN_POINT('',(-9.98770789079911E-20,-0.00770888509732818,0.006));
#3413=CARTESIAN_POINT('',(-0.00268284271247464,0.00836611490267181,0.006));
#3414=CARTESIAN_POINT('',(-0.00268284271247463,0.00836611490267181,-1.38777878078145E-17));
#3415=CARTESIAN_POINT('',(-0.00268284271247465,0.00836611490267182,0.0066));
#3416=CARTESIAN_POINT('',(-0.000806617965644089,0.00459381151207852,0.0068));
#3417=CARTESIAN_POINT('',(0.00186519660940678,0.00353523286831573,0.0068));
#3418=MECHANICAL_DESIGN_GEOMETRIC_PRESENTATION_REPRESENTATION('',(#2075),
#3419);
#3419=(
GEOMETRIC_REPRESENTATION_CONTEXT(3)
GLOBAL_UNCERTAINTY_ASSIGNED_CONTEXT((#3420))
GLOBAL_UNIT_ASSIGNED_CONTEXT((#3423,#3422,#3421))
REPRESENTATION_CONTEXT('magnet_jig_bottom_1x','TOP_LEVEL_ASSEMBLY_PART')
);
#3420=UNCERTAINTY_MEASURE_WITH_UNIT(LENGTH_MEASURE(1.E-8),#3423,
'DISTANCE_ACCURACY_VALUE','Maximum Tolerance applied to model');
#3421=(
NAMED_UNIT(*)
SI_UNIT($,.STERADIAN.)
SOLID_ANGLE_UNIT()
);
#3422=(
NAMED_UNIT(*)
PLANE_ANGLE_UNIT()
SI_UNIT($,.RADIAN.)
);
#3423=(
LENGTH_UNIT()
NAMED_UNIT(*)
SI_UNIT($,.METRE.)
);
#3424=PRODUCT_DEFINITION_SHAPE('','',#3425);
#3425=PRODUCT_DEFINITION('','',#3427,#3426);
#3426=PRODUCT_DEFINITION_CONTEXT('',#3433,'design');
#3427=PRODUCT_DEFINITION_FORMATION_WITH_SPECIFIED_SOURCE('','',#3429,
 .NOT_KNOWN.);
#3428=PRODUCT_RELATED_PRODUCT_CATEGORY('','',(#3429));
#3429=PRODUCT('magnet_jig_bottom_1x','magnet_jig_bottom_1x',
'magnet_jig_bottom_1x',(#3431));
#3430=PRODUCT_CATEGORY('','');
#3431=PRODUCT_CONTEXT('',#3433,'mechanical');
#3432=APPLICATION_PROTOCOL_DEFINITION('international standard',
'ap242_managed_model_based_3d_engineering',2020,#3433);
#3433=APPLICATION_CONTEXT('managed model based 3d engineering');
ENDSEC;
END-ISO-10303-21;
