ISO-10303-21;
HEADER;
/* Generated by software containing ST-Developer
 * from STEP Tools, Inc. (www.steptools.com) 
 */
/* OPTION: using custom renumber hook */

FILE_DESCRIPTION(
/* description */ ('STEP AP242 Edition 2',
'CAx-IF Rec.Pracs.---Representation and Presentation of Product Manufa
cturing Information (PMI)---4.0---2014-10-13',
'CAx-IF Rec.Pracs.---3D Tessellated Geometry---0.4---2014-09-14','2;1',
'CAx-IF Rec.Pracs.---User Defined Attributes---1.5---2016-08-15'),
/* implementation_level */ '2;1');

FILE_NAME(
/* name */ 'INDX_Dock_2020_Print_Ready - magnet_jig_top_1x',
/* time_stamp */ '2026-07-25T08:16:42Z',
/* author */ (''),
/* organization */ (''),
/* preprocessor_version */ 'ST-DEVELOPER v20',
/* originating_system */ 'ONSHAPE BY PTC INC, 1.218',
/* authorisation */ '  ');

FILE_SCHEMA (('AP242_MANAGED_MODEL_BASED_3D_ENGINEERING_MIM_LF { 1 0 10303 442 3 1 4 }'));
ENDSEC;

DATA;
#10=SHAPE_REPRESENTATION_RELATIONSHIP('','',#1253,#11);
#11=ADVANCED_BREP_SHAPE_REPRESENTATION('',(#1251),#2143);
#12=B_SPLINE_SURFACE_WITH_KNOTS('',3,3,((#1887,#1888,#1889,#1890,#1891,
#1892,#1893,#1894),(#1895,#1896,#1897,#1898,#1899,#1900,#1901,#1902),(#1903,
#1904,#1905,#1906,#1907,#1908,#1909,#1910),(#1911,#1912,#1913,#1914,#1915,
#1916,#1917,#1918),(#1919,#1920,#1921,#1922,#1923,#1924,#1925,#1926),(#1927,
#1928,#1929,#1930,#1931,#1932,#1933,#1934),(#1935,#1936,#1937,#1938,#1939,
#1940,#1941,#1942),(#1943,#1944,#1945,#1946,#1947,#1948,#1949,#1950),(#1951,
#1952,#1953,#1954,#1955,#1956,#1957,#1958)),.UNSPECIFIED.,.F.,.F.,.F.,(4,
3,2,4),(4,2,1,1,4),(0.215872976470285,0.216741579427247,0.288773333820764,
0.361310380610947),(-0.00360786664233925,0.,0.284894857949766,0.42734228692465,
0.712237144874416),.UNSPECIFIED.);
#13=B_SPLINE_CURVE_WITH_KNOTS('',3,(#1805,#1806,#1807,#1808),
 .UNSPECIFIED.,.F.,.F.,(4,4),(0.,1.14338135470747),.UNSPECIFIED.);
#14=B_SPLINE_CURVE_WITH_KNOTS('',3,(#1810,#1811,#1812,#1813),
 .UNSPECIFIED.,.F.,.F.,(4,4),(269.885894640244,317.569492545484),
 .UNSPECIFIED.);
#15=B_SPLINE_CURVE_WITH_KNOTS('',3,(#1815,#1816,#1817,#1818,#1819),
 .UNSPECIFIED.,.F.,.F.,(4,1,4),(336.950980907257,360.735727179999,384.52047345274),
 .UNSPECIFIED.);
#16=B_SPLINE_CURVE_WITH_KNOTS('',3,(#1829,#1830,#1831,#1832),
 .UNSPECIFIED.,.F.,.F.,(4,4),(0.,0.337517115529735),.UNSPECIFIED.);
#17=B_SPLINE_CURVE_WITH_KNOTS('',3,(#1835,#1836,#1837,#1838),
 .UNSPECIFIED.,.F.,.F.,(4,4),(0.,0.0117393082779001),.UNSPECIFIED.);
#18=B_SPLINE_CURVE_WITH_KNOTS('',3,(#1840,#1841,#1842,#1843),
 .UNSPECIFIED.,.F.,.F.,(4,4),(0.,1.),.UNSPECIFIED.);
#19=B_SPLINE_CURVE_WITH_KNOTS('',3,(#1863,#1864,#1865,#1866),
 .UNSPECIFIED.,.F.,.F.,(4,4),(5.19958156244011E-13,0.000525264564673194),
 .UNSPECIFIED.);
#20=B_SPLINE_CURVE_WITH_KNOTS('',3,(#1868,#1869,#1870,#1871),
 .UNSPECIFIED.,.F.,.F.,(4,4),(3.37596879391397E-13,0.00166747096025175),
 .UNSPECIFIED.);
#21=B_SPLINE_CURVE_WITH_KNOTS('',3,(#1873,#1874,#1875,#1876),
 .UNSPECIFIED.,.F.,.F.,(4,4),(1.29814818157976E-17,0.000214499804110771),
 .UNSPECIFIED.);
#22=B_SPLINE_CURVE_WITH_KNOTS('',3,(#1878,#1879,#1880,#1881),
 .UNSPECIFIED.,.F.,.F.,(4,4),(120.365454154854,126.217120908802),
 .UNSPECIFIED.);
#23=B_SPLINE_CURVE_WITH_KNOTS('',3,(#1883,#1884,#1885,#1886),
 .UNSPECIFIED.,.F.,.F.,(4,4),(4.33680868994202E-18,0.00180981812492025),
 .UNSPECIFIED.);
#24=B_SPLINE_CURVE_WITH_KNOTS('',3,(#1961,#1962,#1963,#1964,#1965,#1966,
#1967,#1968,#1969,#1970,#1971),.UNSPECIFIED.,.F.,.F.,(4,1,1,1,1,1,1,1,4),
(0.,0.25,0.375,0.4375,0.5,0.5625,0.625,0.75,1.),.UNSPECIFIED.);
#25=B_SPLINE_CURVE_WITH_KNOTS('',3,(#1973,#1974,#1975,#1976),
 .UNSPECIFIED.,.F.,.F.,(4,4),(0.158307388869648,0.97393022218958),
 .UNSPECIFIED.);
#26=B_SPLINE_CURVE_WITH_KNOTS('',3,(#1987,#1988,#1989,#1990,#1991,#1992),
 .UNSPECIFIED.,.F.,.F.,(4,1,1,4),(337.914128023272,382.914128023272,405.414128023272,
427.914128023272),.UNSPECIFIED.);
#27=B_SPLINE_CURVE_WITH_KNOTS('',3,(#2007,#2008,#2009,#2010,#2011),
 .UNSPECIFIED.,.F.,.F.,(4,1,4),(292.085871976728,337.085871976728,382.085871976728),
 .UNSPECIFIED.);
#28=ELLIPSE('',#1266,0.00553439827987348,0.0050960171100365);
#29=ELLIPSE('',#1267,0.246570971734327,0.0695858069005855);
#30=ELLIPSE('',#1310,0.00339411254969533,0.00239999999999995);
#31=CYLINDRICAL_SURFACE('',#1263,0.003);
#32=CYLINDRICAL_SURFACE('',#1272,0.003);
#33=CYLINDRICAL_SURFACE('',#1282,0.0049);
#34=CYLINDRICAL_SURFACE('',#1285,0.0695858069005855);
#35=CYLINDRICAL_SURFACE('',#1290,0.005);
#36=CYLINDRICAL_SURFACE('',#1297,0.001);
#37=CYLINDRICAL_SURFACE('',#1303,0.003);
#38=CYLINDRICAL_SURFACE('',#1305,0.003);
#39=CYLINDRICAL_SURFACE('',#1315,0.0029);
#40=CYLINDRICAL_SURFACE('',#1333,0.0024);
#41=CIRCLE('',#1257,0.003);
#42=CIRCLE('',#1258,0.002);
#43=CIRCLE('',#1261,0.003);
#44=CIRCLE('',#1262,0.002);
#45=CIRCLE('',#1264,0.003);
#46=CIRCLE('',#1269,0.002);
#47=CIRCLE('',#1270,0.002);
#48=CIRCLE('',#1273,0.003);
#49=CIRCLE('',#1277,0.003);
#50=CIRCLE('',#1278,0.003);
#51=CIRCLE('',#1296,0.0029);
#52=CIRCLE('',#1302,0.003);
#53=CIRCLE('',#1306,0.003);
#54=CIRCLE('',#1312,0.0023);
#55=CIRCLE('',#1313,0.0029);
#56=CIRCLE('',#1327,0.0018);
#57=CIRCLE('',#1328,0.0024);
#58=CONICAL_SURFACE('',#1256,0.0025,0.785398163397446);
#59=CONICAL_SURFACE('',#1260,0.0025,0.785398163397448);
#60=CONICAL_SURFACE('',#1289,0.00384763224159053,0.845684360801903);
#61=CONICAL_SURFACE('',#1301,0.0025,0.785398163397448);
#62=CONICAL_SURFACE('',#1308,0.0025,0.785398163397448);
#63=CONICAL_SURFACE('',#1311,0.0026,0.785398163397448);
#64=CONICAL_SURFACE('',#1326,0.0021,0.785398163397448);
#65=ORIENTED_EDGE('',*,*,#413,.T.);
#66=ORIENTED_EDGE('',*,*,#414,.T.);
#67=ORIENTED_EDGE('',*,*,#415,.T.);
#68=ORIENTED_EDGE('',*,*,#416,.T.);
#69=ORIENTED_EDGE('',*,*,#417,.T.);
#70=ORIENTED_EDGE('',*,*,#418,.T.);
#71=ORIENTED_EDGE('',*,*,#413,.F.);
#72=ORIENTED_EDGE('',*,*,#419,.T.);
#73=ORIENTED_EDGE('',*,*,#420,.F.);
#74=ORIENTED_EDGE('',*,*,#414,.F.);
#75=ORIENTED_EDGE('',*,*,#421,.F.);
#76=ORIENTED_EDGE('',*,*,#422,.T.);
#77=ORIENTED_EDGE('',*,*,#415,.F.);
#78=ORIENTED_EDGE('',*,*,#423,.T.);
#79=ORIENTED_EDGE('',*,*,#424,.F.);
#80=ORIENTED_EDGE('',*,*,#425,.T.);
#81=ORIENTED_EDGE('',*,*,#426,.T.);
#82=ORIENTED_EDGE('',*,*,#427,.T.);
#83=ORIENTED_EDGE('',*,*,#421,.T.);
#84=ORIENTED_EDGE('',*,*,#418,.F.);
#85=ORIENTED_EDGE('',*,*,#428,.F.);
#86=ORIENTED_EDGE('',*,*,#429,.F.);
#87=ORIENTED_EDGE('',*,*,#430,.T.);
#88=ORIENTED_EDGE('',*,*,#431,.F.);
#89=ORIENTED_EDGE('',*,*,#432,.F.);
#90=ORIENTED_EDGE('',*,*,#433,.T.);
#91=ORIENTED_EDGE('',*,*,#434,.F.);
#92=ORIENTED_EDGE('',*,*,#435,.F.);
#93=ORIENTED_EDGE('',*,*,#436,.F.);
#94=ORIENTED_EDGE('',*,*,#437,.F.);
#95=ORIENTED_EDGE('',*,*,#438,.F.);
#96=ORIENTED_EDGE('',*,*,#439,.T.);
#97=ORIENTED_EDGE('',*,*,#426,.F.);
#98=ORIENTED_EDGE('',*,*,#440,.F.);
#99=ORIENTED_EDGE('',*,*,#441,.F.);
#100=ORIENTED_EDGE('',*,*,#442,.F.);
#101=ORIENTED_EDGE('',*,*,#443,.F.);
#102=ORIENTED_EDGE('',*,*,#444,.F.);
#103=ORIENTED_EDGE('',*,*,#419,.F.);
#104=ORIENTED_EDGE('',*,*,#416,.F.);
#105=ORIENTED_EDGE('',*,*,#425,.F.);
#106=ORIENTED_EDGE('',*,*,#444,.T.);
#107=ORIENTED_EDGE('',*,*,#445,.T.);
#108=ORIENTED_EDGE('',*,*,#428,.T.);
#109=ORIENTED_EDGE('',*,*,#417,.F.);
#110=ORIENTED_EDGE('',*,*,#446,.T.);
#111=ORIENTED_EDGE('',*,*,#447,.T.);
#112=ORIENTED_EDGE('',*,*,#423,.F.);
#113=ORIENTED_EDGE('',*,*,#420,.T.);
#114=ORIENTED_EDGE('',*,*,#447,.F.);
#115=ORIENTED_EDGE('',*,*,#448,.T.);
#116=ORIENTED_EDGE('',*,*,#449,.F.);
#117=ORIENTED_EDGE('',*,*,#450,.F.);
#118=ORIENTED_EDGE('',*,*,#450,.T.);
#119=ORIENTED_EDGE('',*,*,#451,.F.);
#120=ORIENTED_EDGE('',*,*,#440,.T.);
#121=ORIENTED_EDGE('',*,*,#424,.T.);
#122=ORIENTED_EDGE('',*,*,#427,.F.);
#123=ORIENTED_EDGE('',*,*,#439,.F.);
#124=ORIENTED_EDGE('',*,*,#452,.F.);
#125=ORIENTED_EDGE('',*,*,#453,.F.);
#126=ORIENTED_EDGE('',*,*,#454,.F.);
#127=ORIENTED_EDGE('',*,*,#455,.T.);
#128=ORIENTED_EDGE('',*,*,#456,.T.);
#129=ORIENTED_EDGE('',*,*,#457,.F.);
#130=ORIENTED_EDGE('',*,*,#458,.F.);
#131=ORIENTED_EDGE('',*,*,#459,.F.);
#132=ORIENTED_EDGE('',*,*,#460,.F.);
#133=ORIENTED_EDGE('',*,*,#461,.F.);
#134=ORIENTED_EDGE('',*,*,#462,.F.);
#135=ORIENTED_EDGE('',*,*,#463,.F.);
#136=ORIENTED_EDGE('',*,*,#464,.F.);
#137=ORIENTED_EDGE('',*,*,#430,.F.);
#138=ORIENTED_EDGE('',*,*,#465,.F.);
#139=ORIENTED_EDGE('',*,*,#466,.F.);
#140=ORIENTED_EDGE('',*,*,#467,.F.);
#141=ORIENTED_EDGE('',*,*,#448,.F.);
#142=ORIENTED_EDGE('',*,*,#446,.F.);
#143=ORIENTED_EDGE('',*,*,#422,.F.);
#144=ORIENTED_EDGE('',*,*,#468,.F.);
#145=ORIENTED_EDGE('',*,*,#469,.T.);
#146=ORIENTED_EDGE('',*,*,#470,.F.);
#147=ORIENTED_EDGE('',*,*,#471,.T.);
#148=ORIENTED_EDGE('',*,*,#472,.T.);
#149=ORIENTED_EDGE('',*,*,#473,.T.);
#150=ORIENTED_EDGE('',*,*,#474,.T.);
#151=ORIENTED_EDGE('',*,*,#456,.F.);
#152=ORIENTED_EDGE('',*,*,#475,.F.);
#153=ORIENTED_EDGE('',*,*,#476,.F.);
#154=ORIENTED_EDGE('',*,*,#477,.T.);
#155=ORIENTED_EDGE('',*,*,#478,.T.);
#156=ORIENTED_EDGE('',*,*,#479,.T.);
#157=ORIENTED_EDGE('',*,*,#480,.T.);
#158=ORIENTED_EDGE('',*,*,#468,.T.);
#159=ORIENTED_EDGE('',*,*,#455,.F.);
#160=ORIENTED_EDGE('',*,*,#481,.F.);
#161=ORIENTED_EDGE('',*,*,#482,.F.);
#162=ORIENTED_EDGE('',*,*,#483,.F.);
#163=ORIENTED_EDGE('',*,*,#484,.F.);
#164=ORIENTED_EDGE('',*,*,#485,.F.);
#165=ORIENTED_EDGE('',*,*,#484,.T.);
#166=ORIENTED_EDGE('',*,*,#486,.T.);
#167=ORIENTED_EDGE('',*,*,#487,.F.);
#168=ORIENTED_EDGE('',*,*,#488,.T.);
#169=ORIENTED_EDGE('',*,*,#489,.T.);
#170=ORIENTED_EDGE('',*,*,#437,.T.);
#171=ORIENTED_EDGE('',*,*,#490,.F.);
#172=ORIENTED_EDGE('',*,*,#436,.T.);
#173=ORIENTED_EDGE('',*,*,#491,.F.);
#174=ORIENTED_EDGE('',*,*,#487,.T.);
#175=ORIENTED_EDGE('',*,*,#492,.T.);
#176=ORIENTED_EDGE('',*,*,#490,.T.);
#177=ORIENTED_EDGE('',*,*,#493,.T.);
#178=ORIENTED_EDGE('',*,*,#491,.T.);
#179=ORIENTED_EDGE('',*,*,#435,.T.);
#180=ORIENTED_EDGE('',*,*,#494,.F.);
#181=ORIENTED_EDGE('',*,*,#431,.T.);
#182=ORIENTED_EDGE('',*,*,#495,.T.);
#183=ORIENTED_EDGE('',*,*,#496,.T.);
#184=ORIENTED_EDGE('',*,*,#497,.T.);
#185=ORIENTED_EDGE('',*,*,#498,.F.);
#186=ORIENTED_EDGE('',*,*,#499,.F.);
#187=ORIENTED_EDGE('',*,*,#497,.F.);
#188=ORIENTED_EDGE('',*,*,#500,.F.);
#189=ORIENTED_EDGE('',*,*,#501,.F.);
#190=ORIENTED_EDGE('',*,*,#502,.F.);
#191=ORIENTED_EDGE('',*,*,#499,.T.);
#192=ORIENTED_EDGE('',*,*,#503,.T.);
#193=ORIENTED_EDGE('',*,*,#432,.T.);
#194=ORIENTED_EDGE('',*,*,#498,.T.);
#195=ORIENTED_EDGE('',*,*,#434,.T.);
#196=ORIENTED_EDGE('',*,*,#504,.T.);
#197=ORIENTED_EDGE('',*,*,#505,.T.);
#198=ORIENTED_EDGE('',*,*,#506,.T.);
#199=ORIENTED_EDGE('',*,*,#494,.T.);
#200=ORIENTED_EDGE('',*,*,#505,.F.);
#201=ORIENTED_EDGE('',*,*,#507,.T.);
#202=ORIENTED_EDGE('',*,*,#508,.T.);
#203=ORIENTED_EDGE('',*,*,#509,.T.);
#204=ORIENTED_EDGE('',*,*,#485,.T.);
#205=ORIENTED_EDGE('',*,*,#493,.F.);
#206=ORIENTED_EDGE('',*,*,#506,.F.);
#207=ORIENTED_EDGE('',*,*,#508,.F.);
#208=ORIENTED_EDGE('',*,*,#510,.F.);
#209=ORIENTED_EDGE('',*,*,#511,.F.);
#210=ORIENTED_EDGE('',*,*,#464,.T.);
#211=ORIENTED_EDGE('',*,*,#512,.F.);
#212=ORIENTED_EDGE('',*,*,#513,.T.);
#213=ORIENTED_EDGE('',*,*,#495,.F.);
#214=ORIENTED_EDGE('',*,*,#463,.T.);
#215=ORIENTED_EDGE('',*,*,#514,.F.);
#216=ORIENTED_EDGE('',*,*,#475,.T.);
#217=ORIENTED_EDGE('',*,*,#512,.T.);
#218=ORIENTED_EDGE('',*,*,#515,.T.);
#219=ORIENTED_EDGE('',*,*,#516,.T.);
#220=ORIENTED_EDGE('',*,*,#452,.T.);
#221=ORIENTED_EDGE('',*,*,#438,.T.);
#222=ORIENTED_EDGE('',*,*,#489,.F.);
#223=ORIENTED_EDGE('',*,*,#488,.F.);
#224=ORIENTED_EDGE('',*,*,#492,.F.);
#225=ORIENTED_EDGE('',*,*,#486,.F.);
#226=ORIENTED_EDGE('',*,*,#483,.T.);
#227=ORIENTED_EDGE('',*,*,#515,.F.);
#228=ORIENTED_EDGE('',*,*,#517,.F.);
#229=ORIENTED_EDGE('',*,*,#518,.T.);
#230=ORIENTED_EDGE('',*,*,#519,.F.);
#231=ORIENTED_EDGE('',*,*,#520,.F.);
#232=ORIENTED_EDGE('',*,*,#521,.F.);
#233=ORIENTED_EDGE('',*,*,#522,.T.);
#234=ORIENTED_EDGE('',*,*,#471,.F.);
#235=ORIENTED_EDGE('',*,*,#523,.F.);
#236=ORIENTED_EDGE('',*,*,#510,.T.);
#237=ORIENTED_EDGE('',*,*,#507,.F.);
#238=ORIENTED_EDGE('',*,*,#504,.F.);
#239=ORIENTED_EDGE('',*,*,#433,.F.);
#240=ORIENTED_EDGE('',*,*,#503,.F.);
#241=ORIENTED_EDGE('',*,*,#502,.T.);
#242=ORIENTED_EDGE('',*,*,#524,.F.);
#243=ORIENTED_EDGE('',*,*,#525,.T.);
#244=ORIENTED_EDGE('',*,*,#526,.T.);
#245=ORIENTED_EDGE('',*,*,#517,.T.);
#246=ORIENTED_EDGE('',*,*,#501,.T.);
#247=ORIENTED_EDGE('',*,*,#478,.F.);
#248=ORIENTED_EDGE('',*,*,#527,.T.);
#249=ORIENTED_EDGE('',*,*,#525,.F.);
#250=ORIENTED_EDGE('',*,*,#500,.T.);
#251=ORIENTED_EDGE('',*,*,#496,.F.);
#252=ORIENTED_EDGE('',*,*,#513,.F.);
#253=ORIENTED_EDGE('',*,*,#462,.T.);
#254=ORIENTED_EDGE('',*,*,#528,.T.);
#255=ORIENTED_EDGE('',*,*,#529,.T.);
#256=ORIENTED_EDGE('',*,*,#514,.T.);
#257=ORIENTED_EDGE('',*,*,#530,.T.);
#258=ORIENTED_EDGE('',*,*,#481,.T.);
#259=ORIENTED_EDGE('',*,*,#454,.T.);
#260=ORIENTED_EDGE('',*,*,#443,.T.);
#261=ORIENTED_EDGE('',*,*,#531,.T.);
#262=ORIENTED_EDGE('',*,*,#532,.T.);
#263=ORIENTED_EDGE('',*,*,#445,.F.);
#264=ORIENTED_EDGE('',*,*,#532,.F.);
#265=ORIENTED_EDGE('',*,*,#533,.T.);
#266=ORIENTED_EDGE('',*,*,#465,.T.);
#267=ORIENTED_EDGE('',*,*,#429,.T.);
#268=ORIENTED_EDGE('',*,*,#482,.T.);
#269=ORIENTED_EDGE('',*,*,#530,.F.);
#270=ORIENTED_EDGE('',*,*,#453,.T.);
#271=ORIENTED_EDGE('',*,*,#516,.F.);
#272=ORIENTED_EDGE('',*,*,#534,.F.);
#273=ORIENTED_EDGE('',*,*,#449,.T.);
#274=ORIENTED_EDGE('',*,*,#467,.T.);
#275=ORIENTED_EDGE('',*,*,#535,.T.);
#276=ORIENTED_EDGE('',*,*,#460,.T.);
#277=ORIENTED_EDGE('',*,*,#536,.T.);
#278=ORIENTED_EDGE('',*,*,#537,.T.);
#279=ORIENTED_EDGE('',*,*,#538,.T.);
#280=ORIENTED_EDGE('',*,*,#441,.T.);
#281=ORIENTED_EDGE('',*,*,#451,.T.);
#282=ORIENTED_EDGE('',*,*,#534,.T.);
#283=ORIENTED_EDGE('',*,*,#539,.F.);
#284=ORIENTED_EDGE('',*,*,#540,.F.);
#285=ORIENTED_EDGE('',*,*,#519,.T.);
#286=ORIENTED_EDGE('',*,*,#541,.T.);
#287=ORIENTED_EDGE('',*,*,#542,.F.);
#288=ORIENTED_EDGE('',*,*,#543,.T.);
#289=ORIENTED_EDGE('',*,*,#544,.F.);
#290=ORIENTED_EDGE('',*,*,#545,.T.);
#291=ORIENTED_EDGE('',*,*,#546,.T.);
#292=ORIENTED_EDGE('',*,*,#547,.T.);
#293=ORIENTED_EDGE('',*,*,#548,.T.);
#294=ORIENTED_EDGE('',*,*,#549,.T.);
#295=ORIENTED_EDGE('',*,*,#550,.T.);
#296=ORIENTED_EDGE('',*,*,#551,.T.);
#297=ORIENTED_EDGE('',*,*,#552,.T.);
#298=ORIENTED_EDGE('',*,*,#551,.F.);
#299=ORIENTED_EDGE('',*,*,#552,.F.);
#300=ORIENTED_EDGE('',*,*,#524,.T.);
#301=ORIENTED_EDGE('',*,*,#553,.F.);
#302=ORIENTED_EDGE('',*,*,#554,.F.);
#303=ORIENTED_EDGE('',*,*,#543,.F.);
#304=ORIENTED_EDGE('',*,*,#555,.F.);
#305=ORIENTED_EDGE('',*,*,#529,.F.);
#306=ORIENTED_EDGE('',*,*,#555,.T.);
#307=ORIENTED_EDGE('',*,*,#542,.T.);
#308=ORIENTED_EDGE('',*,*,#556,.F.);
#309=ORIENTED_EDGE('',*,*,#476,.T.);
#310=ORIENTED_EDGE('',*,*,#533,.F.);
#311=ORIENTED_EDGE('',*,*,#557,.F.);
#312=ORIENTED_EDGE('',*,*,#535,.F.);
#313=ORIENTED_EDGE('',*,*,#466,.T.);
#314=ORIENTED_EDGE('',*,*,#461,.T.);
#315=ORIENTED_EDGE('',*,*,#538,.F.);
#316=ORIENTED_EDGE('',*,*,#553,.T.);
#317=ORIENTED_EDGE('',*,*,#528,.F.);
#318=ORIENTED_EDGE('',*,*,#537,.F.);
#319=ORIENTED_EDGE('',*,*,#558,.T.);
#320=ORIENTED_EDGE('',*,*,#559,.T.);
#321=ORIENTED_EDGE('',*,*,#544,.T.);
#322=ORIENTED_EDGE('',*,*,#554,.T.);
#323=ORIENTED_EDGE('',*,*,#539,.T.);
#324=ORIENTED_EDGE('',*,*,#557,.T.);
#325=ORIENTED_EDGE('',*,*,#531,.F.);
#326=ORIENTED_EDGE('',*,*,#442,.T.);
#327=ORIENTED_EDGE('',*,*,#520,.T.);
#328=ORIENTED_EDGE('',*,*,#540,.T.);
#329=ORIENTED_EDGE('',*,*,#559,.F.);
#330=ORIENTED_EDGE('',*,*,#560,.T.);
#331=ORIENTED_EDGE('',*,*,#526,.F.);
#332=ORIENTED_EDGE('',*,*,#527,.F.);
#333=ORIENTED_EDGE('',*,*,#477,.F.);
#334=ORIENTED_EDGE('',*,*,#556,.T.);
#335=ORIENTED_EDGE('',*,*,#541,.F.);
#336=ORIENTED_EDGE('',*,*,#518,.F.);
#337=ORIENTED_EDGE('',*,*,#561,.F.);
#338=ORIENTED_EDGE('',*,*,#479,.F.);
#339=ORIENTED_EDGE('',*,*,#509,.F.);
#340=ORIENTED_EDGE('',*,*,#511,.T.);
#341=ORIENTED_EDGE('',*,*,#523,.T.);
#342=ORIENTED_EDGE('',*,*,#470,.T.);
#343=ORIENTED_EDGE('',*,*,#562,.F.);
#344=ORIENTED_EDGE('',*,*,#472,.F.);
#345=ORIENTED_EDGE('',*,*,#522,.F.);
#346=ORIENTED_EDGE('',*,*,#563,.F.);
#347=ORIENTED_EDGE('',*,*,#564,.T.);
#348=ORIENTED_EDGE('',*,*,#565,.T.);
#349=ORIENTED_EDGE('',*,*,#566,.F.);
#350=ORIENTED_EDGE('',*,*,#567,.T.);
#351=ORIENTED_EDGE('',*,*,#568,.T.);
#352=ORIENTED_EDGE('',*,*,#569,.T.);
#353=ORIENTED_EDGE('',*,*,#564,.F.);
#354=ORIENTED_EDGE('',*,*,#570,.T.);
#355=ORIENTED_EDGE('',*,*,#569,.F.);
#356=ORIENTED_EDGE('',*,*,#571,.T.);
#357=ORIENTED_EDGE('',*,*,#572,.F.);
#358=ORIENTED_EDGE('',*,*,#565,.F.);
#359=ORIENTED_EDGE('',*,*,#573,.T.);
#360=ORIENTED_EDGE('',*,*,#574,.T.);
#361=ORIENTED_EDGE('',*,*,#566,.T.);
#362=ORIENTED_EDGE('',*,*,#572,.T.);
#363=ORIENTED_EDGE('',*,*,#574,.F.);
#364=ORIENTED_EDGE('',*,*,#575,.F.);
#365=ORIENTED_EDGE('',*,*,#546,.F.);
#366=ORIENTED_EDGE('',*,*,#576,.T.);
#367=ORIENTED_EDGE('',*,*,#577,.T.);
#368=ORIENTED_EDGE('',*,*,#567,.F.);
#369=ORIENTED_EDGE('',*,*,#577,.F.);
#370=ORIENTED_EDGE('',*,*,#576,.F.);
#371=ORIENTED_EDGE('',*,*,#545,.F.);
#372=ORIENTED_EDGE('',*,*,#578,.T.);
#373=ORIENTED_EDGE('',*,*,#579,.T.);
#374=ORIENTED_EDGE('',*,*,#570,.F.);
#375=ORIENTED_EDGE('',*,*,#579,.F.);
#376=ORIENTED_EDGE('',*,*,#578,.F.);
#377=ORIENTED_EDGE('',*,*,#550,.F.);
#378=ORIENTED_EDGE('',*,*,#580,.T.);
#379=ORIENTED_EDGE('',*,*,#549,.F.);
#380=ORIENTED_EDGE('',*,*,#581,.T.);
#381=ORIENTED_EDGE('',*,*,#568,.F.);
#382=ORIENTED_EDGE('',*,*,#580,.F.);
#383=ORIENTED_EDGE('',*,*,#548,.F.);
#384=ORIENTED_EDGE('',*,*,#582,.T.);
#385=ORIENTED_EDGE('',*,*,#571,.F.);
#386=ORIENTED_EDGE('',*,*,#581,.F.);
#387=ORIENTED_EDGE('',*,*,#547,.F.);
#388=ORIENTED_EDGE('',*,*,#575,.T.);
#389=ORIENTED_EDGE('',*,*,#573,.F.);
#390=ORIENTED_EDGE('',*,*,#582,.F.);
#391=ORIENTED_EDGE('',*,*,#562,.T.);
#392=ORIENTED_EDGE('',*,*,#583,.T.);
#393=ORIENTED_EDGE('',*,*,#473,.F.);
#394=ORIENTED_EDGE('',*,*,#561,.T.);
#395=ORIENTED_EDGE('',*,*,#469,.F.);
#396=ORIENTED_EDGE('',*,*,#480,.F.);
#397=ORIENTED_EDGE('',*,*,#584,.F.);
#398=ORIENTED_EDGE('',*,*,#585,.T.);
#399=ORIENTED_EDGE('',*,*,#458,.T.);
#400=ORIENTED_EDGE('',*,*,#459,.T.);
#401=ORIENTED_EDGE('',*,*,#585,.F.);
#402=ORIENTED_EDGE('',*,*,#586,.T.);
#403=ORIENTED_EDGE('',*,*,#536,.F.);
#404=ORIENTED_EDGE('',*,*,#583,.F.);
#405=ORIENTED_EDGE('',*,*,#563,.T.);
#406=ORIENTED_EDGE('',*,*,#521,.T.);
#407=ORIENTED_EDGE('',*,*,#560,.F.);
#408=ORIENTED_EDGE('',*,*,#558,.F.);
#409=ORIENTED_EDGE('',*,*,#586,.F.);
#410=ORIENTED_EDGE('',*,*,#584,.T.);
#411=ORIENTED_EDGE('',*,*,#457,.T.);
#412=ORIENTED_EDGE('',*,*,#474,.F.);
#413=EDGE_CURVE('',#587,#588,#698,.F.);
#414=EDGE_CURVE('',#588,#589,#699,.T.);
#415=EDGE_CURVE('',#589,#590,#700,.T.);
#416=EDGE_CURVE('',#590,#587,#701,.F.);
#417=EDGE_CURVE('',#591,#592,#702,.T.);
#418=EDGE_CURVE('',#592,#588,#41,.F.);
#419=EDGE_CURVE('',#587,#591,#42,.T.);
#420=EDGE_CURVE('',#589,#593,#703,.T.);
#421=EDGE_CURVE('',#594,#588,#704,.F.);
#422=EDGE_CURVE('',#594,#593,#705,.F.);
#423=EDGE_CURVE('',#589,#595,#43,.F.);
#424=EDGE_CURVE('',#596,#595,#706,.T.);
#425=EDGE_CURVE('',#596,#590,#44,.T.);
#426=EDGE_CURVE('',#592,#597,#707,.T.);
#427=EDGE_CURVE('',#597,#594,#45,.F.);
#428=EDGE_CURVE('',#598,#592,#708,.F.);
#429=EDGE_CURVE('',#599,#598,#709,.F.);
#430=EDGE_CURVE('',#599,#600,#710,.F.);
#431=EDGE_CURVE('',#601,#600,#711,.F.);
#432=EDGE_CURVE('',#602,#601,#712,.T.);
#433=EDGE_CURVE('',#602,#603,#713,.T.);
#434=EDGE_CURVE('',#604,#603,#28,.F.);
#435=EDGE_CURVE('',#605,#604,#29,.T.);
#436=EDGE_CURVE('',#606,#605,#714,.T.);
#437=EDGE_CURVE('',#607,#606,#715,.F.);
#438=EDGE_CURVE('',#608,#607,#716,.T.);
#439=EDGE_CURVE('',#608,#597,#717,.F.);
#440=EDGE_CURVE('',#609,#596,#718,.F.);
#441=EDGE_CURVE('',#610,#609,#46,.T.);
#442=EDGE_CURVE('',#611,#610,#719,.T.);
#443=EDGE_CURVE('',#612,#611,#47,.T.);
#444=EDGE_CURVE('',#591,#612,#720,.T.);
#445=EDGE_CURVE('',#612,#598,#721,.F.);
#446=EDGE_CURVE('',#593,#613,#48,.F.);
#447=EDGE_CURVE('',#613,#595,#722,.F.);
#448=EDGE_CURVE('',#613,#614,#723,.F.);
#449=EDGE_CURVE('',#615,#614,#724,.T.);
#450=EDGE_CURVE('',#595,#615,#725,.T.);
#451=EDGE_CURVE('',#609,#615,#726,.T.);
#452=EDGE_CURVE('',#616,#608,#727,.T.);
#453=EDGE_CURVE('',#617,#616,#728,.T.);
#454=EDGE_CURVE('',#618,#617,#729,.T.);
#455=EDGE_CURVE('',#618,#619,#730,.T.);
#456=EDGE_CURVE('',#619,#620,#731,.T.);
#457=EDGE_CURVE('',#621,#620,#732,.T.);
#458=EDGE_CURVE('',#622,#621,#733,.T.);
#459=EDGE_CURVE('',#623,#622,#734,.F.);
#460=EDGE_CURVE('',#624,#623,#735,.T.);
#461=EDGE_CURVE('',#625,#624,#736,.F.);
#462=EDGE_CURVE('',#626,#625,#737,.T.);
#463=EDGE_CURVE('',#627,#626,#738,.T.);
#464=EDGE_CURVE('',#600,#627,#739,.F.);
#465=EDGE_CURVE('',#628,#599,#49,.F.);
#466=EDGE_CURVE('',#629,#628,#740,.F.);
#467=EDGE_CURVE('',#614,#629,#50,.F.);
#468=EDGE_CURVE('',#630,#619,#741,.T.);
#469=EDGE_CURVE('',#630,#631,#742,.T.);
#470=EDGE_CURVE('',#632,#631,#743,.T.);
#471=EDGE_CURVE('',#632,#633,#744,.F.);
#472=EDGE_CURVE('',#633,#634,#745,.T.);
#473=EDGE_CURVE('',#634,#635,#746,.T.);
#474=EDGE_CURVE('',#635,#620,#747,.T.);
#475=EDGE_CURVE('',#636,#637,#748,.F.);
#476=EDGE_CURVE('',#638,#636,#749,.T.);
#477=EDGE_CURVE('',#638,#639,#750,.T.);
#478=EDGE_CURVE('',#639,#637,#751,.T.);
#479=EDGE_CURVE('',#640,#641,#752,.T.);
#480=EDGE_CURVE('',#641,#630,#753,.T.);
#481=EDGE_CURVE('',#642,#618,#754,.T.);
#482=EDGE_CURVE('',#643,#642,#755,.F.);
#483=EDGE_CURVE('',#644,#643,#756,.T.);
#484=EDGE_CURVE('',#640,#644,#13,.F.);
#485=EDGE_CURVE('',#640,#645,#14,.F.);
#486=EDGE_CURVE('',#644,#646,#15,.F.);
#487=EDGE_CURVE('',#645,#646,#757,.T.);
#488=EDGE_CURVE('',#647,#648,#758,.T.);
#489=EDGE_CURVE('',#648,#607,#759,.T.);
#490=EDGE_CURVE('',#647,#606,#760,.T.);
#491=EDGE_CURVE('',#645,#605,#16,.F.);
#492=EDGE_CURVE('',#646,#647,#761,.T.);
#493=EDGE_CURVE('',#649,#645,#17,.T.);
#494=EDGE_CURVE('',#649,#604,#18,.F.);
#495=EDGE_CURVE('',#600,#650,#762,.T.);
#496=EDGE_CURVE('',#650,#651,#763,.T.);
#497=EDGE_CURVE('',#651,#652,#764,.T.);
#498=EDGE_CURVE('',#601,#652,#765,.T.);
#499=EDGE_CURVE('',#652,#653,#766,.T.);
#500=EDGE_CURVE('',#654,#651,#767,.T.);
#501=EDGE_CURVE('',#655,#654,#768,.T.);
#502=EDGE_CURVE('',#653,#655,#769,.T.);
#503=EDGE_CURVE('',#653,#602,#770,.T.);
#504=EDGE_CURVE('',#603,#656,#19,.T.);
#505=EDGE_CURVE('',#656,#657,#20,.T.);
#506=EDGE_CURVE('',#657,#649,#21,.T.);
#507=EDGE_CURVE('',#656,#658,#22,.F.);
#508=EDGE_CURVE('',#658,#657,#23,.T.);
#509=EDGE_CURVE('',#659,#640,#771,.T.);
#510=EDGE_CURVE('',#660,#658,#24,.T.);
#511=EDGE_CURVE('',#659,#660,#25,.T.);
#512=EDGE_CURVE('',#637,#627,#772,.T.);
#513=EDGE_CURVE('',#637,#650,#773,.T.);
#514=EDGE_CURVE('',#636,#626,#774,.T.);
#515=EDGE_CURVE('',#648,#643,#775,.T.);
#516=EDGE_CURVE('',#643,#616,#776,.T.);
#517=EDGE_CURVE('',#661,#655,#26,.F.);
#518=EDGE_CURVE('',#661,#662,#777,.T.);
#519=EDGE_CURVE('',#663,#662,#778,.T.);
#520=EDGE_CURVE('',#664,#663,#779,.T.);
#521=EDGE_CURVE('',#665,#664,#780,.T.);
#522=EDGE_CURVE('',#665,#633,#781,.T.);
#523=EDGE_CURVE('',#660,#632,#782,.T.);
#524=EDGE_CURVE('',#666,#666,#51,.F.);
#525=EDGE_CURVE('',#654,#667,#27,.F.);
#526=EDGE_CURVE('',#667,#661,#783,.F.);
#527=EDGE_CURVE('',#639,#667,#784,.T.);
#528=EDGE_CURVE('',#625,#668,#785,.T.);
#529=EDGE_CURVE('',#668,#636,#786,.T.);
#530=EDGE_CURVE('',#617,#642,#787,.T.);
#531=EDGE_CURVE('',#611,#669,#788,.T.);
#532=EDGE_CURVE('',#669,#598,#52,.F.);
#533=EDGE_CURVE('',#669,#628,#789,.T.);
#534=EDGE_CURVE('',#615,#670,#53,.F.);
#535=EDGE_CURVE('',#629,#670,#790,.F.);
#536=EDGE_CURVE('',#623,#671,#791,.T.);
#537=EDGE_CURVE('',#671,#672,#792,.T.);
#538=EDGE_CURVE('',#672,#624,#793,.T.);
#539=EDGE_CURVE('',#610,#670,#794,.T.);
#540=EDGE_CURVE('',#663,#673,#795,.T.);
#541=EDGE_CURVE('',#662,#674,#796,.T.);
#542=EDGE_CURVE('',#675,#674,#797,.T.);
#543=EDGE_CURVE('',#675,#676,#798,.F.);
#544=EDGE_CURVE('',#673,#676,#799,.T.);
#545=EDGE_CURVE('',#677,#678,#30,.F.);
#546=EDGE_CURVE('',#678,#679,#800,.T.);
#547=EDGE_CURVE('',#679,#680,#801,.T.);
#548=EDGE_CURVE('',#680,#681,#802,.T.);
#549=EDGE_CURVE('',#681,#682,#803,.T.);
#550=EDGE_CURVE('',#682,#677,#804,.T.);
#551=EDGE_CURVE('',#683,#683,#54,.T.);
#552=EDGE_CURVE('',#684,#684,#55,.F.);
#553=EDGE_CURVE('',#672,#668,#805,.T.);
#554=EDGE_CURVE('',#676,#672,#806,.F.);
#555=EDGE_CURVE('',#668,#675,#807,.F.);
#556=EDGE_CURVE('',#638,#674,#808,.T.);
#557=EDGE_CURVE('',#670,#669,#809,.F.);
#558=EDGE_CURVE('',#671,#685,#810,.T.);
#559=EDGE_CURVE('',#685,#673,#811,.T.);
#560=EDGE_CURVE('',#685,#664,#812,.T.);
#561=EDGE_CURVE('',#641,#631,#813,.T.);
#562=EDGE_CURVE('',#634,#686,#814,.T.);
#563=EDGE_CURVE('',#686,#665,#815,.T.);
#564=EDGE_CURVE('',#687,#688,#816,.F.);
#565=EDGE_CURVE('',#688,#689,#56,.T.);
#566=EDGE_CURVE('',#690,#689,#817,.T.);
#567=EDGE_CURVE('',#690,#687,#57,.F.);
#568=EDGE_CURVE('',#691,#692,#818,.T.);
#569=EDGE_CURVE('',#692,#688,#819,.F.);
#570=EDGE_CURVE('',#687,#691,#820,.T.);
#571=EDGE_CURVE('',#692,#693,#821,.F.);
#572=EDGE_CURVE('',#689,#693,#822,.T.);
#573=EDGE_CURVE('',#693,#694,#823,.T.);
#574=EDGE_CURVE('',#694,#690,#824,.F.);
#575=EDGE_CURVE('',#679,#694,#825,.T.);
#576=EDGE_CURVE('',#678,#695,#826,.T.);
#577=EDGE_CURVE('',#695,#690,#827,.T.);
#578=EDGE_CURVE('',#677,#696,#828,.T.);
#579=EDGE_CURVE('',#696,#687,#829,.T.);
#580=EDGE_CURVE('',#682,#691,#830,.T.);
#581=EDGE_CURVE('',#681,#692,#831,.T.);
#582=EDGE_CURVE('',#680,#693,#832,.T.);
#583=EDGE_CURVE('',#686,#635,#833,.T.);
#584=EDGE_CURVE('',#697,#621,#834,.T.);
#585=EDGE_CURVE('',#697,#622,#835,.T.);
#586=EDGE_CURVE('',#697,#671,#836,.T.);
#587=VERTEX_POINT('',#1663);
#588=VERTEX_POINT('',#1664);
#589=VERTEX_POINT('',#1666);
#590=VERTEX_POINT('',#1668);
#591=VERTEX_POINT('',#1672);
#592=VERTEX_POINT('',#1673);
#593=VERTEX_POINT('',#1678);
#594=VERTEX_POINT('',#1680);
#595=VERTEX_POINT('',#1684);
#596=VERTEX_POINT('',#1686);
#597=VERTEX_POINT('',#1690);
#598=VERTEX_POINT('',#1694);
#599=VERTEX_POINT('',#1696);
#600=VERTEX_POINT('',#1698);
#601=VERTEX_POINT('',#1700);
#602=VERTEX_POINT('',#1702);
#603=VERTEX_POINT('',#1704);
#604=VERTEX_POINT('',#1706);
#605=VERTEX_POINT('',#1708);
#606=VERTEX_POINT('',#1710);
#607=VERTEX_POINT('',#1712);
#608=VERTEX_POINT('',#1714);
#609=VERTEX_POINT('',#1718);
#610=VERTEX_POINT('',#1720);
#611=VERTEX_POINT('',#1722);
#612=VERTEX_POINT('',#1724);
#613=VERTEX_POINT('',#1730);
#614=VERTEX_POINT('',#1734);
#615=VERTEX_POINT('',#1736);
#616=VERTEX_POINT('',#1742);
#617=VERTEX_POINT('',#1744);
#618=VERTEX_POINT('',#1746);
#619=VERTEX_POINT('',#1748);
#620=VERTEX_POINT('',#1750);
#621=VERTEX_POINT('',#1752);
#622=VERTEX_POINT('',#1754);
#623=VERTEX_POINT('',#1756);
#624=VERTEX_POINT('',#1758);
#625=VERTEX_POINT('',#1760);
#626=VERTEX_POINT('',#1762);
#627=VERTEX_POINT('',#1764);
#628=VERTEX_POINT('',#1767);
#629=VERTEX_POINT('',#1769);
#630=VERTEX_POINT('',#1773);
#631=VERTEX_POINT('',#1775);
#632=VERTEX_POINT('',#1777);
#633=VERTEX_POINT('',#1779);
#634=VERTEX_POINT('',#1781);
#635=VERTEX_POINT('',#1783);
#636=VERTEX_POINT('',#1787);
#637=VERTEX_POINT('',#1788);
#638=VERTEX_POINT('',#1790);
#639=VERTEX_POINT('',#1792);
#640=VERTEX_POINT('',#1796);
#641=VERTEX_POINT('',#1797);
#642=VERTEX_POINT('',#1800);
#643=VERTEX_POINT('',#1802);
#644=VERTEX_POINT('',#1804);
#645=VERTEX_POINT('',#1814);
#646=VERTEX_POINT('',#1820);
#647=VERTEX_POINT('',#1824);
#648=VERTEX_POINT('',#1825);
#649=VERTEX_POINT('',#1839);
#650=VERTEX_POINT('',#1846);
#651=VERTEX_POINT('',#1848);
#652=VERTEX_POINT('',#1850);
#653=VERTEX_POINT('',#1854);
#654=VERTEX_POINT('',#1856);
#655=VERTEX_POINT('',#1858);
#656=VERTEX_POINT('',#1867);
#657=VERTEX_POINT('',#1872);
#658=VERTEX_POINT('',#1882);
#659=VERTEX_POINT('',#1960);
#660=VERTEX_POINT('',#1972);
#661=VERTEX_POINT('',#1993);
#662=VERTEX_POINT('',#1995);
#663=VERTEX_POINT('',#1997);
#664=VERTEX_POINT('',#1999);
#665=VERTEX_POINT('',#2001);
#666=VERTEX_POINT('',#2005);
#667=VERTEX_POINT('',#2012);
#668=VERTEX_POINT('',#2018);
#669=VERTEX_POINT('',#2024);
#670=VERTEX_POINT('',#2031);
#671=VERTEX_POINT('',#2035);
#672=VERTEX_POINT('',#2037);
#673=VERTEX_POINT('',#2043);
#674=VERTEX_POINT('',#2045);
#675=VERTEX_POINT('',#2047);
#676=VERTEX_POINT('',#2049);
#677=VERTEX_POINT('',#2052);
#678=VERTEX_POINT('',#2053);
#679=VERTEX_POINT('',#2055);
#680=VERTEX_POINT('',#2057);
#681=VERTEX_POINT('',#2059);
#682=VERTEX_POINT('',#2061);
#683=VERTEX_POINT('',#2065);
#684=VERTEX_POINT('',#2067);
#685=VERTEX_POINT('',#2081);
#686=VERTEX_POINT('',#2091);
#687=VERTEX_POINT('',#2095);
#688=VERTEX_POINT('',#2096);
#689=VERTEX_POINT('',#2098);
#690=VERTEX_POINT('',#2100);
#691=VERTEX_POINT('',#2104);
#692=VERTEX_POINT('',#2105);
#693=VERTEX_POINT('',#2110);
#694=VERTEX_POINT('',#2114);
#695=VERTEX_POINT('',#2119);
#696=VERTEX_POINT('',#2123);
#697=VERTEX_POINT('',#2137);
#698=LINE('',#1662,#837);
#699=LINE('',#1665,#838);
#700=LINE('',#1667,#839);
#701=LINE('',#1669,#840);
#702=LINE('',#1671,#841);
#703=LINE('',#1677,#842);
#704=LINE('',#1679,#843);
#705=LINE('',#1681,#844);
#706=LINE('',#1685,#845);
#707=LINE('',#1689,#846);
#708=LINE('',#1693,#847);
#709=LINE('',#1695,#848);
#710=LINE('',#1697,#849);
#711=LINE('',#1699,#850);
#712=LINE('',#1701,#851);
#713=LINE('',#1703,#852);
#714=LINE('',#1709,#853);
#715=LINE('',#1711,#854);
#716=LINE('',#1713,#855);
#717=LINE('',#1715,#856);
#718=LINE('',#1717,#857);
#719=LINE('',#1721,#858);
#720=LINE('',#1725,#859);
#721=LINE('',#1727,#860);
#722=LINE('',#1731,#861);
#723=LINE('',#1733,#862);
#724=LINE('',#1735,#863);
#725=LINE('',#1737,#864);
#726=LINE('',#1739,#865);
#727=LINE('',#1741,#866);
#728=LINE('',#1743,#867);
#729=LINE('',#1745,#868);
#730=LINE('',#1747,#869);
#731=LINE('',#1749,#870);
#732=LINE('',#1751,#871);
#733=LINE('',#1753,#872);
#734=LINE('',#1755,#873);
#735=LINE('',#1757,#874);
#736=LINE('',#1759,#875);
#737=LINE('',#1761,#876);
#738=LINE('',#1763,#877);
#739=LINE('',#1765,#878);
#740=LINE('',#1768,#879);
#741=LINE('',#1772,#880);
#742=LINE('',#1774,#881);
#743=LINE('',#1776,#882);
#744=LINE('',#1778,#883);
#745=LINE('',#1780,#884);
#746=LINE('',#1782,#885);
#747=LINE('',#1784,#886);
#748=LINE('',#1786,#887);
#749=LINE('',#1789,#888);
#750=LINE('',#1791,#889);
#751=LINE('',#1793,#890);
#752=LINE('',#1795,#891);
#753=LINE('',#1798,#892);
#754=LINE('',#1799,#893);
#755=LINE('',#1801,#894);
#756=LINE('',#1803,#895);
#757=LINE('',#1821,#896);
#758=LINE('',#1823,#897);
#759=LINE('',#1826,#898);
#760=LINE('',#1827,#899);
#761=LINE('',#1833,#900);
#762=LINE('',#1845,#901);
#763=LINE('',#1847,#902);
#764=LINE('',#1849,#903);
#765=LINE('',#1851,#904);
#766=LINE('',#1853,#905);
#767=LINE('',#1855,#906);
#768=LINE('',#1857,#907);
#769=LINE('',#1859,#908);
#770=LINE('',#1861,#909);
#771=LINE('',#1959,#910);
#772=LINE('',#1978,#911);
#773=LINE('',#1979,#912);
#774=LINE('',#1981,#913);
#775=LINE('',#1983,#914);
#776=LINE('',#1984,#915);
#777=LINE('',#1994,#916);
#778=LINE('',#1996,#917);
#779=LINE('',#1998,#918);
#780=LINE('',#2000,#919);
#781=LINE('',#2002,#920);
#782=LINE('',#2003,#921);
#783=LINE('',#2013,#922);
#784=LINE('',#2015,#923);
#785=LINE('',#2017,#924);
#786=LINE('',#2019,#925);
#787=LINE('',#2021,#926);
#788=LINE('',#2023,#927);
#789=LINE('',#2027,#928);
#790=LINE('',#2032,#929);
#791=LINE('',#2034,#930);
#792=LINE('',#2036,#931);
#793=LINE('',#2038,#932);
#794=LINE('',#2040,#933);
#795=LINE('',#2042,#934);
#796=LINE('',#2044,#935);
#797=LINE('',#2046,#936);
#798=LINE('',#2048,#937);
#799=LINE('',#2050,#938);
#800=LINE('',#2054,#939);
#801=LINE('',#2056,#940);
#802=LINE('',#2058,#941);
#803=LINE('',#2060,#942);
#804=LINE('',#2062,#943);
#805=LINE('',#2071,#944);
#806=LINE('',#2072,#945);
#807=LINE('',#2073,#946);
#808=LINE('',#2075,#947);
#809=LINE('',#2077,#948);
#810=LINE('',#2080,#949);
#811=LINE('',#2082,#950);
#812=LINE('',#2085,#951);
#813=LINE('',#2088,#952);
#814=LINE('',#2090,#953);
#815=LINE('',#2092,#954);
#816=LINE('',#2094,#955);
#817=LINE('',#2099,#956);
#818=LINE('',#2103,#957);
#819=LINE('',#2106,#958);
#820=LINE('',#2107,#959);
#821=LINE('',#2109,#960);
#822=LINE('',#2111,#961);
#823=LINE('',#2113,#962);
#824=LINE('',#2115,#963);
#825=LINE('',#2117,#964);
#826=LINE('',#2118,#965);
#827=LINE('',#2120,#966);
#828=LINE('',#2122,#967);
#829=LINE('',#2124,#968);
#830=LINE('',#2126,#969);
#831=LINE('',#2128,#970);
#832=LINE('',#2130,#971);
#833=LINE('',#2133,#972);
#834=LINE('',#2136,#973);
#835=LINE('',#2138,#974);
#836=LINE('',#2140,#975);
#837=VECTOR('',#1347,1.);
#838=VECTOR('',#1348,1.);
#839=VECTOR('',#1349,1.);
#840=VECTOR('',#1350,1.);
#841=VECTOR('',#1353,1.);
#842=VECTOR('',#1360,1.);
#843=VECTOR('',#1361,1.);
#844=VECTOR('',#1362,1.);
#845=VECTOR('',#1367,1.);
#846=VECTOR('',#1372,1.);
#847=VECTOR('',#1377,1.);
#848=VECTOR('',#1378,1.);
#849=VECTOR('',#1379,1.);
#850=VECTOR('',#1380,1.);
#851=VECTOR('',#1381,1.);
#852=VECTOR('',#1382,1.);
#853=VECTOR('',#1387,1.);
#854=VECTOR('',#1388,1.);
#855=VECTOR('',#1389,1.);
#856=VECTOR('',#1390,1.);
#857=VECTOR('',#1393,1.);
#858=VECTOR('',#1396,1.);
#859=VECTOR('',#1399,1.);
#860=VECTOR('',#1402,1.);
#861=VECTOR('',#1407,1.);
#862=VECTOR('',#1410,1.);
#863=VECTOR('',#1411,1.);
#864=VECTOR('',#1412,1.);
#865=VECTOR('',#1415,1.);
#866=VECTOR('',#1418,1.);
#867=VECTOR('',#1419,1.);
#868=VECTOR('',#1420,1.);
#869=VECTOR('',#1421,1.);
#870=VECTOR('',#1422,1.);
#871=VECTOR('',#1423,1.);
#872=VECTOR('',#1424,1.);
#873=VECTOR('',#1425,1.);
#874=VECTOR('',#1426,1.);
#875=VECTOR('',#1427,1.);
#876=VECTOR('',#1428,1.);
#877=VECTOR('',#1429,1.);
#878=VECTOR('',#1430,1.);
#879=VECTOR('',#1433,1.);
#880=VECTOR('',#1438,1.);
#881=VECTOR('',#1439,1.);
#882=VECTOR('',#1440,1.);
#883=VECTOR('',#1441,1.);
#884=VECTOR('',#1442,1.);
#885=VECTOR('',#1443,1.);
#886=VECTOR('',#1444,1.);
#887=VECTOR('',#1447,1.);
#888=VECTOR('',#1448,1.);
#889=VECTOR('',#1449,1.);
#890=VECTOR('',#1450,1.);
#891=VECTOR('',#1453,1.);
#892=VECTOR('',#1454,1.);
#893=VECTOR('',#1455,1.);
#894=VECTOR('',#1456,1.);
#895=VECTOR('',#1457,1.);
#896=VECTOR('',#1460,1.);
#897=VECTOR('',#1463,1.);
#898=VECTOR('',#1464,1.);
#899=VECTOR('',#1465,1.);
#900=VECTOR('',#1468,1.);
#901=VECTOR('',#1473,1.);
#902=VECTOR('',#1474,1.);
#903=VECTOR('',#1475,1.);
#904=VECTOR('',#1476,1.);
#905=VECTOR('',#1479,1.);
#906=VECTOR('',#1480,1.);
#907=VECTOR('',#1481,1.);
#908=VECTOR('',#1482,1.);
#909=VECTOR('',#1485,1.);
#910=VECTOR('',#1490,1.);
#911=VECTOR('',#1493,1.);
#912=VECTOR('',#1494,1.);
#913=VECTOR('',#1497,1.);
#914=VECTOR('',#1500,1.);
#915=VECTOR('',#1501,1.);
#916=VECTOR('',#1506,1.);
#917=VECTOR('',#1507,1.);
#918=VECTOR('',#1508,1.);
#919=VECTOR('',#1509,1.);
#920=VECTOR('',#1510,1.);
#921=VECTOR('',#1511,1.);
#922=VECTOR('',#1516,1.);
#923=VECTOR('',#1519,1.);
#924=VECTOR('',#1522,1.);
#925=VECTOR('',#1523,1.);
#926=VECTOR('',#1526,1.);
#927=VECTOR('',#1529,1.);
#928=VECTOR('',#1534,1.);
#929=VECTOR('',#1541,1.);
#930=VECTOR('',#1544,1.);
#931=VECTOR('',#1545,1.);
#932=VECTOR('',#1546,1.);
#933=VECTOR('',#1549,1.);
#934=VECTOR('',#1552,1.);
#935=VECTOR('',#1553,1.);
#936=VECTOR('',#1554,1.);
#937=VECTOR('',#1555,1.);
#938=VECTOR('',#1556,1.);
#939=VECTOR('',#1559,1.);
#940=VECTOR('',#1560,1.);
#941=VECTOR('',#1561,1.);
#942=VECTOR('',#1562,1.);
#943=VECTOR('',#1563,1.);
#944=VECTOR('',#1576,1.);
#945=VECTOR('',#1577,1.);
#946=VECTOR('',#1578,1.);
#947=VECTOR('',#1581,1.);
#948=VECTOR('',#1584,1.);
#949=VECTOR('',#1589,1.);
#950=VECTOR('',#1590,1.);
#951=VECTOR('',#1595,1.);
#952=VECTOR('',#1600,1.);
#953=VECTOR('',#1603,1.);
#954=VECTOR('',#1604,1.);
#955=VECTOR('',#1607,1.);
#956=VECTOR('',#1610,1.);
#957=VECTOR('',#1615,1.);
#958=VECTOR('',#1616,1.);
#959=VECTOR('',#1617,1.);
#960=VECTOR('',#1620,1.);
#961=VECTOR('',#1621,1.);
#962=VECTOR('',#1624,1.);
#963=VECTOR('',#1625,1.);
#964=VECTOR('',#1628,1.);
#965=VECTOR('',#1629,1.);
#966=VECTOR('',#1630,1.);
#967=VECTOR('',#1633,1.);
#968=VECTOR('',#1634,1.);
#969=VECTOR('',#1637,1.);
#970=VECTOR('',#1640,1.);
#971=VECTOR('',#1643,1.);
#972=VECTOR('',#1648,1.);
#973=VECTOR('',#1653,1.);
#974=VECTOR('',#1654,1.);
#975=VECTOR('',#1657,1.);
#976=EDGE_LOOP('',(#65,#66,#67,#68));
#977=EDGE_LOOP('',(#69,#70,#71,#72));
#978=EDGE_LOOP('',(#73,#74,#75,#76));
#979=EDGE_LOOP('',(#77,#78,#79,#80));
#980=EDGE_LOOP('',(#81,#82,#83,#84));
#981=EDGE_LOOP('',(#85,#86,#87,#88,#89,#90,#91,#92,#93,#94,#95,#96,#97));
#982=EDGE_LOOP('',(#98,#99,#100,#101,#102,#103,#104,#105));
#983=EDGE_LOOP('',(#106,#107,#108,#109));
#984=EDGE_LOOP('',(#110,#111,#112,#113));
#985=EDGE_LOOP('',(#114,#115,#116,#117));
#986=EDGE_LOOP('',(#118,#119,#120,#121));
#987=EDGE_LOOP('',(#122,#123,#124,#125,#126,#127,#128,#129,#130,#131,#132,
#133,#134,#135,#136,#137,#138,#139,#140,#141,#142,#143));
#988=EDGE_LOOP('',(#144,#145,#146,#147,#148,#149,#150,#151));
#989=EDGE_LOOP('',(#152,#153,#154,#155));
#990=EDGE_LOOP('',(#156,#157,#158,#159,#160,#161,#162,#163));
#991=EDGE_LOOP('',(#164,#165,#166,#167));
#992=EDGE_LOOP('',(#168,#169,#170,#171));
#993=EDGE_LOOP('',(#172,#173,#174,#175,#176));
#994=EDGE_LOOP('',(#177,#178,#179,#180));
#995=EDGE_LOOP('',(#181,#182,#183,#184,#185));
#996=EDGE_LOOP('',(#186,#187,#188,#189,#190));
#997=EDGE_LOOP('',(#191,#192,#193,#194));
#998=EDGE_LOOP('',(#195,#196,#197,#198,#199));
#999=EDGE_LOOP('',(#200,#201,#202));
#1000=EDGE_LOOP('',(#203,#204,#205,#206,#207,#208,#209));
#1001=EDGE_LOOP('',(#210,#211,#212,#213));
#1002=EDGE_LOOP('',(#214,#215,#216,#217));
#1003=EDGE_LOOP('',(#218,#219,#220,#221,#222));
#1004=EDGE_LOOP('',(#223,#224,#225,#226,#227));
#1005=EDGE_LOOP('',(#228,#229,#230,#231,#232,#233,#234,#235,#236,#237,#238,
#239,#240,#241));
#1006=EDGE_LOOP('',(#242));
#1007=EDGE_LOOP('',(#243,#244,#245,#246));
#1008=EDGE_LOOP('',(#247,#248,#249,#250,#251,#252));
#1009=EDGE_LOOP('',(#253,#254,#255,#256));
#1010=EDGE_LOOP('',(#257,#258,#259));
#1011=EDGE_LOOP('',(#260,#261,#262,#263));
#1012=EDGE_LOOP('',(#264,#265,#266,#267));
#1013=EDGE_LOOP('',(#268,#269,#270,#271));
#1014=EDGE_LOOP('',(#272,#273,#274,#275));
#1015=EDGE_LOOP('',(#276,#277,#278,#279));
#1016=EDGE_LOOP('',(#280,#281,#282,#283));
#1017=EDGE_LOOP('',(#284,#285,#286,#287,#288,#289));
#1018=EDGE_LOOP('',(#290,#291,#292,#293,#294,#295));
#1019=EDGE_LOOP('',(#296));
#1020=EDGE_LOOP('',(#297));
#1021=EDGE_LOOP('',(#298));
#1022=EDGE_LOOP('',(#299));
#1023=EDGE_LOOP('',(#300));
#1024=EDGE_LOOP('',(#301,#302,#303,#304));
#1025=EDGE_LOOP('',(#305,#306,#307,#308,#309));
#1026=EDGE_LOOP('',(#310,#311,#312,#313));
#1027=EDGE_LOOP('',(#314,#315,#316,#317));
#1028=EDGE_LOOP('',(#318,#319,#320,#321,#322));
#1029=EDGE_LOOP('',(#323,#324,#325,#326));
#1030=EDGE_LOOP('',(#327,#328,#329,#330));
#1031=EDGE_LOOP('',(#331,#332,#333,#334,#335,#336));
#1032=EDGE_LOOP('',(#337,#338,#339,#340,#341,#342));
#1033=EDGE_LOOP('',(#343,#344,#345,#346));
#1034=EDGE_LOOP('',(#347,#348,#349,#350));
#1035=EDGE_LOOP('',(#351,#352,#353,#354));
#1036=EDGE_LOOP('',(#355,#356,#357,#358));
#1037=EDGE_LOOP('',(#359,#360,#361,#362));
#1038=EDGE_LOOP('',(#363,#364,#365,#366,#367));
#1039=EDGE_LOOP('',(#368,#369,#370,#371,#372,#373));
#1040=EDGE_LOOP('',(#374,#375,#376,#377,#378));
#1041=EDGE_LOOP('',(#379,#380,#381,#382));
#1042=EDGE_LOOP('',(#383,#384,#385,#386));
#1043=EDGE_LOOP('',(#387,#388,#389,#390));
#1044=EDGE_LOOP('',(#391,#392,#393));
#1045=EDGE_LOOP('',(#394,#395,#396));
#1046=EDGE_LOOP('',(#397,#398,#399));
#1047=EDGE_LOOP('',(#400,#401,#402,#403));
#1048=EDGE_LOOP('',(#404,#405,#406,#407,#408,#409,#410,#411,#412));
#1049=FACE_BOUND('',#976,.T.);
#1050=FACE_BOUND('',#977,.T.);
#1051=FACE_BOUND('',#978,.T.);
#1052=FACE_BOUND('',#979,.T.);
#1053=FACE_BOUND('',#980,.T.);
#1054=FACE_BOUND('',#981,.T.);
#1055=FACE_BOUND('',#982,.T.);
#1056=FACE_BOUND('',#983,.T.);
#1057=FACE_BOUND('',#984,.T.);
#1058=FACE_BOUND('',#985,.T.);
#1059=FACE_BOUND('',#986,.T.);
#1060=FACE_BOUND('',#987,.T.);
#1061=FACE_BOUND('',#988,.T.);
#1062=FACE_BOUND('',#989,.T.);
#1063=FACE_BOUND('',#990,.T.);
#1064=FACE_BOUND('',#991,.T.);
#1065=FACE_BOUND('',#992,.T.);
#1066=FACE_BOUND('',#993,.T.);
#1067=FACE_BOUND('',#994,.T.);
#1068=FACE_BOUND('',#995,.T.);
#1069=FACE_BOUND('',#996,.T.);
#1070=FACE_BOUND('',#997,.T.);
#1071=FACE_BOUND('',#998,.T.);
#1072=FACE_BOUND('',#999,.T.);
#1073=FACE_BOUND('',#1000,.T.);
#1074=FACE_BOUND('',#1001,.T.);
#1075=FACE_BOUND('',#1002,.T.);
#1076=FACE_BOUND('',#1003,.T.);
#1077=FACE_BOUND('',#1004,.T.);
#1078=FACE_BOUND('',#1005,.T.);
#1079=FACE_BOUND('',#1006,.T.);
#1080=FACE_BOUND('',#1007,.T.);
#1081=FACE_BOUND('',#1008,.T.);
#1082=FACE_BOUND('',#1009,.T.);
#1083=FACE_BOUND('',#1010,.T.);
#1084=FACE_BOUND('',#1011,.T.);
#1085=FACE_BOUND('',#1012,.T.);
#1086=FACE_BOUND('',#1013,.T.);
#1087=FACE_BOUND('',#1014,.T.);
#1088=FACE_BOUND('',#1015,.T.);
#1089=FACE_BOUND('',#1016,.T.);
#1090=FACE_BOUND('',#1017,.T.);
#1091=FACE_BOUND('',#1018,.T.);
#1092=FACE_BOUND('',#1019,.T.);
#1093=FACE_BOUND('',#1020,.T.);
#1094=FACE_BOUND('',#1021,.T.);
#1095=FACE_BOUND('',#1022,.T.);
#1096=FACE_BOUND('',#1023,.T.);
#1097=FACE_BOUND('',#1024,.T.);
#1098=FACE_BOUND('',#1025,.T.);
#1099=FACE_BOUND('',#1026,.T.);
#1100=FACE_BOUND('',#1027,.T.);
#1101=FACE_BOUND('',#1028,.T.);
#1102=FACE_BOUND('',#1029,.T.);
#1103=FACE_BOUND('',#1030,.T.);
#1104=FACE_BOUND('',#1031,.T.);
#1105=FACE_BOUND('',#1032,.T.);
#1106=FACE_BOUND('',#1033,.T.);
#1107=FACE_BOUND('',#1034,.T.);
#1108=FACE_BOUND('',#1035,.T.);
#1109=FACE_BOUND('',#1036,.T.);
#1110=FACE_BOUND('',#1037,.T.);
#1111=FACE_BOUND('',#1038,.T.);
#1112=FACE_BOUND('',#1039,.T.);
#1113=FACE_BOUND('',#1040,.T.);
#1114=FACE_BOUND('',#1041,.T.);
#1115=FACE_BOUND('',#1042,.T.);
#1116=FACE_BOUND('',#1043,.T.);
#1117=FACE_BOUND('',#1044,.T.);
#1118=FACE_BOUND('',#1045,.T.);
#1119=FACE_BOUND('',#1046,.T.);
#1120=FACE_BOUND('',#1047,.T.);
#1121=FACE_BOUND('',#1048,.T.);
#1122=PLANE('',#1255);
#1123=PLANE('',#1259);
#1124=PLANE('',#1265);
#1125=PLANE('',#1268);
#1126=PLANE('',#1271);
#1127=PLANE('',#1274);
#1128=PLANE('',#1275);
#1129=PLANE('',#1276);
#1130=PLANE('',#1279);
#1131=PLANE('',#1280);
#1132=PLANE('',#1281);
#1133=PLANE('',#1283);
#1134=PLANE('',#1284);
#1135=PLANE('',#1286);
#1136=PLANE('',#1287);
#1137=PLANE('',#1288);
#1138=PLANE('',#1291);
#1139=PLANE('',#1292);
#1140=PLANE('',#1293);
#1141=PLANE('',#1294);
#1142=PLANE('',#1295);
#1143=PLANE('',#1298);
#1144=PLANE('',#1299);
#1145=PLANE('',#1300);
#1146=PLANE('',#1304);
#1147=PLANE('',#1307);
#1148=PLANE('',#1309);
#1149=PLANE('',#1314);
#1150=PLANE('',#1316);
#1151=PLANE('',#1317);
#1152=PLANE('',#1318);
#1153=PLANE('',#1319);
#1154=PLANE('',#1320);
#1155=PLANE('',#1321);
#1156=PLANE('',#1322);
#1157=PLANE('',#1323);
#1158=PLANE('',#1324);
#1159=PLANE('',#1325);
#1160=PLANE('',#1329);
#1161=PLANE('',#1330);
#1162=PLANE('',#1331);
#1163=PLANE('',#1332);
#1164=PLANE('',#1334);
#1165=PLANE('',#1335);
#1166=PLANE('',#1336);
#1167=PLANE('',#1337);
#1168=PLANE('',#1338);
#1169=PLANE('',#1339);
#1170=PLANE('',#1340);
#1171=PLANE('',#1341);
#1172=PLANE('',#1342);
#1173=ADVANCED_FACE('',(#1049),#1122,.T.);
#1174=ADVANCED_FACE('',(#1050),#58,.T.);
#1175=ADVANCED_FACE('',(#1051),#1123,.T.);
#1176=ADVANCED_FACE('',(#1052),#59,.T.);
#1177=ADVANCED_FACE('',(#1053),#31,.T.);
#1178=ADVANCED_FACE('',(#1054),#1124,.T.);
#1179=ADVANCED_FACE('',(#1055),#1125,.T.);
#1180=ADVANCED_FACE('',(#1056),#1126,.T.);
#1181=ADVANCED_FACE('',(#1057),#32,.T.);
#1182=ADVANCED_FACE('',(#1058),#1127,.T.);
#1183=ADVANCED_FACE('',(#1059),#1128,.T.);
#1184=ADVANCED_FACE('',(#1060),#1129,.T.);
#1185=ADVANCED_FACE('',(#1061),#1130,.T.);
#1186=ADVANCED_FACE('',(#1062),#1131,.T.);
#1187=ADVANCED_FACE('',(#1063),#1132,.T.);
#1188=ADVANCED_FACE('',(#1064),#33,.T.);
#1189=ADVANCED_FACE('',(#1065),#1133,.T.);
#1190=ADVANCED_FACE('',(#1066),#1134,.T.);
#1191=ADVANCED_FACE('',(#1067),#34,.F.);
#1192=ADVANCED_FACE('',(#1068),#1135,.T.);
#1193=ADVANCED_FACE('',(#1069),#1136,.F.);
#1194=ADVANCED_FACE('',(#1070),#1137,.T.);
#1195=ADVANCED_FACE('',(#1071),#60,.T.);
#1196=ADVANCED_FACE('',(#1072),#35,.T.);
#1197=ADVANCED_FACE('',(#1073),#12,.T.);
#1198=ADVANCED_FACE('',(#1074),#1138,.T.);
#1199=ADVANCED_FACE('',(#1075),#1139,.T.);
#1200=ADVANCED_FACE('',(#1076),#1140,.T.);
#1201=ADVANCED_FACE('',(#1077),#1141,.F.);
#1202=ADVANCED_FACE('',(#1078,#1079),#1142,.F.);
#1203=ADVANCED_FACE('',(#1080),#36,.T.);
#1204=ADVANCED_FACE('',(#1081),#1143,.F.);
#1205=ADVANCED_FACE('',(#1082),#1144,.T.);
#1206=ADVANCED_FACE('',(#1083),#1145,.T.);
#1207=ADVANCED_FACE('',(#1084),#61,.T.);
#1208=ADVANCED_FACE('',(#1085),#37,.T.);
#1209=ADVANCED_FACE('',(#1086),#1146,.T.);
#1210=ADVANCED_FACE('',(#1087),#38,.T.);
#1211=ADVANCED_FACE('',(#1088),#1147,.T.);
#1212=ADVANCED_FACE('',(#1089),#62,.T.);
#1213=ADVANCED_FACE('',(#1090,#1091),#1148,.T.);
#1214=ADVANCED_FACE('',(#1092,#1093),#63,.T.);
#1215=ADVANCED_FACE('',(#1094),#1149,.F.);
#1216=ADVANCED_FACE('',(#1095,#1096),#39,.T.);
#1217=ADVANCED_FACE('',(#1097),#1150,.F.);
#1218=ADVANCED_FACE('',(#1098),#1151,.F.);
#1219=ADVANCED_FACE('',(#1099),#1152,.T.);
#1220=ADVANCED_FACE('',(#1100),#1153,.T.);
#1221=ADVANCED_FACE('',(#1101),#1154,.T.);
#1222=ADVANCED_FACE('',(#1102),#1155,.T.);
#1223=ADVANCED_FACE('',(#1103),#1156,.T.);
#1224=ADVANCED_FACE('',(#1104),#1157,.T.);
#1225=ADVANCED_FACE('',(#1105),#1158,.T.);
#1226=ADVANCED_FACE('',(#1106),#1159,.T.);
#1227=ADVANCED_FACE('',(#1107),#64,.T.);
#1228=ADVANCED_FACE('',(#1108),#1160,.T.);
#1229=ADVANCED_FACE('',(#1109),#1161,.F.);
#1230=ADVANCED_FACE('',(#1110),#1162,.T.);
#1231=ADVANCED_FACE('',(#1111),#1163,.F.);
#1232=ADVANCED_FACE('',(#1112),#40,.T.);
#1233=ADVANCED_FACE('',(#1113),#1164,.F.);
#1234=ADVANCED_FACE('',(#1114),#1165,.T.);
#1235=ADVANCED_FACE('',(#1115),#1166,.T.);
#1236=ADVANCED_FACE('',(#1116),#1167,.T.);
#1237=ADVANCED_FACE('',(#1117),#1168,.F.);
#1238=ADVANCED_FACE('',(#1118),#1169,.F.);
#1239=ADVANCED_FACE('',(#1119),#1170,.T.);
#1240=ADVANCED_FACE('',(#1120),#1171,.T.);
#1241=ADVANCED_FACE('',(#1121),#1172,.F.);
#1242=CLOSED_SHELL('',(#1173,#1174,#1175,#1176,#1177,#1178,#1179,#1180,
#1181,#1182,#1183,#1184,#1185,#1186,#1187,#1188,#1189,#1190,#1191,#1192,
#1193,#1194,#1195,#1196,#1197,#1198,#1199,#1200,#1201,#1202,#1203,#1204,
#1205,#1206,#1207,#1208,#1209,#1210,#1211,#1212,#1213,#1214,#1215,#1216,
#1217,#1218,#1219,#1220,#1221,#1222,#1223,#1224,#1225,#1226,#1227,#1228,
#1229,#1230,#1231,#1232,#1233,#1234,#1235,#1236,#1237,#1238,#1239,#1240,
#1241));
#1243=STYLED_ITEM('',(#1244),#1251);
#1244=PRESENTATION_STYLE_ASSIGNMENT((#1245));
#1245=SURFACE_STYLE_USAGE(.BOTH.,#1246);
#1246=SURFACE_SIDE_STYLE('',(#1247));
#1247=SURFACE_STYLE_FILL_AREA(#1248);
#1248=FILL_AREA_STYLE('',(#1249));
#1249=FILL_AREA_STYLE_COLOUR('',#1250);
#1250=COLOUR_RGB('',0.768627450980392,0.207843137254902,0.152941176470588);
#1251=MANIFOLD_SOLID_BREP('magnet_jig_top_1x',#1242);
#1252=SHAPE_DEFINITION_REPRESENTATION(#2148,#1253);
#1253=SHAPE_REPRESENTATION('magnet_jig_top_1x',(#1254),#2143);
#1254=AXIS2_PLACEMENT_3D('',#1660,#1343,#1344);
#1255=AXIS2_PLACEMENT_3D('',#1661,#1345,#1346);
#1256=AXIS2_PLACEMENT_3D('',#1670,#1351,#1352);
#1257=AXIS2_PLACEMENT_3D('',#1674,#1354,#1355);
#1258=AXIS2_PLACEMENT_3D('',#1675,#1356,#1357);
#1259=AXIS2_PLACEMENT_3D('',#1676,#1358,#1359);
#1260=AXIS2_PLACEMENT_3D('',#1682,#1363,#1364);
#1261=AXIS2_PLACEMENT_3D('',#1683,#1365,#1366);
#1262=AXIS2_PLACEMENT_3D('',#1687,#1368,#1369);
#1263=AXIS2_PLACEMENT_3D('',#1688,#1370,#1371);
#1264=AXIS2_PLACEMENT_3D('',#1691,#1373,#1374);
#1265=AXIS2_PLACEMENT_3D('',#1692,#1375,#1376);
#1266=AXIS2_PLACEMENT_3D('',#1705,#1383,#1384);
#1267=AXIS2_PLACEMENT_3D('',#1707,#1385,#1386);
#1268=AXIS2_PLACEMENT_3D('',#1716,#1391,#1392);
#1269=AXIS2_PLACEMENT_3D('',#1719,#1394,#1395);
#1270=AXIS2_PLACEMENT_3D('',#1723,#1397,#1398);
#1271=AXIS2_PLACEMENT_3D('',#1726,#1400,#1401);
#1272=AXIS2_PLACEMENT_3D('',#1728,#1403,#1404);
#1273=AXIS2_PLACEMENT_3D('',#1729,#1405,#1406);
#1274=AXIS2_PLACEMENT_3D('',#1732,#1408,#1409);
#1275=AXIS2_PLACEMENT_3D('',#1738,#1413,#1414);
#1276=AXIS2_PLACEMENT_3D('',#1740,#1416,#1417);
#1277=AXIS2_PLACEMENT_3D('',#1766,#1431,#1432);
#1278=AXIS2_PLACEMENT_3D('',#1770,#1434,#1435);
#1279=AXIS2_PLACEMENT_3D('',#1771,#1436,#1437);
#1280=AXIS2_PLACEMENT_3D('',#1785,#1445,#1446);
#1281=AXIS2_PLACEMENT_3D('',#1794,#1451,#1452);
#1282=AXIS2_PLACEMENT_3D('',#1809,#1458,#1459);
#1283=AXIS2_PLACEMENT_3D('',#1822,#1461,#1462);
#1284=AXIS2_PLACEMENT_3D('',#1828,#1466,#1467);
#1285=AXIS2_PLACEMENT_3D('',#1834,#1469,#1470);
#1286=AXIS2_PLACEMENT_3D('',#1844,#1471,#1472);
#1287=AXIS2_PLACEMENT_3D('',#1852,#1477,#1478);
#1288=AXIS2_PLACEMENT_3D('',#1860,#1483,#1484);
#1289=AXIS2_PLACEMENT_3D('',#1862,#1486,#1487);
#1290=AXIS2_PLACEMENT_3D('',#1877,#1488,#1489);
#1291=AXIS2_PLACEMENT_3D('',#1977,#1491,#1492);
#1292=AXIS2_PLACEMENT_3D('',#1980,#1495,#1496);
#1293=AXIS2_PLACEMENT_3D('',#1982,#1498,#1499);
#1294=AXIS2_PLACEMENT_3D('',#1985,#1502,#1503);
#1295=AXIS2_PLACEMENT_3D('',#1986,#1504,#1505);
#1296=AXIS2_PLACEMENT_3D('',#2004,#1512,#1513);
#1297=AXIS2_PLACEMENT_3D('',#2006,#1514,#1515);
#1298=AXIS2_PLACEMENT_3D('',#2014,#1517,#1518);
#1299=AXIS2_PLACEMENT_3D('',#2016,#1520,#1521);
#1300=AXIS2_PLACEMENT_3D('',#2020,#1524,#1525);
#1301=AXIS2_PLACEMENT_3D('',#2022,#1527,#1528);
#1302=AXIS2_PLACEMENT_3D('',#2025,#1530,#1531);
#1303=AXIS2_PLACEMENT_3D('',#2026,#1532,#1533);
#1304=AXIS2_PLACEMENT_3D('',#2028,#1535,#1536);
#1305=AXIS2_PLACEMENT_3D('',#2029,#1537,#1538);
#1306=AXIS2_PLACEMENT_3D('',#2030,#1539,#1540);
#1307=AXIS2_PLACEMENT_3D('',#2033,#1542,#1543);
#1308=AXIS2_PLACEMENT_3D('',#2039,#1547,#1548);
#1309=AXIS2_PLACEMENT_3D('',#2041,#1550,#1551);
#1310=AXIS2_PLACEMENT_3D('',#2051,#1557,#1558);
#1311=AXIS2_PLACEMENT_3D('',#2063,#1564,#1565);
#1312=AXIS2_PLACEMENT_3D('',#2064,#1566,#1567);
#1313=AXIS2_PLACEMENT_3D('',#2066,#1568,#1569);
#1314=AXIS2_PLACEMENT_3D('',#2068,#1570,#1571);
#1315=AXIS2_PLACEMENT_3D('',#2069,#1572,#1573);
#1316=AXIS2_PLACEMENT_3D('',#2070,#1574,#1575);
#1317=AXIS2_PLACEMENT_3D('',#2074,#1579,#1580);
#1318=AXIS2_PLACEMENT_3D('',#2076,#1582,#1583);
#1319=AXIS2_PLACEMENT_3D('',#2078,#1585,#1586);
#1320=AXIS2_PLACEMENT_3D('',#2079,#1587,#1588);
#1321=AXIS2_PLACEMENT_3D('',#2083,#1591,#1592);
#1322=AXIS2_PLACEMENT_3D('',#2084,#1593,#1594);
#1323=AXIS2_PLACEMENT_3D('',#2086,#1596,#1597);
#1324=AXIS2_PLACEMENT_3D('',#2087,#1598,#1599);
#1325=AXIS2_PLACEMENT_3D('',#2089,#1601,#1602);
#1326=AXIS2_PLACEMENT_3D('',#2093,#1605,#1606);
#1327=AXIS2_PLACEMENT_3D('',#2097,#1608,#1609);
#1328=AXIS2_PLACEMENT_3D('',#2101,#1611,#1612);
#1329=AXIS2_PLACEMENT_3D('',#2102,#1613,#1614);
#1330=AXIS2_PLACEMENT_3D('',#2108,#1618,#1619);
#1331=AXIS2_PLACEMENT_3D('',#2112,#1622,#1623);
#1332=AXIS2_PLACEMENT_3D('',#2116,#1626,#1627);
#1333=AXIS2_PLACEMENT_3D('',#2121,#1631,#1632);
#1334=AXIS2_PLACEMENT_3D('',#2125,#1635,#1636);
#1335=AXIS2_PLACEMENT_3D('',#2127,#1638,#1639);
#1336=AXIS2_PLACEMENT_3D('',#2129,#1641,#1642);
#1337=AXIS2_PLACEMENT_3D('',#2131,#1644,#1645);
#1338=AXIS2_PLACEMENT_3D('',#2132,#1646,#1647);
#1339=AXIS2_PLACEMENT_3D('',#2134,#1649,#1650);
#1340=AXIS2_PLACEMENT_3D('',#2135,#1651,#1652);
#1341=AXIS2_PLACEMENT_3D('',#2139,#1655,#1656);
#1342=AXIS2_PLACEMENT_3D('',#2141,#1658,#1659);
#1343=DIRECTION('',(0.,0.,1.));
#1344=DIRECTION('',(1.,0.,0.));
#1345=DIRECTION('',(0.,-0.707106781186549,-0.707106781186546));
#1346=DIRECTION('',(-1.,0.,0.));
#1347=DIRECTION('',(0.,0.707106781186546,-0.707106781186549));
#1348=DIRECTION('',(-1.,0.,0.));
#1349=DIRECTION('',(0.,0.707106781186546,-0.707106781186549));
#1350=DIRECTION('',(-1.,0.,0.));
#1351=DIRECTION('',(0.,0.,1.));
#1352=DIRECTION('',(0.707106781186547,-0.707106781186548,0.));
#1353=DIRECTION('',(0.707106781186546,-3.17943722883464E-15,0.707106781186549));
#1354=DIRECTION('',(0.,0.,1.));
#1355=DIRECTION('',(1.,0.,0.));
#1356=DIRECTION('',(0.,0.,1.));
#1357=DIRECTION('',(1.,0.,0.));
#1358=DIRECTION('',(0.,-1.,0.));
#1359=DIRECTION('',(1.,0.,0.));
#1360=DIRECTION('',(0.,0.,1.));
#1361=DIRECTION('',(0.,0.,1.));
#1362=DIRECTION('',(1.,0.,0.));
#1363=DIRECTION('',(0.,0.,1.));
#1364=DIRECTION('',(-0.707106781186549,-0.707106781186546,0.));
#1365=DIRECTION('',(0.,0.,1.));
#1366=DIRECTION('',(1.,0.,0.));
#1367=DIRECTION('',(-0.707106781186547,0.,0.707106781186548));
#1368=DIRECTION('',(0.,0.,1.));
#1369=DIRECTION('',(1.,0.,0.));
#1370=DIRECTION('',(0.,0.,1.));
#1371=DIRECTION('',(0.707106781186547,-0.707106781186548,0.));
#1372=DIRECTION('',(0.,0.,1.));
#1373=DIRECTION('',(0.,0.,1.));
#1374=DIRECTION('',(1.,0.,0.));
#1375=DIRECTION('',(1.,0.,0.));
#1376=DIRECTION('',(0.,1.,0.));
#1377=DIRECTION('',(0.,1.,0.));
#1378=DIRECTION('',(0.,0.,1.));
#1379=DIRECTION('',(0.,1.,0.));
#1380=DIRECTION('',(0.,0.,-1.));
#1381=DIRECTION('',(-1.71680612627412E-15,0.952246726541461,0.305329611716702));
#1382=DIRECTION('',(0.,-1.,0.));
#1383=DIRECTION('',(1.,0.,0.));
#1384=DIRECTION('',(0.,-0.317890297981848,-0.948127501156364));
#1385=DIRECTION('',(1.,0.,0.));
#1386=DIRECTION('',(0.,0.826961608095514,-0.562258391432339));
#1387=DIRECTION('',(6.97062835384676E-16,0.894427190999917,-0.447213595499957));
#1388=DIRECTION('',(0.,0.,1.));
#1389=DIRECTION('',(9.25491790234838E-14,0.813815401464233,-0.581123474263094));
#1390=DIRECTION('',(0.,1.,0.));
#1391=DIRECTION('',(0.,0.,-1.));
#1392=DIRECTION('',(-1.,0.,0.));
#1393=DIRECTION('',(0.,1.,0.));
#1394=DIRECTION('',(0.,0.,1.));
#1395=DIRECTION('',(1.,0.,0.));
#1396=DIRECTION('',(-1.,0.,0.));
#1397=DIRECTION('',(0.,0.,1.));
#1398=DIRECTION('',(1.,0.,0.));
#1399=DIRECTION('',(0.,1.,0.));
#1400=DIRECTION('',(0.707106781186548,0.,-0.707106781186547));
#1401=DIRECTION('',(-0.707106781186547,0.,-0.707106781186548));
#1402=DIRECTION('',(-0.707106781186547,0.,-0.707106781186548));
#1403=DIRECTION('',(0.,0.,1.));
#1404=DIRECTION('',(-0.707106781186549,-0.707106781186546,0.));
#1405=DIRECTION('',(0.,0.,1.));
#1406=DIRECTION('',(1.,0.,0.));
#1407=DIRECTION('',(0.,0.,1.));
#1408=DIRECTION('',(-1.,0.,0.));
#1409=DIRECTION('',(0.,-1.,0.));
#1410=DIRECTION('',(0.,-1.,0.));
#1411=DIRECTION('',(0.,0.,1.));
#1412=DIRECTION('',(0.,1.,0.));
#1413=DIRECTION('',(-0.707106781186548,0.,-0.707106781186547));
#1414=DIRECTION('',(-0.707106781186547,0.,0.707106781186548));
#1415=DIRECTION('',(-0.707106781186547,0.,0.707106781186548));
#1416=DIRECTION('',(0.,1.04150064599952E-16,1.));
#1417=DIRECTION('',(1.,0.,0.));
#1418=DIRECTION('',(0.714072839144581,0.700071410926055,2.47743783524304E-15));
#1419=DIRECTION('',(5.20750322999759E-17,1.,-5.20750322999759E-17));
#1420=DIRECTION('',(0.707106781186553,0.707106781186542,3.20983477978486E-15));
#1421=DIRECTION('',(0.,-1.,1.04150064599952E-16));
#1422=DIRECTION('',(-1.,0.,0.));
#1423=DIRECTION('',(0.,-1.,1.04150064599952E-16));
#1424=DIRECTION('',(0.707106781186543,-0.707106781186552,3.20983477978478E-15));
#1425=DIRECTION('',(-5.20750322999759E-17,1.,-5.20750322999759E-17));
#1426=DIRECTION('',(-0.707106781186549,-0.707106781186546,5.34972463297473E-16));
#1427=DIRECTION('',(1.,0.,0.));
#1428=DIRECTION('',(-0.707106781186547,0.707106781186548,-1.06994492659494E-15));
#1429=DIRECTION('',(5.20750322999759E-17,1.,-5.20750322999759E-17));
#1430=DIRECTION('',(1.,3.6977854932235E-31,-2.89120579329468E-16));
#1431=DIRECTION('',(0.,0.,1.));
#1432=DIRECTION('',(1.,0.,0.));
#1433=DIRECTION('',(-1.,0.,0.));
#1434=DIRECTION('',(0.,0.,1.));
#1435=DIRECTION('',(1.,0.,0.));
#1436=DIRECTION('',(0.,0.707106781186543,0.707106781186552));
#1437=DIRECTION('',(0.,-0.707106781186552,0.707106781186543));
#1438=DIRECTION('',(0.,-0.707106781186552,0.707106781186543));
#1439=DIRECTION('',(-1.,6.12323399573677E-17,-6.12323399573669E-17));
#1440=DIRECTION('',(0.18249833305501,-0.695231744971472,0.695231744971463));
#1441=DIRECTION('',(1.,0.,0.));
#1442=DIRECTION('',(-0.182498333055009,-0.695231744971472,0.695231744971463));
#1443=DIRECTION('',(-1.,6.12323399573677E-17,-6.12323399573669E-17));
#1444=DIRECTION('',(0.,-0.707106781186552,0.707106781186543));
#1445=DIRECTION('',(-1.,0.,0.));
#1446=DIRECTION('',(0.,0.,1.));
#1447=DIRECTION('',(5.20750322999759E-17,1.,-5.20750322999759E-17));
#1448=DIRECTION('',(0.,0.,1.));
#1449=DIRECTION('',(0.,-0.952246726541462,-0.305329611716698));
#1450=DIRECTION('',(0.,0.,1.));
#1451=DIRECTION('',(-1.,0.,0.));
#1452=DIRECTION('',(0.,0.,1.));
#1453=DIRECTION('',(0.,-0.952246726541462,0.305329611716699));
#1454=DIRECTION('',(0.,0.,-1.));
#1455=DIRECTION('',(0.,-0.816496580927733,0.577350269189615));
#1456=DIRECTION('',(5.20750322999759E-17,1.,-5.20750322999759E-17));
#1457=DIRECTION('',(0.,0.,1.));
#1458=DIRECTION('',(0.,0.894427190999916,-0.447213595499957));
#1459=DIRECTION('',(0.,0.447213595499957,0.894427190999916));
#1460=DIRECTION('',(-1.22497210042335E-14,-0.894427190999914,0.447213595499963));
#1461=DIRECTION('',(0.38725223632276,0.921973809532039,0.));
#1462=DIRECTION('',(0.,0.,1.));
#1463=DIRECTION('',(0.,0.,1.));
#1464=DIRECTION('',(0.677842084726073,-0.284710759101817,0.677842084726139));
#1465=DIRECTION('',(0.886422672831551,-0.372319862920527,-0.275014117392197));
#1466=DIRECTION('',(0.42189639441216,0.405463545187978,0.810927090375957));
#1467=DIRECTION('',(0.887120819659277,-3.88578058618804E-16,-0.461537269705333));
#1468=DIRECTION('',(0.579070841048024,0.56771651083014,-0.585128126463586));
#1469=DIRECTION('',(0.282214108218554,0.793346814590547,-0.53940340089903));
#1470=DIRECTION('',(0.,0.562258391432339,0.826961608095514));
#1471=DIRECTION('',(0.707106781186546,-0.70710678118655,0.));
#1472=DIRECTION('',(0.,0.,-1.));
#1473=DIRECTION('',(-0.577350269189633,-0.57735026918963,-0.577350269189615));
#1474=DIRECTION('',(0.,0.,-1.));
#1475=DIRECTION('',(0.705148200827551,0.705148200827551,-0.0743776158486938));
#1476=DIRECTION('',(-0.531900423082056,-0.531900423082085,0.658911131982325));
#1477=DIRECTION('',(-0.375995787789819,0.282924943806359,-0.882372168496085));
#1478=DIRECTION('',(-0.919959839663711,0.,0.392012618937093));
#1479=DIRECTION('',(1.71882280087002E-16,-0.952246726541461,-0.3053296117167));
#1480=DIRECTION('',(0.919959839663712,0.,-0.392012618937091));
#1481=DIRECTION('',(2.4980018054066E-16,0.952246726541462,0.3053296117167));
#1482=DIRECTION('',(-0.601261569813291,-0.799052266541843,0.));
#1483=DIRECTION('',(0.829456384564558,-0.170548415246021,0.53189787004853));
#1484=DIRECTION('',(0.539806413223567,1.11022302462516E-16,-0.841789187530173));
#1485=DIRECTION('',(0.201401394586819,0.979508794375265,-1.88521297768542E-15));
#1486=DIRECTION('',(-0.965959097244847,-0.0822365811301543,-0.245275696256159));
#1487=DIRECTION('',(-0.246109308866471,0.,0.969242079198622));
#1488=DIRECTION('',(-0.89792072272698,-2.75689231377089E-16,-0.440157217023028));
#1489=DIRECTION('',(-0.440157217023028,-1.23259516440783E-32,0.89792072272698));
#1490=DIRECTION('',(0.,-0.952246726541462,0.305329611716699));
#1491=DIRECTION('',(2.0443912222445E-16,-0.707106781186547,0.707106781186548));
#1492=DIRECTION('',(1.,3.6977854932235E-31,-2.89120579329468E-16));
#1493=DIRECTION('',(0.577350269189627,0.577350269189627,0.577350269189624));
#1494=DIRECTION('',(1.,3.6977854932235E-31,-2.89120579329468E-16));
#1495=DIRECTION('',(-0.707106781186548,7.36452169396429E-17,0.707106781186548));
#1496=DIRECTION('',(0.707106781186548,0.,0.707106781186548));
#1497=DIRECTION('',(0.678598344545848,0.281084637714822,0.678598344545846));
#1498=DIRECTION('',(-0.495025241980651,0.504925746820264,0.707106781186545));
#1499=DIRECTION('',(0.819204436287486,-8.32667268468867E-17,0.57350160554867));
#1500=DIRECTION('',(-0.714072839144577,-0.700071410926059,7.67307528265053E-16));
#1501=DIRECTION('',(0.677842084726127,-0.284710759101773,0.677842084726104));
#1502=DIRECTION('',(0.700071410926057,-0.714072839144578,0.));
#1503=DIRECTION('',(0.714072839144578,0.700071410926057,0.));
#1504=DIRECTION('',(0.,0.,-1.));
#1505=DIRECTION('',(-1.,0.,0.));
#1506=DIRECTION('',(-0.12295374891931,0.992412401991575,0.));
#1507=DIRECTION('',(1.,0.,0.));
#1508=DIRECTION('',(0.12295374891931,0.992412401991575,-4.04418891900663E-16));
#1509=DIRECTION('',(0.,1.,0.));
#1510=DIRECTION('',(0.12295374891931,-0.992412401991575,0.));
#1511=DIRECTION('',(-0.122953748919424,-0.992412401991561,-2.98463312039729E-13));
#1512=DIRECTION('',(0.,0.,-1.));
#1513=DIRECTION('',(-1.,0.,0.));
#1514=DIRECTION('',(2.4980018054066E-16,0.952246726541462,0.3053296117167));
#1515=DIRECTION('',(-0.389351084687144,-0.281235877155597,0.877104391879021));
#1516=DIRECTION('',(2.4980018054066E-16,0.952246726541462,0.3053296117167));
#1517=DIRECTION('',(-2.89120579329468E-16,1.,0.));
#1518=DIRECTION('',(-1.,-2.89120579329468E-16,0.));
#1519=DIRECTION('',(-0.360423765128485,0.,-0.932788673564708));
#1520=DIRECTION('',(-0.5,-0.5,0.707106781186547));
#1521=DIRECTION('',(0.816496580927725,-2.4980018054066E-16,0.577350269189628));
#1522=DIRECTION('',(-0.28108463771482,-0.678598344545846,-0.678598344545849));
#1523=DIRECTION('',(0.707106781186546,-0.70710678118655,5.95864888166061E-16));
#1524=DIRECTION('',(-0.499999999999991,0.499999999999994,0.707106781186558));
#1525=DIRECTION('',(0.816496580927735,0.,0.577350269189613));
#1526=DIRECTION('',(-0.678598344545811,0.2810846377149,-0.67859834454585));
#1527=DIRECTION('',(0.,0.,1.));
#1528=DIRECTION('',(0.707106781186548,0.707106781186548,0.));
#1529=DIRECTION('',(-2.74766180269661E-16,0.707106781186547,0.707106781186548));
#1530=DIRECTION('',(0.,0.,1.));
#1531=DIRECTION('',(1.,0.,0.));
#1532=DIRECTION('',(0.,0.,1.));
#1533=DIRECTION('',(0.707106781186548,0.707106781186548,0.));
#1534=DIRECTION('',(0.,0.,1.));
#1535=DIRECTION('',(-0.707106781186548,7.36452169396429E-17,0.707106781186548));
#1536=DIRECTION('',(0.707106781186548,0.,0.707106781186548));
#1537=DIRECTION('',(0.,0.,1.));
#1538=DIRECTION('',(-0.707106781186547,0.707106781186548,0.));
#1539=DIRECTION('',(0.,0.,1.));
#1540=DIRECTION('',(1.,0.,0.));
#1541=DIRECTION('',(0.,0.,1.));
#1542=DIRECTION('',(0.5,-0.5,0.707106781186547));
#1543=DIRECTION('',(0.816496580927726,0.,-0.577350269189626));
#1544=DIRECTION('',(0.678598344545853,-0.28108463771481,-0.678598344545846));
#1545=DIRECTION('',(0.70710678118655,0.707106781186545,-1.19172977633213E-15));
#1546=DIRECTION('',(-0.281084637714818,0.678598344545848,0.678598344545847));
#1547=DIRECTION('',(0.,0.,1.));
#1548=DIRECTION('',(-0.707106781186547,0.707106781186548,0.));
#1549=DIRECTION('',(0.,0.707106781186547,0.707106781186548));
#1550=DIRECTION('',(0.,-0.707106781186544,0.707106781186551));
#1551=DIRECTION('',(0.,-0.707106781186551,-0.707106781186544));
#1552=DIRECTION('',(-0.18249833305501,0.695231744971471,0.695231744971464));
#1553=DIRECTION('',(0.18249833305501,0.695231744971471,0.695231744971464));
#1554=DIRECTION('',(0.577350269189627,-0.577350269189629,-0.577350269189622));
#1555=DIRECTION('',(1.,0.,0.));
#1556=DIRECTION('',(0.577350269189629,0.577350269189627,0.577350269189621));
#1557=DIRECTION('',(0.,-0.707106781186544,0.707106781186551));
#1558=DIRECTION('',(0.,0.707106781186551,0.707106781186544));
#1559=DIRECTION('',(7.88037725200709E-17,0.707106781186551,0.707106781186544));
#1560=DIRECTION('',(0.577350269189621,0.577350269189631,0.577350269189625));
#1561=DIRECTION('',(1.,0.,0.));
#1562=DIRECTION('',(0.57735026918962,-0.577350269189631,-0.577350269189626));
#1563=DIRECTION('',(-7.88037725200709E-17,-0.707106781186551,-0.707106781186544));
#1564=DIRECTION('',(0.,0.,-1.));
#1565=DIRECTION('',(-1.,-4.42171830020836E-75,0.));
#1566=DIRECTION('',(0.,0.,-1.));
#1567=DIRECTION('',(-1.,0.,0.));
#1568=DIRECTION('',(0.,0.,-1.));
#1569=DIRECTION('',(-1.,0.,0.));
#1570=DIRECTION('',(0.,0.,-1.));
#1571=DIRECTION('',(-1.,-4.42171830020836E-75,0.));
#1572=DIRECTION('',(0.,0.,-1.));
#1573=DIRECTION('',(-1.,-4.42171830020836E-75,0.));
#1574=DIRECTION('',(0.,1.,0.));
#1575=DIRECTION('',(0.,0.,1.));
#1576=DIRECTION('',(1.,0.,0.));
#1577=DIRECTION('',(0.,0.,-1.));
#1578=DIRECTION('',(0.,0.,1.));
#1579=DIRECTION('',(0.707106781186549,0.707106781186546,0.));
#1580=DIRECTION('',(0.,0.,1.));
#1581=DIRECTION('',(-0.374212656490253,0.374212656490493,-0.848486756198843));
#1582=DIRECTION('',(0.,1.,0.));
#1583=DIRECTION('',(-1.,0.,0.));
#1584=DIRECTION('',(-1.,0.,0.));
#1585=DIRECTION('',(0.,-0.70710678118655,0.707106781186546));
#1586=DIRECTION('',(1.,0.,0.));
#1587=DIRECTION('',(0.707106781186546,-0.707106781186549,0.));
#1588=DIRECTION('',(0.,0.,-1.));
#1589=DIRECTION('',(0.,0.,-1.));
#1590=DIRECTION('',(0.374212656490499,0.374212656490487,-0.848486756198738));
#1591=DIRECTION('',(0.,0.707106781186548,-0.707106781186547));
#1592=DIRECTION('',(-1.,0.,0.));
#1593=DIRECTION('',(0.926621372279052,-0.11480264789298,0.358040758116234));
#1594=DIRECTION('',(0.360423765128489,-2.08166817117217E-17,-0.932788673564706));
#1595=DIRECTION('',(-2.65070219706446E-16,-0.952246726541462,-0.305329611716699));
#1596=DIRECTION('',(-0.926621372279052,-0.11480264789298,0.358040758116234));
#1597=DIRECTION('',(-0.360423765128489,-2.08166817117217E-17,-0.932788673564706));
#1598=DIRECTION('',(-0.926621372279052,0.11480264789298,0.358040758116234));
#1599=DIRECTION('',(-0.360423765128489,2.08166817117217E-17,-0.932788673564706));
#1600=DIRECTION('',(-0.360423765128489,2.20695905150621E-17,-0.932788673564706));
#1601=DIRECTION('',(0.926621372279052,0.11480264789298,0.358040758116234));
#1602=DIRECTION('',(0.360423765128489,2.08166817117217E-17,-0.932788673564706));
#1603=DIRECTION('',(-0.360423765128489,2.20695905150621E-17,0.932788673564706));
#1604=DIRECTION('',(0.,0.952246726541462,-0.305329611716699));
#1605=DIRECTION('',(0.,-8.67361737988442E-16,-1.));
#1606=DIRECTION('',(0.,-1.,8.67361737988442E-16));
#1607=DIRECTION('',(0.707106781186547,-4.83423958238053E-16,-0.707106781186548));
#1608=DIRECTION('',(0.,-8.67361737988442E-16,-1.));
#1609=DIRECTION('',(0.,1.,-8.67361737988442E-16));
#1610=DIRECTION('',(0.707106781186547,0.,0.707106781186548));
#1611=DIRECTION('',(0.,-8.67361737988442E-16,-1.));
#1612=DIRECTION('',(0.,1.,-8.67361737988442E-16));
#1613=DIRECTION('',(0.707106781186548,4.98678606547517E-16,0.707106781186547));
#1614=DIRECTION('',(0.707106781186547,0.,-0.707106781186548));
#1615=DIRECTION('',(-0.577350269189622,0.577350269189633,0.577350269189623));
#1616=DIRECTION('',(-3.52619024322408E-16,1.,-3.52619024322408E-16));
#1617=DIRECTION('',(-3.52619024322408E-16,1.,-3.52619024322408E-16));
#1618=DIRECTION('',(0.,-8.67361737988443E-16,-1.));
#1619=DIRECTION('',(0.,1.,-8.67361737988443E-16));
#1620=DIRECTION('',(1.,0.,0.));
#1621=DIRECTION('',(5.14742713666035E-16,1.,-5.14742713666034E-16));
#1622=DIRECTION('',(-0.707106781186548,7.27956126799237E-16,0.707106781186547));
#1623=DIRECTION('',(0.707106781186547,0.,0.707106781186548));
#1624=DIRECTION('',(-0.577350269189623,-0.577350269189633,-0.577350269189621));
#1625=DIRECTION('',(5.14742713666035E-16,1.,-5.14742713666034E-16));
#1626=DIRECTION('',(1.,-1.62123689343627E-16,1.40619884958187E-31));
#1627=DIRECTION('',(1.62123689343627E-16,1.,0.));
#1628=DIRECTION('',(0.,-4.74115816733714E-15,1.));
#1629=DIRECTION('',(0.,-4.74115816733714E-15,1.));
#1630=DIRECTION('',(-1.40619884958187E-31,2.27978145444977E-47,1.));
#1631=DIRECTION('',(0.,8.67361737988443E-16,1.));
#1632=DIRECTION('',(0.,-1.,8.67361737988443E-16));
#1633=DIRECTION('',(0.,-4.74115816733714E-15,1.));
#1634=DIRECTION('',(0.,8.67361737988443E-16,1.));
#1635=DIRECTION('',(-1.,1.62123689343627E-16,-1.40619884958187E-31));
#1636=DIRECTION('',(-1.62123689343627E-16,-1.,0.));
#1637=DIRECTION('',(0.,-4.74115816733714E-15,1.));
#1638=DIRECTION('',(0.707106781186556,0.707106781186539,3.35250509080204E-15));
#1639=DIRECTION('',(-0.707106781186539,0.707106781186556,0.));
#1640=DIRECTION('',(0.,-4.74115816733714E-15,1.));
#1641=DIRECTION('',(0.,1.,4.74115816733714E-15));
#1642=DIRECTION('',(0.,-4.74115816733714E-15,1.));
#1643=DIRECTION('',(0.,-4.74115816733714E-15,1.));
#1644=DIRECTION('',(-0.707106781186555,0.70710678118654,3.35250509080204E-15));
#1645=DIRECTION('',(-0.70710678118654,-0.707106781186555,0.));
#1646=DIRECTION('',(6.12323399573677E-17,1.,0.));
#1647=DIRECTION('',(-1.,6.12323399573677E-17,0.));
#1648=DIRECTION('',(0.,0.,-1.));
#1649=DIRECTION('',(6.12323399573677E-17,1.,0.));
#1650=DIRECTION('',(-1.,6.12323399573677E-17,0.));
#1651=DIRECTION('',(0.5,0.5,0.707106781186551));
#1652=DIRECTION('',(0.816496580927728,2.77555756156289E-17,-0.577350269189623));
#1653=DIRECTION('',(0.,-0.816496580927727,0.577350269189624));
#1654=DIRECTION('',(-0.678598344545881,-0.281084637714773,0.678598344545833));
#1655=DIRECTION('',(0.707106781186548,7.36452169396429E-17,0.707106781186548));
#1656=DIRECTION('',(0.707106781186548,0.,-0.707106781186548));
#1657=DIRECTION('',(-5.20750322999759E-17,1.,-5.20750322999759E-17));
#1658=DIRECTION('',(-1.,0.,0.));
#1659=DIRECTION('',(0.,0.,1.));
#1660=CARTESIAN_POINT('',(0.,0.,0.));
#1661=CARTESIAN_POINT('',(-0.0033,-0.031725,0.0005));
#1662=CARTESIAN_POINT('',(0.0036,-0.031725,0.0005));
#1663=CARTESIAN_POINT('',(0.0036,-0.031225,0.));
#1664=CARTESIAN_POINT('',(0.0036,-0.032225,0.001));
#1665=CARTESIAN_POINT('',(-0.0033,-0.032225,0.001));
#1666=CARTESIAN_POINT('',(-0.0036,-0.032225,0.001));
#1667=CARTESIAN_POINT('',(-0.0036,-0.031725,0.0005));
#1668=CARTESIAN_POINT('',(-0.0036,-0.031225,0.));
#1669=CARTESIAN_POINT('',(-0.0033,-0.031225,0.));
#1670=CARTESIAN_POINT('',(0.0036,-0.029225,0.0005));
#1671=CARTESIAN_POINT('',(0.0061,-0.029225,0.0005));
#1672=CARTESIAN_POINT('',(0.0056,-0.029225,0.));
#1673=CARTESIAN_POINT('',(0.0066,-0.029225,0.001));
#1674=CARTESIAN_POINT('',(0.0036,-0.029225,0.001));
#1675=CARTESIAN_POINT('',(0.0036,-0.029225,0.));
#1676=CARTESIAN_POINT('',(-0.0066,-0.032225,0.));
#1677=CARTESIAN_POINT('',(-0.0036,-0.032225,0.));
#1678=CARTESIAN_POINT('',(-0.0036,-0.032225,0.014));
#1679=CARTESIAN_POINT('',(0.0036,-0.032225,0.));
#1680=CARTESIAN_POINT('',(0.0036,-0.032225,0.014));
#1681=CARTESIAN_POINT('',(-0.0066,-0.032225,0.014));
#1682=CARTESIAN_POINT('',(-0.0036,-0.029225,0.0005));
#1683=CARTESIAN_POINT('',(-0.0036,-0.029225,0.001));
#1684=CARTESIAN_POINT('',(-0.0066,-0.029225,0.001));
#1685=CARTESIAN_POINT('',(-0.0061,-0.029225,0.0005));
#1686=CARTESIAN_POINT('',(-0.0056,-0.029225,0.));
#1687=CARTESIAN_POINT('',(-0.0036,-0.029225,0.));
#1688=CARTESIAN_POINT('',(0.0036,-0.029225,0.));
#1689=CARTESIAN_POINT('',(0.0066,-0.029225,0.));
#1690=CARTESIAN_POINT('',(0.0066,-0.029225,0.014));
#1691=CARTESIAN_POINT('',(0.0036,-0.029225,0.014));
#1692=CARTESIAN_POINT('',(0.0066,-0.029225,0.));
#1693=CARTESIAN_POINT('',(0.0066,-0.0138625,0.001));
#1694=CARTESIAN_POINT('',(0.0066,0.029225,0.001));
#1695=CARTESIAN_POINT('',(0.0066,0.029225,0.));
#1696=CARTESIAN_POINT('',(0.0066,0.029225,0.014));
#1697=CARTESIAN_POINT('',(0.0066,-0.029225,0.014));
#1698=CARTESIAN_POINT('',(0.0066,0.015775,0.014));
#1699=CARTESIAN_POINT('',(0.0066,0.015775,0.0245272266053316));
#1700=CARTESIAN_POINT('',(0.0066,0.015775,0.0056223874184882));
#1701=CARTESIAN_POINT('',(0.0066,0.00759642923859,0.003));
#1702=CARTESIAN_POINT('',(0.0066,0.00759642923859006,0.003));
#1703=CARTESIAN_POINT('',(0.0066,0.024875,0.003));
#1704=CARTESIAN_POINT('',(0.00659995613283156,-0.00076256216218417,0.00299999882690616));
#1705=CARTESIAN_POINT('',(0.0066,-0.0052820753225501,0.0001435499063819));
#1706=CARTESIAN_POINT('',(0.00659999999994107,-0.00184291103871294,0.00440389921400645));
#1707=CARTESIAN_POINT('',(0.0066,-0.0645060514989828,0.121011798612201));
#1708=CARTESIAN_POINT('',(0.00659999992442084,-0.0121913134478441,0.00946461749617082));
#1709=CARTESIAN_POINT('',(0.0066,-0.0133042574222406,0.0100210894440479));
#1710=CARTESIAN_POINT('',(0.0066,-0.0133042574222406,0.0100210894440479));
#1711=CARTESIAN_POINT('',(0.0066,-0.0133042574222406,0.00525));
#1712=CARTESIAN_POINT('',(0.0066,-0.0133042574222406,0.0138856291356578));
#1713=CARTESIAN_POINT('',(0.0066,-0.0134644243661047,0.014));
#1714=CARTESIAN_POINT('',(0.0066,-0.0134644243661047,0.014));
#1715=CARTESIAN_POINT('',(0.0066,-0.032225,0.014));
#1716=CARTESIAN_POINT('',(1.05365199478995E-17,0.0015,0.));
#1717=CARTESIAN_POINT('',(-0.0056,0.0168625,0.));
#1718=CARTESIAN_POINT('',(-0.0056,0.029225,0.));
#1719=CARTESIAN_POINT('',(-0.0036,0.029225,0.));
#1720=CARTESIAN_POINT('',(-0.0036,0.031225,0.));
#1721=CARTESIAN_POINT('',(0.0033,0.031225,0.));
#1722=CARTESIAN_POINT('',(0.0036,0.031225,0.));
#1723=CARTESIAN_POINT('',(0.0036,0.029225,0.));
#1724=CARTESIAN_POINT('',(0.0056,0.029225,0.));
#1725=CARTESIAN_POINT('',(0.0056,-0.0138625,0.));
#1726=CARTESIAN_POINT('',(0.0061,-0.0138625,0.0005));
#1727=CARTESIAN_POINT('',(0.0061,0.029225,0.0005));
#1728=CARTESIAN_POINT('',(-0.0036,-0.029225,0.));
#1729=CARTESIAN_POINT('',(-0.0036,-0.029225,0.014));
#1730=CARTESIAN_POINT('',(-0.0066,-0.029225,0.014));
#1731=CARTESIAN_POINT('',(-0.0066,-0.029225,0.));
#1732=CARTESIAN_POINT('',(-0.0066,0.032225,0.));
#1733=CARTESIAN_POINT('',(-0.0066,0.032225,0.014));
#1734=CARTESIAN_POINT('',(-0.0066,0.029225,0.014));
#1735=CARTESIAN_POINT('',(-0.0066,0.029225,0.));
#1736=CARTESIAN_POINT('',(-0.0066,0.029225,0.001));
#1737=CARTESIAN_POINT('',(-0.0066,0.0168625,0.001));
#1738=CARTESIAN_POINT('',(-0.0061,0.0168625,0.0005));
#1739=CARTESIAN_POINT('',(-0.0061,0.029225,0.0005));
#1740=CARTESIAN_POINT('',(9.98140843558686E-18,0.0015,0.014));
#1741=CARTESIAN_POINT('',(0.0051,-0.0149350126013988,0.014));
#1742=CARTESIAN_POINT('',(0.0051,-0.0149350126013988,0.014));
#1743=CARTESIAN_POINT('',(0.0051,-0.0123125,0.014));
#1744=CARTESIAN_POINT('',(0.0051,-0.0284321067811866,0.014));
#1745=CARTESIAN_POINT('',(0.00280710678118653,-0.030725,0.014));
#1746=CARTESIAN_POINT('',(0.0047,-0.0288321067811865,0.014));
#1747=CARTESIAN_POINT('',(0.0047,0.0015,0.014));
#1748=CARTESIAN_POINT('',(0.0047,-0.0313664213562376,0.014));
#1749=CARTESIAN_POINT('',(9.98140843558686E-18,-0.0313664213562376,0.014));
#1750=CARTESIAN_POINT('',(-0.0047,-0.0313664213562376,0.014));
#1751=CARTESIAN_POINT('',(-0.0047,0.0015,0.014));
#1752=CARTESIAN_POINT('',(-0.0047,-0.0288321067811865,0.014));
#1753=CARTESIAN_POINT('',(-0.0051,-0.0284321067811865,0.014));
#1754=CARTESIAN_POINT('',(-0.0051,-0.0284321067811865,0.014));
#1755=CARTESIAN_POINT('',(-0.0051,-0.0093125,0.014));
#1756=CARTESIAN_POINT('',(-0.0051,0.0284321067811866,0.014));
#1757=CARTESIAN_POINT('',(-0.00280710678118654,0.030725,0.014));
#1758=CARTESIAN_POINT('',(-0.00280710678118655,0.030725,0.014));
#1759=CARTESIAN_POINT('',(4.70784906861735E-18,0.030725,0.014));
#1760=CARTESIAN_POINT('',(0.00280710678118656,0.030725,0.014));
#1761=CARTESIAN_POINT('',(0.0051,0.0284321067811866,0.014));
#1762=CARTESIAN_POINT('',(0.0051,0.0284321067811866,0.014));
#1763=CARTESIAN_POINT('',(0.0051,-0.0093125,0.014));
#1764=CARTESIAN_POINT('',(0.0051,0.015775,0.014));
#1765=CARTESIAN_POINT('',(4.07539780133416E-18,0.015775,0.014));
#1766=CARTESIAN_POINT('',(0.0036,0.029225,0.014));
#1767=CARTESIAN_POINT('',(0.0036,0.032225,0.014));
#1768=CARTESIAN_POINT('',(0.0066,0.032225,0.014));
#1769=CARTESIAN_POINT('',(-0.0036,0.032225,0.014));
#1770=CARTESIAN_POINT('',(-0.0036,0.029225,0.014));
#1771=CARTESIAN_POINT('',(0.023901,-0.0202957106781187,0.0029292893218813));
#1772=CARTESIAN_POINT('',(0.0047,-0.0202957106781187,0.0029292893218813));
#1773=CARTESIAN_POINT('',(0.0047,-0.0282664213562373,0.0108999999999998));
#1774=CARTESIAN_POINT('',(0.023901,-0.0282664213562373,0.0108999999999998));
#1775=CARTESIAN_POINT('',(0.00466414771404073,-0.0282664213562373,0.0108999999999998));
#1776=CARTESIAN_POINT('',(0.00259039771404076,-0.0203664213562373,0.003));
#1777=CARTESIAN_POINT('',(0.00259039771404076,-0.0203664213562374,0.003));
#1778=CARTESIAN_POINT('',(0.023901,-0.0203664213562374,0.003));
#1779=CARTESIAN_POINT('',(-0.00259039771404076,-0.0203664213562373,0.003));
#1780=CARTESIAN_POINT('',(-0.00259039771404076,-0.0203664213562374,0.003));
#1781=CARTESIAN_POINT('',(-0.00466414771404072,-0.0282664213562373,0.0108999999999998));
#1782=CARTESIAN_POINT('',(0.023901,-0.0282664213562373,0.0108999999999998));
#1783=CARTESIAN_POINT('',(-0.0047,-0.0282664213562373,0.0108999999999998));
#1784=CARTESIAN_POINT('',(-0.0047,-0.0202957106781187,0.0029292893218813));
#1785=CARTESIAN_POINT('',(0.0047,-0.023125,0.028));
#1786=CARTESIAN_POINT('',(0.0047,-0.0093125,0.0136));
#1787=CARTESIAN_POINT('',(0.0047,0.0282664213562373,0.0136));
#1788=CARTESIAN_POINT('',(0.0047,0.015375,0.0136));
#1789=CARTESIAN_POINT('',(0.0047,0.0282664213562373,0.0861819774500661));
#1790=CARTESIAN_POINT('',(0.0047,0.0282664213562372,0.0109927869066909));
#1791=CARTESIAN_POINT('',(0.0047,0.0282664213562373,0.0109927869066909));
#1792=CARTESIAN_POINT('',(0.0047,0.015375,0.0068592650289395));
#1793=CARTESIAN_POINT('',(0.0047,0.015375,0.0490544532106631));
#1794=CARTESIAN_POINT('',(0.0047,-0.023125,0.028));
#1795=CARTESIAN_POINT('',(0.0047,-0.028682255909809,0.0111261206312831));
#1796=CARTESIAN_POINT('',(0.00470042453490644,-0.0137506775446408,0.00634213343639637));
#1797=CARTESIAN_POINT('',(0.0047,-0.0282664213562373,0.0109927869066909));
#1798=CARTESIAN_POINT('',(0.0047,-0.0282664213562373,0.028));
#1799=CARTESIAN_POINT('',(0.0047,-0.0247870093791411,0.0111396841964537));
#1800=CARTESIAN_POINT('',(0.0047,-0.0282664213562373,0.0136));
#1801=CARTESIAN_POINT('',(0.0047,-0.0123125,0.0136));
#1802=CARTESIAN_POINT('',(0.0047,-0.0147670025202798,0.0136));
#1803=CARTESIAN_POINT('',(0.0047,-0.0147670025202798,0.0105));
#1804=CARTESIAN_POINT('',(0.0047,-0.0147670025202798,0.0068681054344547));
#1805=CARTESIAN_POINT('',(0.0047,-0.0147670025202798,0.0068681054344547));
#1806=CARTESIAN_POINT('',(0.0047,-0.0144275791795646,0.00669475701065907));
#1807=CARTESIAN_POINT('',(0.0047,-0.0140881558388493,0.00652140858686343));
#1808=CARTESIAN_POINT('',(0.0047,-0.0137487324981341,0.0063480601630678));
#1809=CARTESIAN_POINT('',(0.0096,0.00809384166972601,-0.0045623166605481));
#1810=CARTESIAN_POINT('',(0.00629399211562136,-0.0121276314385088,0.00959198142216418));
#1811=CARTESIAN_POINT('',(0.00529068433688378,-0.0125376680549975,0.00877162166842398));
#1812=CARTESIAN_POINT('',(0.00469730261678672,-0.0131412864447115,0.00756409836823329));
#1813=CARTESIAN_POINT('',(0.00470000971701259,-0.0137490763201016,0.00634823209669051));
#1814=CARTESIAN_POINT('',(0.00629399217185192,-0.0121276315497474,0.00959198144785848));
#1815=CARTESIAN_POINT('',(0.00629399211562142,-0.0132042651520235,0.0101302982789216));
#1816=CARTESIAN_POINT('',(0.00580778888380165,-0.0136809349871409,0.00987173469919036));
#1817=CARTESIAN_POINT('',(0.00497844826832109,-0.0144940140219258,0.0090089096046715));
#1818=CARTESIAN_POINT('',(0.00470000000000001,-0.0147670025202798,0.00760458360446311));
#1819=CARTESIAN_POINT('',(0.00470000000000001,-0.0147670025202798,0.00686810543445469));
#1820=CARTESIAN_POINT('',(0.00629399211562139,-0.0132042651520235,0.0101302982789216));
#1821=CARTESIAN_POINT('',(0.00629399211562138,-0.012127631432401,0.0095919814191103));
#1822=CARTESIAN_POINT('',(0.00645718543217108,-0.0132442717044258,0.00525));
#1823=CARTESIAN_POINT('',(0.00631437086434217,-0.013184285986611,0.00525));
#1824=CARTESIAN_POINT('',(0.00631437086434218,-0.013184285986611,0.0101097063612952));
#1825=CARTESIAN_POINT('',(0.00631437086434216,-0.013184285986611,0.0136));
#1826=CARTESIAN_POINT('',(0.00631437086434217,-0.013184285986611,0.0136));
#1827=CARTESIAN_POINT('',(0.00631437086434218,-0.013184285986611,0.0101097063612952));
#1828=CARTESIAN_POINT('',(0.00644699605781068,0.0096794252871675,-0.001391149425665));
#1829=CARTESIAN_POINT('',(0.00660000000000001,-0.0121913133897824,0.00946461742781884));
#1830=CARTESIAN_POINT('',(0.0064979973718738,-0.0121700860706553,0.00950707209158267));
#1831=CARTESIAN_POINT('',(0.00639599474374759,-0.0121488587515281,0.00954952675534649));
#1832=CARTESIAN_POINT('',(0.00629399211562138,-0.012127631432401,0.00959198141911032));
#1833=CARTESIAN_POINT('',(0.00629399211562136,-0.0132042651520235,0.0101302982789216));
#1834=CARTESIAN_POINT('',(0.0378664719395279,0.0233887602568471,0.0612513514653326));
#1835=CARTESIAN_POINT('',(0.00626927466413732,-0.00156724469890864,0.00446521303994865));
#1836=CARTESIAN_POINT('',(0.0062828022253943,-0.00510506999550887,0.0061373863784408));
#1837=CARTESIAN_POINT('',(0.00629697331671274,-0.00862640287617424,0.00784441730313144));
#1838=CARTESIAN_POINT('',(0.00629226698663674,-0.0121283337043853,0.0095905686171124));
#1839=CARTESIAN_POINT('',(0.00626935960806925,-0.00156722378817235,0.00446525659371545));
#1840=CARTESIAN_POINT('',(0.00660117036035504,-0.00184192870042879,0.00440595650458146));
#1841=CARTESIAN_POINT('',(0.00649035603486462,-0.00175053593022768,0.00442535413626155));
#1842=CARTESIAN_POINT('',(0.00637973921204851,-0.00165897737204295,0.00444509893929705));
#1843=CARTESIAN_POINT('',(0.00626932211615867,-0.00156725427778169,0.0044651902361223));
#1844=CARTESIAN_POINT('',(0.0064,0.015575,0.0245272266053316));
#1845=CARTESIAN_POINT('',(0.0066,0.015775,0.014));
#1846=CARTESIAN_POINT('',(0.0062,0.015375,0.0136));
#1847=CARTESIAN_POINT('',(0.0062,0.015375,0.0245272266053316));
#1848=CARTESIAN_POINT('',(0.0062,0.015375,0.0060846378169795));
#1849=CARTESIAN_POINT('',(0.0062,0.015375,0.0060846378169795));
#1850=CARTESIAN_POINT('',(0.00622935145108839,0.0154043514510884,0.0060815418848746));
#1851=CARTESIAN_POINT('',(0.0066,0.015775,0.0056223874184882));
#1852=CARTESIAN_POINT('',(0.0222848501172606,0.00549899422663331,-0.00393608199431269));
#1853=CARTESIAN_POINT('',(0.00622935145108838,0.0154043514510884,0.0060815418848746));
#1854=CARTESIAN_POINT('',(0.00622935145108839,0.00579379269763571,0.003));
#1855=CARTESIAN_POINT('',(0.00558168393072798,0.015375,0.0063481142114869));
#1856=CARTESIAN_POINT('',(0.00558168393072798,0.015375,0.00634811421148695));
#1857=CARTESIAN_POINT('',(0.00558168393072797,0.0161302239844534,0.0065902701984861));
#1858=CARTESIAN_POINT('',(0.00558168393072797,0.00493306880292506,0.003));
#1859=CARTESIAN_POINT('',(0.00622935145108838,0.00579379269763571,0.003));
#1860=CARTESIAN_POINT('',(0.00641467572554419,-0.0115773545406472,-0.0028589067763559));
#1861=CARTESIAN_POINT('',(0.00622935145108839,0.00579379269763571,0.003));
#1862=CARTESIAN_POINT('',(0.00746462383944742,-0.00467676426217095,0.00194892763178945));
#1863=CARTESIAN_POINT('',(0.00659970701715686,-0.000762518407054696,0.003));
#1864=CARTESIAN_POINT('',(0.00646962060530418,-0.000645328820471169,0.003));
#1865=CARTESIAN_POINT('',(0.00633952506134761,-0.000528149371700555,0.003));
#1866=CARTESIAN_POINT('',(0.00620942259859663,-0.000410977604998746,0.003));
#1867=CARTESIAN_POINT('',(0.00620942424808989,-0.000410938851738204,0.003));
#1868=CARTESIAN_POINT('',(0.00620937566080568,-0.000410929620833444,0.00299998897244255));
#1869=CARTESIAN_POINT('',(0.00621288442540778,-0.000671900988319871,0.00349776706721145));
#1870=CARTESIAN_POINT('',(0.0062161478769229,-0.000998185333902357,0.00394773878891654));
#1871=CARTESIAN_POINT('',(0.00622132708397921,-0.00139581171500689,0.0043454717212519));
#1872=CARTESIAN_POINT('',(0.00622166071208373,-0.00139576585818114,0.00434551322570325));
#1873=CARTESIAN_POINT('',(0.00622143355903269,-0.00139588599732699,0.0043454390175091));
#1874=CARTESIAN_POINT('',(0.00623817420013619,-0.00145247851318681,0.00438581580943344));
#1875=CARTESIAN_POINT('',(0.00625418406406506,-0.00150957131172496,0.00442577000593798));
#1876=CARTESIAN_POINT('',(0.00626939935864953,-0.0015671905337352,0.0044652897740217));
#1877=CARTESIAN_POINT('',(0.0102200688709698,-0.004725,0.0021510595032216));
#1878=CARTESIAN_POINT('',(0.00524013767310002,-0.000691081069553703,0.003));
#1879=CARTESIAN_POINT('',(0.00555200240978417,-0.000590551965383944,0.003));
#1880=CARTESIAN_POINT('',(0.00587596096289886,-0.000496917104858894,0.003));
#1881=CARTESIAN_POINT('',(0.00620948613332833,-0.000410906933085497,0.003));
#1882=CARTESIAN_POINT('',(0.00524013767310002,-0.000691081069553696,0.003));
#1883=CARTESIAN_POINT('',(0.00523984626842607,-0.000691339576184596,0.0030002502302027));
#1884=CARTESIAN_POINT('',(0.00553381964104841,-0.000911665758922229,0.00347934393216166));
#1885=CARTESIAN_POINT('',(0.00585476686626812,-0.00115773033342497,0.00392914930151549));
#1886=CARTESIAN_POINT('',(0.00622165094885815,-0.00139572556787164,0.00434554485638125));
#1887=CARTESIAN_POINT('',(0.00468327835375958,-0.00110465857894364,0.00224464486236128));
#1888=CARTESIAN_POINT('',(0.00468509962696709,-0.00110275440090798,0.00224771618670317));
#1889=CARTESIAN_POINT('',(0.00468692323702321,-0.00110084890053964,0.00225079159547596));
#1890=CARTESIAN_POINT('',(0.00483228236177303,-0.00094873785064962,0.00249590431555626));
#1891=CARTESIAN_POINT('',(0.00508532180782897,-0.00072979981935668,0.00283333872688817));
#1892=CARTESIAN_POINT('',(0.00560970480125988,-0.000385758049605725,0.00334077856398162));
#1893=CARTESIAN_POINT('',(0.00597609589271873,-0.000198880483785246,0.00359810915268929));
#1894=CARTESIAN_POINT('',(0.0062373589222492,-8.58199084956071E-5,0.00374604704740389));
#1895=CARTESIAN_POINT('',(0.00468332503285498,-0.00112487602407877,0.00225119630935082));
#1896=CARTESIAN_POINT('',(0.00468514539561119,-0.00112296970932706,0.00225427380741162));
#1897=CARTESIAN_POINT('',(0.00468696809413939,-0.00112106206946815,0.00225735539678014));
#1898=CARTESIAN_POINT('',(0.00483225454433535,-0.000968780489936774,0.00250296098037631));
#1899=CARTESIAN_POINT('',(0.00508532643081903,-0.000749587004718284,0.00284111835760971));
#1900=CARTESIAN_POINT('',(0.00561008909219563,-0.000405155501237586,0.00334967990887745));
#1901=CARTESIAN_POINT('',(0.00597688619676423,-0.000218089614425232,0.00360758426778832));
#1902=CARTESIAN_POINT('',(0.00623847016229926,-0.000104935551297069,0.00375584008158789));
#1903=CARTESIAN_POINT('',(0.00468337171195039,-0.0011450934692139,0.00225774775634036));
#1904=CARTESIAN_POINT('',(0.0046851911642553,-0.00114318501774614,0.00226083142812006));
#1905=CARTESIAN_POINT('',(0.00468701295125558,-0.00114127523839666,0.00226391919808434));
#1906=CARTESIAN_POINT('',(0.00483222672689768,-0.000988823129223924,0.00251001764519635));
#1907=CARTESIAN_POINT('',(0.0050853310538091,-0.000769374190079888,0.00284889798833124));
#1908=CARTESIAN_POINT('',(0.00561047338313138,-0.000424552952869448,0.00335858125377327));
#1909=CARTESIAN_POINT('',(0.00597767650080973,-0.000237298745065221,0.00361705938288736));
#1910=CARTESIAN_POINT('',(0.00623958140234933,-0.000124051194098532,0.00376563311577189));
#1911=CARTESIAN_POINT('',(0.0046834183910458,-0.00116531091434904,0.0022642992033299));
#1912=CARTESIAN_POINT('',(0.0046852369328994,-0.00116340032616525,0.0022673890488285));
#1913=CARTESIAN_POINT('',(0.00468705780837176,-0.00116148840732514,0.00227048299938855));
#1914=CARTESIAN_POINT('',(0.00483219890946,-0.00100886576851109,0.0025170743100164));
#1915=CARTESIAN_POINT('',(0.00508533567679916,-0.000789161375441494,0.0028566776190528));
#1916=CARTESIAN_POINT('',(0.00561085767406713,-0.000443950404501292,0.0033674825986691));
#1917=CARTESIAN_POINT('',(0.00597846680485523,-0.000256507875705192,0.0036265344979864));
#1918=CARTESIAN_POINT('',(0.0062406926423994,-0.000143166836899994,0.0037754261499559));
#1919=CARTESIAN_POINT('',(0.00468728940841757,-0.00284190898573105,0.0028075994726764));
#1920=CARTESIAN_POINT('',(0.00468903244810519,-0.00283982120334774,0.00281120129410255));
#1921=CARTESIAN_POINT('',(0.00469077773212943,-0.0028377318602214,0.00281480779087345));
#1922=CARTESIAN_POINT('',(0.00482989205703403,-0.0026709674905462,0.0031022714280792));
#1923=CARTESIAN_POINT('',(0.00508571905344117,-0.00243007874129059,0.003501829060129));
#1924=CARTESIAN_POINT('',(0.00564272626267571,-0.00205254782016469,0.0041056558735465));
#1925=CARTESIAN_POINT('',(0.00604400536472915,-0.0018494881543039,0.0044122895523456));
#1926=CARTESIAN_POINT('',(0.0063328458750325,-0.00172839432929269,0.004587545689103));
#1927=CARTESIAN_POINT('',(0.0046906911360793,-0.00478441682130979,0.00343664640721395));
#1928=CARTESIAN_POINT('',(0.00469223923260278,-0.00478214586025435,0.0034407701625187));
#1929=CARTESIAN_POINT('',(0.00469378941007292,-0.00477987310986645,0.0034448992203078));
#1930=CARTESIAN_POINT('',(0.0048173347210403,-0.0045984881883706,0.0037740246020643));
#1931=CARTESIAN_POINT('',(0.00506422794234242,-0.00433477676210169,0.0042372398460204));
#1932=CARTESIAN_POINT('',(0.00564018552364941,-0.0039216943284008,0.0049423773988876));
#1933=CARTESIAN_POINT('',(0.00607165233243331,-0.0037014079195659,0.005301333024481));
#1934=CARTESIAN_POINT('',(0.00638579146260246,-0.00357200926889789,0.0055051356243537));
#1935=CARTESIAN_POINT('',(0.00469629240251443,-0.00904385323791875,0.00481544623046475));
#1936=CARTESIAN_POINT('',(0.00469722219574335,-0.00904123392248174,0.00482053542220335));
#1937=CARTESIAN_POINT('',(0.00469815355708152,-0.00903861221720404,0.0048256311501095));
#1938=CARTESIAN_POINT('',(0.00477231780007441,-0.0088294429799151,0.0052318108542524));
#1939=CARTESIAN_POINT('',(0.00497594360927738,-0.00851943206586999,0.0058212231291168));
#1940=CARTESIAN_POINT('',(0.00556019581187168,-0.0080309924865296,0.0067381627847239));
#1941=CARTESIAN_POINT('',(0.00604327328472516,-0.0077737578474966,0.0072096280458695));
#1942=CARTESIAN_POINT('',(0.00640447993778123,-0.0076271365660676,0.0074739462645772));
#1943=CARTESIAN_POINT('',(0.004698483646201,-0.0113622651751079,0.00556567864217715));
#1944=CARTESIAN_POINT('',(0.00469898910315164,-0.0113594815698325,0.00557121010030675));
#1945=CARTESIAN_POINT('',(0.00469949576746911,-0.0113566953209424,0.0055767487483733));
#1946=CARTESIAN_POINT('',(0.00473977129871753,-0.0111344188723203,0.0060182164487885));
#1947=CARTESIAN_POINT('',(0.00490888957820853,-0.0108009242135645,0.0066700907887166));
#1948=CARTESIAN_POINT('',(0.00548227635840193,-0.0102726658602484,0.0076975696824341));
#1949=CARTESIAN_POINT('',(0.00598673202972054,-0.0099956315458156,0.0082292627283995));
#1950=CARTESIAN_POINT('',(0.00636969755863346,-0.0098400646619135,0.0085255698528319));
#1951=CARTESIAN_POINT('',(0.00469999998138742,-0.0137538275326637,0.00633945282117155));
#1952=CARTESIAN_POINT('',(0.00469999999386458,-0.0137509037089577,0.00634534594973425));
#1953=CARTESIAN_POINT('',(0.00470000076362871,-0.0137479772182994,0.00635124706203615));
#1954=CARTESIAN_POINT('',(0.00469991249254466,-0.0135144908047096,0.0068215412689918));
#1955=CARTESIAN_POINT('',(0.00482309509896291,-0.0131586514997383,0.0075305996655604));
#1956=CARTESIAN_POINT('',(0.00537043407311354,-0.0125899724063856,0.0086684379058684));
#1957=CARTESIAN_POINT('',(0.00589135624040432,-0.012292228561146,0.0092627871175789));
#1958=CARTESIAN_POINT('',(0.00629399211631587,-0.0121276314236346,0.0095919814154369));
#1959=CARTESIAN_POINT('',(0.0047,-0.028682255909809,0.0111261206312831));
#1960=CARTESIAN_POINT('',(0.0047,-0.0121841378360809,0.00583614289221196));
#1961=CARTESIAN_POINT('',(0.00469283836601717,-0.0033967218081426,0.003));
#1962=CARTESIAN_POINT('',(0.00471634779979916,-0.00320171171299527,0.003));
#1963=CARTESIAN_POINT('',(0.00475576044516968,-0.00291182517548848,0.003));
#1964=CARTESIAN_POINT('',(0.00480658956181027,-0.00259093637083528,0.003));
#1965=CARTESIAN_POINT('',(0.00483977659182142,-0.00239798955937214,0.003));
#1966=CARTESIAN_POINT('',(0.0048591566730182,-0.00228844086440447,0.003));
#1967=CARTESIAN_POINT('',(0.00490404016020534,-0.00205061234046907,0.003));
#1968=CARTESIAN_POINT('',(0.00495841897645316,-0.00178454817353996,0.003));
#1969=CARTESIAN_POINT('',(0.00506456091611971,-0.00131041574885024,0.003));
#1970=CARTESIAN_POINT('',(0.00516646680873053,-0.000933826646871416,0.003));
#1971=CARTESIAN_POINT('',(0.00524013767310002,-0.000691081069553699,0.003));
#1972=CARTESIAN_POINT('',(0.00469644828609882,-0.00343160828203622,0.00301040655595596));
#1973=CARTESIAN_POINT('',(0.00469999999885331,-0.0121841366903546,0.00583614252187713));
#1974=CARTESIAN_POINT('',(0.00469720861993621,-0.00939510440193861,0.00493463945046674));
#1975=CARTESIAN_POINT('',(0.00469504521773086,-0.00617329616794154,0.00389599576938656));
#1976=CARTESIAN_POINT('',(0.00469286690138155,-0.00343259551972349,0.00301157644336253));
#1977=CARTESIAN_POINT('',(4.01757368546827E-18,0.015575,0.0138));
#1978=CARTESIAN_POINT('',(0.0047,0.015375,0.0136));
#1979=CARTESIAN_POINT('',(3.95974956960238E-18,0.015375,0.0136));
#1980=CARTESIAN_POINT('',(0.0049,-0.0093125,0.0138));
#1981=CARTESIAN_POINT('',(0.0047,0.0282664213562373,0.0136));
#1982=CARTESIAN_POINT('',(0.00694285322096461,-0.0128482102853838,0.0138));
#1983=CARTESIAN_POINT('',(0.00631437086434217,-0.013184285986611,0.0136));
#1984=CARTESIAN_POINT('',(0.0047,-0.0147670025202798,0.0136));
#1985=CARTESIAN_POINT('',(0.00467000714109261,-0.0147964072839145,0.0105));
#1986=CARTESIAN_POINT('',(-5.65710298352143E-19,0.024875,0.003));
#1987=CARTESIAN_POINT('',(0.00558168393072798,0.0049330688029251,0.003));
#1988=CARTESIAN_POINT('',(0.00534528216589691,0.00461890043513567,0.003));
#1989=CARTESIAN_POINT('',(0.00491487257187002,0.00462515363266507,0.003));
#1990=CARTESIAN_POINT('',(0.00447579616633738,0.00560533737754723,0.003));
#1991=CARTESIAN_POINT('',(0.00432702922353452,0.00634932417246624,0.003));
#1992=CARTESIAN_POINT('',(0.00427906677065911,0.0067364496849606,0.003));
#1993=CARTESIAN_POINT('',(0.00427906677065912,0.0067364496849605,0.003));
#1994=CARTESIAN_POINT('',(0.00427906677065911,0.0067364496849606,0.003));
#1995=CARTESIAN_POINT('',(0.00259039771404076,0.0203664213562374,0.003));
#1996=CARTESIAN_POINT('',(0.023901,0.0203664213562374,0.003));
#1997=CARTESIAN_POINT('',(-0.00259039771404076,0.0203664213562374,0.003));
#1998=CARTESIAN_POINT('',(-0.0047,0.00333891719099491,0.003));
#1999=CARTESIAN_POINT('',(-0.0047,0.00333891719099491,0.003));
#2000=CARTESIAN_POINT('',(-0.0047,-0.020125,0.003));
#2001=CARTESIAN_POINT('',(-0.0047,-0.00333891719099491,0.003));
#2002=CARTESIAN_POINT('',(-0.0047,-0.0033389171909949,0.003));
#2003=CARTESIAN_POINT('',(0.00469283836601927,-0.00339672180814094,0.0030000000000051));
#2004=CARTESIAN_POINT('',(-1.55497998270344E-18,-0.006725,0.003));
#2005=CARTESIAN_POINT('',(-0.0029,-0.006725,0.003));
#2006=CARTESIAN_POINT('',(0.00520568814293816,0.0164131489282597,0.00570789802999));
#2007=CARTESIAN_POINT('',(0.00427906677065911,0.015375,0.0057698758525176));
#2008=CARTESIAN_POINT('',(0.00437499167640992,0.015375,0.00601813269419738));
#2009=CARTESIAN_POINT('',(0.0047725371953486,0.015375,0.00645111857370838));
#2010=CARTESIAN_POINT('',(0.00534528216589692,0.015375,0.00644884955987632));
#2011=CARTESIAN_POINT('',(0.00558168393072798,0.015375,0.00634811421148691));
#2012=CARTESIAN_POINT('',(0.00427906677065911,0.015375,0.00576987585251765));
#2013=CARTESIAN_POINT('',(0.00427906677065912,0.0162983462803667,0.00606593878810625));
#2014=CARTESIAN_POINT('',(2.18093520527779E-18,0.015375,0.0490544532106631));
#2015=CARTESIAN_POINT('',(0.0047,0.015375,0.0068592650289395));
#2016=CARTESIAN_POINT('',(0.00934338203435591,0.023905882034356,0.0138));
#2017=CARTESIAN_POINT('',(0.00280710678118655,0.030725,0.014));
#2018=CARTESIAN_POINT('',(0.00264142135623731,0.030325,0.0136));
#2019=CARTESIAN_POINT('',(0.00264142135623731,0.030325,0.0136));
#2020=CARTESIAN_POINT('',(0.010343382034356,-0.0229058820343559,0.0138));
#2021=CARTESIAN_POINT('',(0.0051,-0.0284321067811866,0.014));
#2022=CARTESIAN_POINT('',(0.0036,0.029225,0.0005));
#2023=CARTESIAN_POINT('',(0.0036,0.031725,0.0005));
#2024=CARTESIAN_POINT('',(0.0036,0.032225,0.001));
#2025=CARTESIAN_POINT('',(0.0036,0.029225,0.001));
#2026=CARTESIAN_POINT('',(0.0036,0.029225,0.));
#2027=CARTESIAN_POINT('',(0.0036,0.032225,0.));
#2028=CARTESIAN_POINT('',(0.0049,-0.0123125,0.0138));
#2029=CARTESIAN_POINT('',(-0.0036,0.029225,0.));
#2030=CARTESIAN_POINT('',(-0.0036,0.029225,0.001));
#2031=CARTESIAN_POINT('',(-0.0036,0.032225,0.001));
#2032=CARTESIAN_POINT('',(-0.0036,0.032225,0.));
#2033=CARTESIAN_POINT('',(-0.0103433820343559,0.0229058820343561,0.0138));
#2034=CARTESIAN_POINT('',(-0.0051,0.0284321067811866,0.014));
#2035=CARTESIAN_POINT('',(-0.0047,0.0282664213562374,0.0136));
#2036=CARTESIAN_POINT('',(-0.0047,0.0282664213562374,0.0136));
#2037=CARTESIAN_POINT('',(-0.00264142135623731,0.030325,0.0136));
#2038=CARTESIAN_POINT('',(-0.00264142135623731,0.030325,0.0136));
#2039=CARTESIAN_POINT('',(-0.0036,0.029225,0.0005));
#2040=CARTESIAN_POINT('',(-0.0036,0.031725,0.0005));
#2041=CARTESIAN_POINT('',(0.023901,0.0202957106781187,0.0029292893218813));
#2042=CARTESIAN_POINT('',(-0.00259039771404076,0.0203664213562373,0.003));
#2043=CARTESIAN_POINT('',(-0.00467160214973523,0.0282948192065021,0.0109283978502646));
#2044=CARTESIAN_POINT('',(0.00259039771404076,0.0203664213562374,0.003));
#2045=CARTESIAN_POINT('',(0.00467160214973522,0.0282948192065021,0.0109283978502646));
#2046=CARTESIAN_POINT('',(0.00264142135623731,0.030325,0.0129585786437626));
#2047=CARTESIAN_POINT('',(0.00264142135623731,0.030325,0.0129585786437626));
#2048=CARTESIAN_POINT('',(0.023901,0.030325,0.0129585786437626));
#2049=CARTESIAN_POINT('',(-0.00264142135623731,0.030325,0.0129585786437626));
#2050=CARTESIAN_POINT('',(-0.00467160214973524,0.0282948192065021,0.0109283978502647));
#2051=CARTESIAN_POINT('',(3.80318870421318E-17,0.024875,0.00750857864376264));
#2052=CARTESIAN_POINT('',(0.0024,0.024875,0.00750857864376272));
#2053=CARTESIAN_POINT('',(-0.0024,0.024875,0.00750857864376268));
#2054=CARTESIAN_POINT('',(-0.0024,0.0227654213562375,0.00539900000000008));
#2055=CARTESIAN_POINT('',(-0.0024,0.0287664213562374,0.0114));
#2056=CARTESIAN_POINT('',(-0.00580066666666661,0.0253657546895707,0.00799933333333334));
#2057=CARTESIAN_POINT('',(-0.0018,0.0293664213562374,0.012));
#2058=CARTESIAN_POINT('',(-5.65710298352143E-19,0.0293664213562374,0.012));
#2059=CARTESIAN_POINT('',(0.0018,0.0293664213562374,0.012));
#2060=CARTESIAN_POINT('',(0.0064006666666666,0.0247657546895707,0.00739933333333333));
#2061=CARTESIAN_POINT('',(0.0024,0.0287664213562374,0.0114));
#2062=CARTESIAN_POINT('',(0.0024,0.018874,0.0015075786437628));
#2063=CARTESIAN_POINT('',(-1.55497998270344E-18,-0.006725,0.0068));
#2064=CARTESIAN_POINT('',(-1.55497998270344E-18,-0.006725,0.0071));
#2065=CARTESIAN_POINT('',(-0.0023,-0.006725,0.0071));
#2066=CARTESIAN_POINT('',(-1.55497998270344E-18,-0.006725,0.0065));
#2067=CARTESIAN_POINT('',(-0.0029,-0.006725,0.0065));
#2068=CARTESIAN_POINT('',(-5.65710298352206E-19,0.023203,0.0071));
#2069=CARTESIAN_POINT('',(-1.55497998270344E-18,-0.006725,0.004));
#2070=CARTESIAN_POINT('',(-5.65710298352143E-19,0.030325,0.0861819774500661));
#2071=CARTESIAN_POINT('',(4.70784906861735E-18,0.030325,0.0136));
#2072=CARTESIAN_POINT('',(-0.00264142135623731,0.030325,0.028));
#2073=CARTESIAN_POINT('',(0.00264142135623731,0.030325,0.0861819774500661));
#2074=CARTESIAN_POINT('',(0.00267071067811866,0.0302957106781187,0.0861819774500661));
#2075=CARTESIAN_POINT('',(0.0047,0.0282664213562373,0.0109927869066909));
#2076=CARTESIAN_POINT('',(0.0066,0.032225,0.));
#2077=CARTESIAN_POINT('',(0.0033,0.032225,0.001));
#2078=CARTESIAN_POINT('',(4.70784906861735E-18,0.030525,0.0138));
#2079=CARTESIAN_POINT('',(-0.00467071067811865,0.0282957106781187,0.028));
#2080=CARTESIAN_POINT('',(-0.0047,0.0282664213562374,0.028));
#2081=CARTESIAN_POINT('',(-0.0047,0.0282664213562374,0.0109927869066909));
#2082=CARTESIAN_POINT('',(-0.0047,0.0282664213562374,0.0109927869066909));
#2083=CARTESIAN_POINT('',(0.0033,0.031725,0.0005));
#2084=CARTESIAN_POINT('',(-0.00837993399832545,0.0259132219112969,0.0197620454141426));
#2085=CARTESIAN_POINT('',(-0.0047,0.0282664213562374,0.0109927869066909));
#2086=CARTESIAN_POINT('',(0.00837993399832545,0.0259132219112969,0.0197620454141426));
#2087=CARTESIAN_POINT('',(0.00837993399832545,-0.025913221911297,0.0197620454141426));
#2088=CARTESIAN_POINT('',(0.00812626064058049,-0.0282664213562373,0.0198600632281474));
#2089=CARTESIAN_POINT('',(-0.00837993399832545,-0.025913221911297,0.0197620454141426));
#2090=CARTESIAN_POINT('',(-0.00812626064058049,-0.0282664213562373,0.0198600632281474));
#2091=CARTESIAN_POINT('',(-0.0047,-0.0282664213562373,0.0109927869066909));
#2092=CARTESIAN_POINT('',(-0.0047,-0.0282664213562373,0.0109927869066909));
#2093=CARTESIAN_POINT('',(-5.65710298352143E-19,0.024875,0.0171));
#2094=CARTESIAN_POINT('',(0.0021,0.024875,0.0171));
#2095=CARTESIAN_POINT('',(0.0024,0.024875,0.0168));
#2096=CARTESIAN_POINT('',(0.0018,0.024875,0.0174));
#2097=CARTESIAN_POINT('',(-5.65710298352143E-19,0.024875,0.0174));
#2098=CARTESIAN_POINT('',(-0.0018,0.024875,0.0174));
#2099=CARTESIAN_POINT('',(-0.0021,0.024875,0.0171));
#2100=CARTESIAN_POINT('',(-0.0024,0.024875,0.0168));
#2101=CARTESIAN_POINT('',(-5.65710298352143E-19,0.024875,0.0168));
#2102=CARTESIAN_POINT('',(0.0021,0.02755,0.0171));
#2103=CARTESIAN_POINT('',(0.0024,0.0287664213562374,0.0168));
#2104=CARTESIAN_POINT('',(0.0024,0.0287664213562374,0.0168));
#2105=CARTESIAN_POINT('',(0.0018,0.0293664213562374,0.0174));
#2106=CARTESIAN_POINT('',(0.0018,0.02755,0.0174));
#2107=CARTESIAN_POINT('',(0.0024,0.02755,0.0168));
#2108=CARTESIAN_POINT('',(-5.65710298352143E-19,0.024875,0.0174));
#2109=CARTESIAN_POINT('',(-5.65710298352143E-19,0.0293664213562374,0.0174));
#2110=CARTESIAN_POINT('',(-0.0018,0.0293664213562374,0.0174));
#2111=CARTESIAN_POINT('',(-0.0018,0.02755,0.0174));
#2112=CARTESIAN_POINT('',(-0.0021,0.02755,0.0171));
#2113=CARTESIAN_POINT('',(-0.0018,0.0293664213562374,0.0174));
#2114=CARTESIAN_POINT('',(-0.0024,0.0287664213562374,0.0168));
#2115=CARTESIAN_POINT('',(-0.0024,0.02755,0.0168));
#2116=CARTESIAN_POINT('',(-0.0024,0.030225,0.008399));
#2117=CARTESIAN_POINT('',(-0.0024,0.0287664213562374,-0.000602000000000009));
#2118=CARTESIAN_POINT('',(-0.0024,0.024875,-0.00449342135623726));
#2119=CARTESIAN_POINT('',(-0.0024,0.024875,0.0129085786437627));
#2120=CARTESIAN_POINT('',(-0.0024,0.024875,0.008399));
#2121=CARTESIAN_POINT('',(-5.65710298352143E-19,0.024875,0.008399));
#2122=CARTESIAN_POINT('',(0.0024,0.024875,-0.00449342135623726));
#2123=CARTESIAN_POINT('',(0.0024,0.024875,0.0129085786437627));
#2124=CARTESIAN_POINT('',(0.0024,0.024875,0.008399));
#2125=CARTESIAN_POINT('',(0.0024,0.030225,0.008399));
#2126=CARTESIAN_POINT('',(0.0024,0.0287664213562374,-0.000602000000000009));
#2127=CARTESIAN_POINT('',(0.0024,0.0287664213562374,-0.000602000000000009));
#2128=CARTESIAN_POINT('',(0.0018,0.0293664213562375,-2.00000000000894E-6));
#2129=CARTESIAN_POINT('',(-5.65710298352143E-19,0.0293664213562375,-2.00000000000894E-6));
#2130=CARTESIAN_POINT('',(-0.0018,0.0293664213562375,-2.00000000000894E-6));
#2131=CARTESIAN_POINT('',(-0.0018,0.0293664213562375,-2.00000000000894E-6));
#2132=CARTESIAN_POINT('',(-0.0047,-0.0282664213562373,0.0122963934533454));
#2133=CARTESIAN_POINT('',(-0.0047,-0.0282664213562373,0.028));
#2134=CARTESIAN_POINT('',(-0.0047,-0.0282664213562373,0.0122963934533454));
#2135=CARTESIAN_POINT('',(-0.00934338203435602,-0.0239058820343559,0.0138));
#2136=CARTESIAN_POINT('',(-0.0047,-0.0254536760458079,0.0116110887172447));
#2137=CARTESIAN_POINT('',(-0.0047,-0.0282664213562373,0.0136));
#2138=CARTESIAN_POINT('',(-0.0047,-0.0282664213562373,0.0136));
#2139=CARTESIAN_POINT('',(-0.0049,-0.0093125,0.0138));
#2140=CARTESIAN_POINT('',(-0.0047,-0.0093125,0.0136));
#2141=CARTESIAN_POINT('',(-0.0047,-0.020125,0.028));
#2142=MECHANICAL_DESIGN_GEOMETRIC_PRESENTATION_REPRESENTATION('',(#1243),
#2143);
#2143=(
GEOMETRIC_REPRESENTATION_CONTEXT(3)
GLOBAL_UNCERTAINTY_ASSIGNED_CONTEXT((#2144))
GLOBAL_UNIT_ASSIGNED_CONTEXT((#2147,#2146,#2145))
REPRESENTATION_CONTEXT('magnet_jig_top_1x','TOP_LEVEL_ASSEMBLY_PART')
);
#2144=UNCERTAINTY_MEASURE_WITH_UNIT(LENGTH_MEASURE(0.000114288361862466),
#2147,'DISTANCE_ACCURACY_VALUE','Maximum Tolerance applied to model');
#2145=(
NAMED_UNIT(*)
SI_UNIT($,.STERADIAN.)
SOLID_ANGLE_UNIT()
);
#2146=(
NAMED_UNIT(*)
PLANE_ANGLE_UNIT()
SI_UNIT($,.RADIAN.)
);
#2147=(
LENGTH_UNIT()
NAMED_UNIT(*)
SI_UNIT($,.METRE.)
);
#2148=PRODUCT_DEFINITION_SHAPE('','',#2149);
#2149=PRODUCT_DEFINITION('','',#2151,#2150);
#2150=PRODUCT_DEFINITION_CONTEXT('',#2157,'design');
#2151=PRODUCT_DEFINITION_FORMATION_WITH_SPECIFIED_SOURCE('','',#2153,
 .NOT_KNOWN.);
#2152=PRODUCT_RELATED_PRODUCT_CATEGORY('','',(#2153));
#2153=PRODUCT('magnet_jig_top_1x','magnet_jig_top_1x',
'magnet_jig_top_1x',(#2155));
#2154=PRODUCT_CATEGORY('','');
#2155=PRODUCT_CONTEXT('',#2157,'mechanical');
#2156=APPLICATION_PROTOCOL_DEFINITION('international standard',
'ap242_managed_model_based_3d_engineering',2020,#2157);
#2157=APPLICATION_CONTEXT('managed model based 3d engineering');
ENDSEC;
END-ISO-10303-21;
